Roll,Name,SGPA,Credits,Result,Remarks,Semester,Scheme,Examination,SourceFile
2416439,AAKANKSHA BAGHESHWAR PARMAR,,13,Re-Appear,,1,B.Tech. (Computer Science & Engineering),Nov-2024,1st semester part 2.pdf
2416440,AAKARSHAK KAUSHAL SANJAY KAUSHAL,,13,Re-Appear,,1,B.Tech. (Computer Science & Engineering),Nov-2024,1st semester part 2.pdf
2416441,AALOK CHAUHAN PRADEEP,7.53,17,Pass,,1,B.Tech. (Computer Science & Engineering),Nov-2024,1st semester part 2.pdf
2416442,AARUSHI ARUN BAKSHI,8.65,17,Pass,,1,B.Tech. (Computer Science & Engineering),Nov-2024,1st semester part 2.pdf
2416443,AARYAN KARAM SINGH,7.88,17,Pass,,1,B.Tech. (Computer Science & Engineering),Nov-2024,1st semester part 2.pdf
2416444,AARYAN RANA DINESH KUMAR,,13,Re-Appear,,1,B.Tech. (Computer Science & Engineering),Nov-2024,1st semester part 2.pdf
2416445,AAYUSH GARG DINESH KUMAR,,13,Re-Appear,,1,B.Tech. (Computer Science & Engineering),Nov-2024,1st semester part 2.pdf
2416446,AAYUSH KUMAR SAURABH KUMAR,8.0,17,Pass,,1,B.Tech. (Computer Science & Engineering),Nov-2024,1st semester part 2.pdf
2416447,ABHAY VASHISHT HIND BHUSHAN SHARMA,8.59,17,Pass,,1,B.Tech. (Computer Science & Engineering),Nov-2024,1st semester part 2.pdf
2416448,ABHAYDEEP SINGH KEWAL SINGH,,9,Re-Appear,,1,B.Tech. (Computer Science & Engineering),Nov-2024,1st semester part 2.pdf
2416449,ABHINABH RANA GAGAN KUMAR,,9,Re-Appear,,1,B.Tech. (Computer Science & Engineering),Nov-2024,1st semester part 2.pdf
2416450,ABHINAV RAWAT SURESH RAWAT,7.29,17,Pass,,1,B.Tech. (Computer Science & Engineering),Nov-2024,1st semester part 2.pdf
2416451,ABHISHEK BALWINDER SINGH,,13,Re-Appear,,1,B.Tech. (Computer Science & Engineering),Nov-2024,1st semester part 2.pdf
2416452,ABHISHEK KUMAR MADAN PRASAD,7.47,17,Pass,,1,B.Tech. (Computer Science & Engineering),Nov-2024,1st semester part 2.pdf
2416453,ABRAHAM DAVID RANJIT DAVID,7.06,17,Pass,,1,B.Tech. (Computer Science & Engineering),Nov-2024,1st semester part 2.pdf
2416454,ADITYA ANUP SINGH,,13,Re-Appear,,1,B.Tech. (Computer Science & Engineering),Nov-2024,1st semester part 2.pdf
2416455,ADITYA PUNIT KUMAR,,13,Re-Appear,,1,B.Tech. (Computer Science & Engineering),Nov-2024,1st semester part 2.pdf
2416456,ADITYA RAJESH,7.18,17,Pass,,1,B.Tech. (Computer Science & Engineering),Nov-2024,1st semester part 2.pdf
2416457,ADITYA KUMAR BHIKHU YADAV,,2,Re-Appear,,1,B.Tech. (Computer Science & Engineering),Nov-2024,1st semester part 2.pdf
2416458,ADITYA PUSHPAKAR ASHUTOSH KUMAR,,13,Re-Appear,,1,B.Tech. (Computer Science & Engineering),Nov-2024,1st semester part 2.pdf
2416459,ADITYA SHARMA SHASHI KUMAR,,5,Re-Appear,,1,B.Tech. (Computer Science & Engineering),Nov-2024,1st semester part 2.pdf
2416460,AKANKSHA CHAMAN LAL,7.29,17,Pass,,1,B.Tech. (Computer Science & Engineering),Nov-2024,1st semester part 2.pdf
2416462,AKSHAY KUMAR VINOD KUMAR GUPTA,,13,Re-Appear,,1,B.Tech. (Computer Science & Engineering),Nov-2024,1st semester part 2.pdf
2416463,AMANPREET SINGH MANJIT SINGH,7.18,17,Pass,,1,B.Tech. (Computer Science & Engineering),Nov-2024,1st semester part 2.pdf
2416464,AMARJEET KAUR RANJEET SINGH,7.53,17,Pass,,1,B.Tech. (Computer Science & Engineering),Nov-2024,1st semester part 2.pdf
2416465,AMARNATH KUMAR DINESH KUMAR RAY,,14,Re-Appear,,1,B.Tech. (Computer Science & Engineering),Nov-2024,1st semester part 2.pdf
2416466,AMIT TOMAR SHYAM SINGH,6.76,17,Pass,,1,B.Tech. (Computer Science & Engineering),Nov-2024,1st semester part 2.pdf
2416467,AMRITA BHARTI MAHENDRA PANDIT,8.12,17,Pass,,1,B.Tech. (Computer Science & Engineering),Nov-2024,1st semester part 2.pdf
2416468,AMRITA THAKUR DALIP THAKUR,,13,Re-Appear,,1,B.Tech. (Computer Science & Engineering),Nov-2024,1st semester part 2.pdf
2416469,ANANYA MAKKAR ASHISH KUMAR,8.82,17,Pass,,1,B.Tech. (Computer Science & Engineering),Nov-2024,1st semester part 2.pdf
2416470,ANCHAL RAI UMESH KUMAR RAI,8.18,17,Pass,,1,B.Tech. (Computer Science & Engineering),Nov-2024,1st semester part 2.pdf
2416471,ANGEL BANSAL ANIL KUMAR BANSAL,8.88,17,Pass,,1,B.Tech. (Computer Science & Engineering),Nov-2024,1st semester part 2.pdf
2416472,ANIKET PATHANIA PUSHPINDER SINGH,7.47,17,Pass,,1,B.Tech. (Computer Science & Engineering),Nov-2024,1st semester part 2.pdf
2416473,ANKITA ASHOK KUMAR,7.53,17,Pass,,1,B.Tech. (Computer Science & Engineering),Nov-2024,1st semester part 2.pdf
2416474,ANMOLPREET KAUR BALRAM SINGH,,13,Re-Appear,,1,B.Tech. (Computer Science & Engineering),Nov-2024,1st semester part 2.pdf
2416475,ANMOLPREET KAUR SUKHWINDER SINGH,,13,Re-Appear,,1,B.Tech. (Computer Science & Engineering),Nov-2024,1st semester part 2.pdf
2416476,ANSH THAKUR ASHWANI KUMAR,8.18,17,Pass,,1,B.Tech. (Computer Science & Engineering),Nov-2024,1st semester part 2.pdf
2416477,ANSHIKA BHATIA ASHISH BHATIA,6.94,17,Pass,,1,B.Tech. (Computer Science & Engineering),Nov-2024,1st semester part 2.pdf
2416478,ANSHUL SHARMA JATINDER KUMAR SHARMA,,13,Re-Appear,,1,B.Tech. (Computer Science & Engineering),Nov-2024,1st semester part 2.pdf
2416479,ANUNAY KUMAR HIMANSHU SHANKAR,7.29,17,Pass,,1,B.Tech. (Computer Science & Engineering),Nov-2024,1st semester part 2.pdf
2416480,ANUSHJOT SINGH DUTTA SUKHBEER SINGH DUTTA,,9,Re-Appear,,1,B.Tech. (Computer Science & Engineering),Nov-2024,1st semester part 2.pdf
2416481,ANUSHKA VATS SATISH KUMAR SHARMA,6.29,17,Pass,,1,B.Tech. (Computer Science & Engineering),Nov-2024,1st semester part 2.pdf
2416482,ANVESHA SHARMA VISHAL SHARMA,,13,Re-Appear,,1,B.Tech. (Computer Science & Engineering),Nov-2024,1st semester part 2.pdf
2416483,APSHEETA JAI BHAGWAN,7.41,17,Pass,,1,B.Tech. (Computer Science & Engineering),Nov-2024,1st semester part 2.pdf
2416484,ARIEN SEHGAL GAURAV SEHGAL,7.0,17,Pass,,1,B.Tech. (Computer Science & Engineering),Nov-2024,1st semester part 2.pdf
2416487,ARMAN ROHILLA PARVEEN KUMAR,7.47,17,Pass,,1,B.Tech. (Computer Science & Engineering),Nov-2024,1st semester part 2.pdf
2416488,ARPIT PRASHAR SANJEEV KUMAR,,13,Re-Appear,,1,B.Tech. (Computer Science & Engineering),Nov-2024,1st semester part 2.pdf
2416489,ARSHDEEP SINGH GURDEEP SINGH,7.47,17,Pass,,1,B.Tech. (Computer Science & Engineering),Nov-2024,1st semester part 2.pdf
2416490,ARSHDEEP SINGH HARBANS SINGH,7.06,17,Pass,,1,B.Tech. (Computer Science & Engineering),Nov-2024,1st semester part 2.pdf
2416491,ARUN SURINDER SINGH,7.94,17,Pass,,1,B.Tech. (Computer Science & Engineering),Nov-2024,1st semester part 2.pdf
2416492,ARUNPREET SINGH CHANAN SINGH,,13,Re-Appear,,1,B.Tech. (Computer Science & Engineering),Nov-2024,1st semester part 2.pdf
2416493,ARYAN RAJINDER KUMAR,6.59,17,Pass,,1,B.Tech. (Computer Science & Engineering),Nov-2024,1st semester part 2.pdf
2416494,ARYAN KUMAR PATHAK SHANKAR DAYAL PATHAK,6.94,17,Pass,,1,B.Tech. (Computer Science & Engineering),Nov-2024,1st semester part 2.pdf
2416495,ARYAN RANA BALJEET SINGH,7.71,17,Pass,,1,B.Tech. (Computer Science & Engineering),Nov-2024,1st semester part 2.pdf
2416496,ARYAN SUTHAR KAILASH CHANDER,,0,Re-Appear,,1,B.Tech. (Computer Science & Engineering),Nov-2024,1st semester part 2.pdf
2416497,ARYAN TIWARI NARESH CHANDRA TIWARI,,5,Re-Appear,,1,B.Tech. (Computer Science & Engineering),Nov-2024,1st semester part 2.pdf
2416498,ARYANSH SHASHI BHUSHAN,8.18,17,Pass,,1,B.Tech. (Computer Science & Engineering),Nov-2024,1st semester part 2.pdf
2416499,ASHISH RAJ SANJAY KUMAR,,13,Re-Appear,,1,B.Tech. (Computer Science & Engineering),Nov-2024,1st semester part 2.pdf
2416500,ASHISH RANJAN MISHRA PAPPU MISHRA,7.12,17,Pass,,1,B.Tech. (Computer Science & Engineering),Nov-2024,1st semester part 2.pdf
2416502,ASIF MAHMOOD ABDUL BASIT,7.0,17,Pass,,1,B.Tech. (Computer Science & Engineering),Nov-2024,1st semester part 2.pdf
2416504,AYUSH RAVI SHANKAR,7.47,17,Pass,,1,B.Tech. (Computer Science & Engineering),Nov-2024,1st semester part 2.pdf
2416505,AYUSH SUNIL KUMAR,8.12,17,Pass,,1,B.Tech. (Computer Science & Engineering),Nov-2024,1st semester part 2.pdf
2416506,AYUSH KUMAR VIKAS KUMAR,7.59,17,Pass,,1,B.Tech. (Computer Science & Engineering),Nov-2024,1st semester part 2.pdf
2416508,AYUSH SINGH NEGI KAILASH SINGH,7.88,17,Pass,,1,B.Tech. (Computer Science & Engineering),Nov-2024,1st semester part 2.pdf
2416509,BALA JI PANDEY MANOJ KUMAR,8.82,17,Pass,,1,B.Tech. (Computer Science & Engineering),Nov-2024,1st semester part 2.pdf
2416510,BASANT KUMAR RANJIT SINGH,7.41,17,Pass,,1,B.Tech. (Computer Science & Engineering),Nov-2024,1st semester part 2.pdf
2416511,BHUMI RAJIV PRABHAKAR,7.47,17,Pass,,1,B.Tech. (Computer Science & Engineering),Nov-2024,1st semester part 2.pdf
2416513,CHAHAT DHAMIJA DEEPAK DHAMIJA,6.94,17,Pass,,1,B.Tech. (Computer Science & Engineering),Nov-2024,1st semester part 2.pdf
2416514,CHIRAG HARISH KUMAR KHATRI,7.59,17,Pass,,1,B.Tech. (Computer Science & Engineering),Nov-2024,1st semester part 2.pdf
2416515,CHIRAG RAKESH KUMAR,,13,Re-Appear,,1,B.Tech. (Computer Science & Engineering),Nov-2024,1st semester part 2.pdf
2416516,DAKSH RAJKUMAR,9.12,17,Pass,,1,B.Tech. (Computer Science & Engineering),Nov-2024,1st semester part 2.pdf
2416517,DAKSH ARYA VIPIN KUMAR,7.18,17,Pass,,1,B.Tech. (Computer Science & Engineering),Nov-2024,1st semester part 2.pdf
2416519,DALVIR SINGH GURJANT SINGH,8.35,17,Pass,,1,B.Tech. (Computer Science & Engineering),Nov-2024,1st semester part 2.pdf
2416520,DEEPANSHU THAKUR ANUP SINGH,,13,Re-Appear,,1,B.Tech. (Computer Science & Engineering),Nov-2024,1st semester part 2.pdf
2416521,DEVIKA SANJAY KUMAR,9.53,17,Pass,,1,B.Tech. (Computer Science & Engineering),Nov-2024,1st semester part 2.pdf
2416522,DEWAKAR SINGH RAWAT DHANPAL SINGH,7.65,17,Pass,,1,B.Tech. (Computer Science & Engineering),Nov-2024,1st semester part 2.pdf
2416523,DHRUV MANOJ KUMAR,7.24,17,Pass,,1,B.Tech. (Computer Science & Engineering),Nov-2024,1st semester part 2.pdf
2416524,DHRUV AGGARWAL RAMESH GUPTA,9.06,17,Pass,,1,B.Tech. (Computer Science & Engineering),Nov-2024,1st semester part 2.pdf
2416527,DIVYA NARESH KUMAR,7.94,17,Pass,,1,B.Tech. (Computer Science & Engineering),Nov-2024,1st semester part 2.pdf
2416530,DOLPHY NARESH KUMAR,9.06,17,Pass,,1,B.Tech. (Computer Science & Engineering),Nov-2024,1st semester part 2.pdf
2416531,DRISHTI PAWAN KUMAR,7.94,17,Pass,,1,B.Tech. (Computer Science & Engineering),Nov-2024,1st semester part 2.pdf
2416532,DURVA CHOUDHARY MITHILESH KUMAR CHOUDHARY,,9,Re-Appear,,1,B.Tech. (Computer Science & Engineering),Nov-2024,1st semester part 2.pdf
2416533,DUSHYANT SHARMA RAJENDER KUMAR,5.82,17,Pass,,1,B.Tech. (Computer Science & Engineering),Nov-2024,1st semester part 2.pdf
2416534,GAURAV SANJAY KUMAR MISHRA,7.24,17,Pass,,1,B.Tech. (Computer Science & Engineering),Nov-2024,1st semester part 2.pdf
2416536,GUNEET GOYAL VIJAY GOYAL,7.65,17,Pass,,1,B.Tech. (Computer Science & Engineering),Nov-2024,1st semester part 2.pdf
2416537,GUNJAN VERMA RAJESH VERMA,6.59,17,Pass,,1,B.Tech. (Computer Science & Engineering),Nov-2024,1st semester part 2.pdf
2416539,GURLEEN SINGH GULATI JITENDER SINGH,6.35,17,Pass,,1,B.Tech. (Computer Science & Engineering),Nov-2024,1st semester part 2.pdf
2416540,GURNOOR LAKHWINDER KUMAR,7.24,17,Pass,,1,B.Tech. (Computer Science & Engineering),Nov-2024,1st semester part 2.pdf
2416542,GURSAHIB SINGH JASWINDER SINGH,6.53,17,Pass,,1,B.Tech. (Computer Science & Engineering),Nov-2024,1st semester part 2.pdf
2416543,GURSHANT SINGH AMRIK SINGH,9.06,17,Pass,,1,B.Tech. (Computer Science & Engineering),Nov-2024,1st semester part 2.pdf
2416545,HARMEET SINGH MAKHAN SINGH,6.24,17,Pass,,1,B.Tech. (Computer Science & Engineering),Nov-2024,1st semester part 2.pdf
2416546,HARPREET SINGH AJAIB SINGH,,13,Re-Appear,,1,B.Tech. (Computer Science & Engineering),Nov-2024,1st semester part 2.pdf
2416547,HARSH RAJINDER KUMAR,,9,Re-Appear,,1,B.Tech. (Computer Science & Engineering),Nov-2024,1st semester part 2.pdf
2416548,HARSH DHIMAN RAM NIWAS,6.35,17,Pass,,1,B.Tech. (Computer Science & Engineering),Nov-2024,1st semester part 2.pdf
2416549,HARSH MITTAL RAKESH KUMAR,7.06,17,Pass,,1,B.Tech. (Computer Science & Engineering),Nov-2024,1st semester part 2.pdf
2416550,HARSH PREET SINGH SODHI AMARJEET SINGH,,9,Re-Appear,,1,B.Tech. (Computer Science & Engineering),Nov-2024,1st semester part 2.pdf
2416551,HARSH SINGH RAMVIR SINGH,,13,Re-Appear,,1,B.Tech. (Computer Science & Engineering),Nov-2024,1st semester part 2.pdf
2416552,HARSHIT MAKKAR VIJAY MAKKAR,,13,Re-Appear,,1,B.Tech. (Computer Science & Engineering),Nov-2024,1st semester part 2.pdf
2416553,HARSHITA THAKUR AMIT KUMAR,8.35,17,Pass,,1,B.Tech. (Computer Science & Engineering),Nov-2024,1st semester part 2.pdf
2416554,HARSHVARDHAN RANA SANJEEV KUMAR,,13,Re-Appear,,1,B.Tech. (Computer Science & Engineering),Nov-2024,1st semester part 2.pdf
2416556,HIMANSHU AGROHIA ANIL KUMAR,,13,Re-Appear,,1,B.Tech. (Computer Science & Engineering),Nov-2024,1st semester part 2.pdf
2416559,HITEN KASHYAP VINOD KUMAR,7.18,17,Pass,,1,B.Tech. (Computer Science & Engineering),Nov-2024,1st semester part 2.pdf
2416560,ISHA NARESH KUMAR,7.88,17,Pass,,1,B.Tech. (Computer Science & Engineering),Nov-2024,1st semester part 2.pdf
2416562,ISHAN MEHTA SOHAN LAL,,2,Re-Appear,,1,B.Tech. (Computer Science & Engineering),Nov-2024,1st semester part 2.pdf
2416563,ISHANT NARWAL VIJAY KUMAR,,13,Re-Appear,,1,B.Tech. (Computer Science & Engineering),Nov-2024,1st semester part 2.pdf
2416564,ISHIKA BAINS PRAVEEN KUMAR,8.41,17,Pass,,1,B.Tech. (Computer Science & Engineering),Nov-2024,1st semester part 2.pdf
2416565,ISHITA MAHAJAN ATUL MAHAJAN,7.0,17,Pass,,1,B.Tech. (Computer Science & Engineering),Nov-2024,1st semester part 2.pdf
2416566,JAIDEEP RAM NARIAN,6.47,17,Pass,,1,B.Tech. (Computer Science & Engineering),Nov-2024,1st semester part 2.pdf
2416567,JAIVEER SINGH SASAN IQBAL SINGH,,10,Re-Appear,,1,B.Tech. (Computer Science & Engineering),Nov-2024,1st semester part 2.pdf
2416569,JASKARAN SINGH LAKHVIR SINGH,6.65,17,Pass,,1,B.Tech. (Computer Science & Engineering),Nov-2024,1st semester part 2.pdf
2416570,JASKIRAT SINGH SAINI HARMINDER SINGH SAINI,8.59,17,Pass,,1,B.Tech. (Computer Science & Engineering),Nov-2024,1st semester part 2.pdf
2416571,JASPREET MAN SINGH,8.41,17,Pass,,1,B.Tech. (Computer Science & Engineering),Nov-2024,1st semester part 2.pdf
2416572,JASPREET KAUR KAMALJEET SINGH,,13,Re-Appear,,1,B.Tech. (Computer Science & Engineering),Nov-2024,1st semester part 2.pdf
2416573,JATIN RAMESH KUMAR,7.12,17,Pass,,1,B.Tech. (Computer Science & Engineering),Nov-2024,1st semester part 2.pdf
2416576,JATIN DAHIYA ASHOK KUMAR,6.71,17,Pass,,1,B.Tech. (Computer Science & Engineering),Nov-2024,1st semester part 2.pdf
2416577,JYOTIKA TRIDEEP MITTAL,7.29,17,Pass,,1,B.Tech. (Computer Science & Engineering),Nov-2024,1st semester part 2.pdf
2416578,KABIR SINGH LALIT KUMAR,,9,Re-Appear,,1,B.Tech. (Computer Science & Engineering),Nov-2024,1st semester part 2.pdf
2416579,KALASH AGRAWAL SANTOSH KUMAR AGRAWAL,7.65,17,Pass,,1,B.Tech. (Computer Science & Engineering),Nov-2024,1st semester part 2.pdf
2416580,KAMAKSHI RAKESH KUMAR,7.94,17,Pass,,1,B.Tech. (Computer Science & Engineering),Nov-2024,1st semester part 2.pdf
2416583,KANAK VIJAY KUMAR,7.35,17,Pass,,1,B.Tech. (Computer Science & Engineering),Nov-2024,1st semester part 2.pdf
2416584,KANAV GUPTA AMIT KUMAR GUPTA,7.12,17,Pass,,1,B.Tech. (Computer Science & Engineering),Nov-2024,1st semester part 2.pdf
2416585,KANISHKA BHATI LALIT KUMAR BHATI,7.65,17,Pass,,1,B.Tech. (Computer Science & Engineering),Nov-2024,1st semester part 2.pdf
2416586,KARAN VERMA RAKESH KUMAR,8.06,17,Pass,,1,B.Tech. (Computer Science & Engineering),Nov-2024,1st semester part 2.pdf
2416587,KARANDEEP SINGH OM PARKASH,6.94,17,Pass,,1,B.Tech. (Computer Science & Engineering),Nov-2024,1st semester part 2.pdf
2416588,KARMA ANGMO CHHERING ANGCHUK,7.35,17,Pass,,1,B.Tech. (Computer Science & Engineering),Nov-2024,1st semester part 2.pdf
2416589,KARTIK ASHOK KUMAR DHINGRA,8.41,17,Pass,,1,B.Tech. (Computer Science & Engineering),Nov-2024,1st semester part 2.pdf
2416590,KARTIK SHARMA VIRENDER KUMAR,,9,Re-Appear,,1,B.Tech. (Computer Science & Engineering),Nov-2024,1st semester part 2.pdf
2416591,KARTIK SINGH VIKRANT KUMAR,8.59,17,Pass,,1,B.Tech. (Computer Science & Engineering),Nov-2024,1st semester part 2.pdf
2416593,KASHISH RAJ KUMAR,7.35,17,Pass,,1,B.Tech. (Computer Science & Engineering),Nov-2024,1st semester part 2.pdf
2416594,KASHISH SINGLA TANISH SINGLA,6.76,17,Pass,,1,B.Tech. (Computer Science & Engineering),Nov-2024,1st semester part 2.pdf
2416595,KATREENA SADANA BRIJ LAL,8.59,17,Pass,,1,B.Tech. (Computer Science & Engineering),Nov-2024,1st semester part 2.pdf
2416596,KAVYA VIMAL KUMAR SINGHAL,8.12,17,Pass,,1,B.Tech. (Computer Science & Engineering),Nov-2024,1st semester part 2.pdf
2416597,KESHAV KUMAR RAVINDER KUMAR,6.88,17,Pass,,1,B.Tech. (Computer Science & Engineering),Nov-2024,1st semester part 2.pdf
2416598,KESHAV MADHAV BHARDWAJ SURINDER KUMAR,,9,Re-Appear,,1,B.Tech. (Computer Science & Engineering),Nov-2024,1st semester part 2.pdf
2416599,KESHVI SAINI AMIT KUMAR SAINI,,9,Re-Appear,,1,B.Tech. (Computer Science & Engineering),Nov-2024,1st semester part 2.pdf
2416600,KHUSHBOO SAHANI BIRENDRA SAHANI,8.18,17,Pass,,1,B.Tech. (Computer Science & Engineering),Nov-2024,1st semester part 2.pdf
2416601,KHUSHBU ANOOP,,13,Re-Appear,,1,B.Tech. (Computer Science & Engineering),Nov-2024,1st semester part 2.pdf
2416602,KHUSHI JINDAL OMPAL JINDAL,8.18,17,Pass,,1,B.Tech. (Computer Science & Engineering),Nov-2024,1st semester part 2.pdf
2416603,KHUSHI MISHRA AMAR KUMAR MISHRA,7.65,17,Pass,,1,B.Tech. (Computer Science & Engineering),Nov-2024,1st semester part 2.pdf
2416605,KRISH BALORIA RAMESH BALORIA,7.82,17,Pass,,1,B.Tech. (Computer Science & Engineering),Nov-2024,1st semester part 2.pdf
2416606,KRISH UNIYAL SUBHASH,7.18,17,Pass,,1,B.Tech. (Computer Science & Engineering),Nov-2024,1st semester part 2.pdf
2416607,KRISHNA JHANJI SANJEEV KUMAR JHANJI,8.59,17,Pass,,1,B.Tech. (Computer Science & Engineering),Nov-2024,1st semester part 2.pdf
2416608,KRISHNA SHARMA RAVI SHARMA,,9,Re-Appear,,1,B.Tech. (Computer Science & Engineering),Nov-2024,1st semester part 2.pdf
2416609,KUMKUM AGGARWAL LOKESH AGGARWAL,8.82,17,Pass,,1,B.Tech. (Computer Science & Engineering),Nov-2024,1st semester part 2.pdf
2416610,KUSH NAIN SUBHASH CHAND,,9,Re-Appear,,1,B.Tech. (Computer Science & Engineering),Nov-2024,1st semester part 2.pdf
2416611,KUSHAL MITTAL VISHAL MITTAL,,13,Re-Appear,,1,B.Tech. (Computer Science & Engineering),Nov-2024,1st semester part 2.pdf
2416612,LAKSHAY CHOUDHARY HARBEER,,5,Re-Appear,,1,B.Tech. (Computer Science & Engineering),Nov-2024,1st semester part 2.pdf
2416613,LAKSHAY KUMAR AMRISH KUMAR,,5,Re-Appear,,1,B.Tech. (Computer Science & Engineering),Nov-2024,1st semester part 2.pdf
2416614,LAKSHAY MEHRA SATYAWAN SINGH MEHRA,,2,Re-Appear,,1,B.Tech. (Computer Science & Engineering),Nov-2024,1st semester part 2.pdf
2416615,LAKSHIT KUMAR VINOD KUMAR,7.65,17,Pass,,1,B.Tech. (Computer Science & Engineering),Nov-2024,1st semester part 2.pdf
2416616,LOKESH DHARMENDER,7.41,17,Pass,,1,B.Tech. (Computer Science & Engineering),Nov-2024,1st semester part 2.pdf
2416617,LOVE NAIN SUBHASH CHAND,,9,Re-Appear,,1,B.Tech. (Computer Science & Engineering),Nov-2024,1st semester part 2.pdf
2416619,LOVNEET KAUR SUKHPAL SINGH,,13,Re-Appear,,1,B.Tech. (Computer Science & Engineering),Nov-2024,1st semester part 2.pdf
2416620,LUVNEET SINGH DAVINDER SINGH,,13,Re-Appear,,1,B.Tech. (Computer Science & Engineering),Nov-2024,1st semester part 2.pdf
2416621,MADHAV GARG SANJEEV GARG,,9,Re-Appear,,1,B.Tech. (Computer Science & Engineering),Nov-2024,1st semester part 2.pdf
2416622,MADHAV KAPAHI RAMIT KAPAHI,,5,Re-Appear,,1,B.Tech. (Computer Science & Engineering),Nov-2024,1st semester part 2.pdf
2416623,MAHAK HARISH KUMAR,7.24,17,Pass,,1,B.Tech. (Computer Science & Engineering),Nov-2024,1st semester part 2.pdf
2416624,MAHAK KAPIL DEV,8.82,17,Pass,,1,B.Tech. (Computer Science & Engineering),Nov-2024,1st semester part 2.pdf
2416625,MANAV BHASIN ANIL BHASIN,6.82,17,Pass,,1,B.Tech. (Computer Science & Engineering),Nov-2024,1st semester part 2.pdf
2416626,MANAV SHARMA SANJIV KUMAR,7.18,17,Pass,,1,B.Tech. (Computer Science & Engineering),Nov-2024,1st semester part 2.pdf
2416627,MANJOT KAUR GURSEVAK SINGH SANDHU,6.94,17,Pass,,1,B.Tech. (Computer Science & Engineering),Nov-2024,1st semester part 2.pdf
2416629,MANPREET KAUR VEERJEET SINGH,6.35,17,Pass,,1,B.Tech. (Computer Science & Engineering),Nov-2024,1st semester part 2.pdf
2416630,MANPREET SINGH HARBANS SINGH,,5,Re-Appear,,1,B.Tech. (Computer Science & Engineering),Nov-2024,1st semester part 2.pdf
2416631,MANPREET SINGH NIRMAIL SINGH,,2,Re-Appear,,1,B.Tech. (Computer Science & Engineering),Nov-2024,1st semester part 2.pdf
2416632,MANTHAN BEDI PARTEEK BEDI,6.94,17,Pass,,1,B.Tech. (Computer Science & Engineering),Nov-2024,1st semester part 2.pdf
2416633,MANVIR SINGH MANINDER SINGH,7.94,17,Pass,,1,B.Tech. (Computer Science & Engineering),Nov-2024,1st semester part 2.pdf
2416634,MAYANK KRISHAN KUMAR KALRA,8.12,17,Pass,,1,B.Tech. (Computer Science & Engineering),Nov-2024,1st semester part 2.pdf
2416635,MAYANK ARORA AVINASH,8.35,17,Pass,,1,B.Tech. (Computer Science & Engineering),Nov-2024,1st semester part 2.pdf
2416637,MD SAYEEDUL HAQUE MD SHOAIDUL HAQUE,,9,Re-Appear,,1,B.Tech. (Computer Science & Engineering),Nov-2024,1st semester part 2.pdf
2416638,MEENU RANI JEEVAN DASS,9.0,17,Pass,,1,B.Tech. (Computer Science & Engineering),Nov-2024,1st semester part 2.pdf
2416639,MEHAK JINDAL KARM CHAND,7.76,17,Pass,,1,B.Tech. (Computer Science & Engineering),Nov-2024,1st semester part 2.pdf
2416640,MIMANSHU UPWAN KUMAR,7.12,17,Pass,,1,B.Tech. (Computer Science & Engineering),Nov-2024,1st semester part 2.pdf
2416642,MOHAMMAD AFTAB MOHAMMAD UNESS,7.94,17,Pass,,1,B.Tech. (Computer Science & Engineering),Nov-2024,1st semester part 2.pdf
2416643,MOHAMMAD MUSARAF PARVEJ ALAM,,5,Re-Appear,,1,B.Tech. (Computer Science & Engineering),Nov-2024,1st semester part 2.pdf
2416645,MOHD AADIL WANI MOHD RAFIQ,,13,Re-Appear,,1,B.Tech. (Computer Science & Engineering),Nov-2024,1st semester part 2.pdf
2416647,MUSAWWIRA KAUSAR MUBARAK AHMAD TAQWA,5.82,17,Pass,,1,B.Tech. (Computer Science & Engineering),Nov-2024,1st semester part 2.pdf
2416650,NAINA GARG ARUN GARG,8.12,17,Pass,,1,B.Tech. (Computer Science & Engineering),Nov-2024,1st semester part 2.pdf
2416652,NANDIKA BATISH SANJAY BATISH,8.65,17,Pass,,1,B.Tech. (Computer Science & Engineering),Nov-2024,1st semester part 2.pdf
2416653,NANDINI DHIMAN BANSI LAL,8.35,17,Pass,,1,B.Tech. (Computer Science & Engineering),Nov-2024,1st semester part 2.pdf
2416654,NANDINI GUPTA MUNNA PRASAD GUPTA,,9,Re-Appear,,1,B.Tech. (Computer Science & Engineering),Nov-2024,1st semester part 2.pdf
2416656,NEERAJ KUMAR SOHAN LAL,,9,Re-Appear,,1,B.Tech. (Computer Science & Engineering),Nov-2024,1st semester part 2.pdf
2416657,NIKHIL KUMAR SURENDER KUMAR,,9,Re-Appear,,1,B.Tech. (Computer Science & Engineering),Nov-2024,1st semester part 2.pdf
2416658,NIKHIL UPADHYAY BALESHWAR UPADHYAY,8.59,17,Pass,,1,B.Tech. (Computer Science & Engineering),Nov-2024,1st semester part 2.pdf
2416659,NISHKA VINOD KUMAR,,13,Re-Appear,,1,B.Tech. (Computer Science & Engineering),Nov-2024,1st semester part 2.pdf
2416660,NITI AGARWAL SUDHANSHU AGARWAL,8.88,17,Pass,,1,B.Tech. (Computer Science & Engineering),Nov-2024,1st semester part 2.pdf
2416662,NITIN SAINI MAM CHAND,7.71,17,Pass,,1,B.Tech. (Computer Science & Engineering),Nov-2024,1st semester part 2.pdf
2416664,NUPUR RAKESH KUMAR,,13,Re-Appear,,1,B.Tech. (Computer Science & Engineering),Nov-2024,1st semester part 2.pdf
2416665,PALAK KULVIR SINGH,,13,Re-Appear,,1,B.Tech. (Computer Science & Engineering),Nov-2024,1st semester part 2.pdf
2416666,PANKAJ CHOUDHARY SURINDER SINGH,,9,Re-Appear,,1,B.Tech. (Computer Science & Engineering),Nov-2024,1st semester part 2.pdf
2416667,PARAMDEEP SINGH RANJEET SINGH,,13,Re-Appear,,1,B.Tech. (Computer Science & Engineering),Nov-2024,1st semester part 2.pdf
2416670,PARIKSHAT CHOTTANI PARDEEP CHOTTANI,,9,Re-Appear,,1,B.Tech. (Computer Science & Engineering),Nov-2024,1st semester part 2.pdf
2416671,PARTH THAKUR DINESH THAKUR,7.88,17,Pass,,1,B.Tech. (Computer Science & Engineering),Nov-2024,1st semester part 2.pdf
2416673,PIYUSH RANA PRAKASH CHAND,,5,Re-Appear,,1,B.Tech. (Computer Science & Engineering),Nov-2024,1st semester part 2.pdf
2416674,PIYUSH RANJAN SHAILENDRA ATEL,,13,Re-Appear,,1,B.Tech. (Computer Science & Engineering),Nov-2024,1st semester part 2.pdf
2416675,PRABHJOT KAUR HARJINDER SINGH,,13,Re-Appear,,1,B.Tech. (Computer Science & Engineering),Nov-2024,1st semester part 2.pdf
2416676,PRABHJOT KAUR RASHPAL SINGH,7.24,17,Pass,,1,B.Tech. (Computer Science & Engineering),Nov-2024,1st semester part 2.pdf
2416678,PRAKHAR TYAGI ARUN TYAGI,8.29,17,Pass,,1,B.Tech. (Computer Science & Engineering),Nov-2024,1st semester part 2.pdf
2416679,PRANAV SINGLA BHUPINDER KUMAR,,13,Re-Appear,,1,B.Tech. (Computer Science & Engineering),Nov-2024,1st semester part 2.pdf
2416680,PRANSHU SAINI BHUPINDER KUMAR,9.06,17,Pass,,1,B.Tech. (Computer Science & Engineering),Nov-2024,1st semester part 2.pdf
2416681,PRATHAM SURINDER PAL,,13,Re-Appear,,1,B.Tech. (Computer Science & Engineering),Nov-2024,1st semester part 2.pdf
2416682,PRATHAM GUPTA RAJIV KUMAR,7.94,17,Pass,,1,B.Tech. (Computer Science & Engineering),Nov-2024,1st semester part 2.pdf
2416683,PRERNA SUNIL KUMAR,8.24,17,Pass,,1,B.Tech. (Computer Science & Engineering),Nov-2024,1st semester part 2.pdf
2416684,PRIKSHAT SHIRE RAJINDER KUMAR,,9,Re-Appear,,1,B.Tech. (Computer Science & Engineering),Nov-2024,1st semester part 2.pdf
2416685,PRITHVI KAPILA PANKAJ KAPILA,8.41,17,Pass,,1,B.Tech. (Computer Science & Engineering),Nov-2024,1st semester part 2.pdf
2416686,PRIYA KAMBOJ BALDEV RAJ,,9,Re-Appear,,1,B.Tech. (Computer Science & Engineering),Nov-2024,1st semester part 2.pdf
2416688,PRIYANKA RAWAT MAHIPAL SINGH,6.53,17,Pass,,1,B.Tech. (Computer Science & Engineering),Nov-2024,1st semester part 2.pdf
2416691,PURU GULATI MANOHAR GULATI,,9,Re-Appear,,1,B.Tech. (Computer Science & Engineering),Nov-2024,1st semester part 2.pdf
2416692,RACHIT RAI PARVEEN SHARMA,,9,Re-Appear,,1,B.Tech. (Computer Science & Engineering),Nov-2024,1st semester part 2.pdf
2416693,RACHITA BHATIA PARVEEN BHATIA,7.59,17,Pass,,1,B.Tech. (Computer Science & Engineering),Nov-2024,1st semester part 2.pdf
2416694,RADHIKA AJAY KUMAR,8.41,17,Pass,,1,B.Tech. (Computer Science & Engineering),Nov-2024,1st semester part 2.pdf
2416698,RAHUL KUMAR GUPTA AJAY KUMAR GUPTA,,5,Re-Appear,,1,B.Tech. (Computer Science & Engineering),Nov-2024,1st semester part 2.pdf
2416700,RAJAT SANJAY,,9,Re-Appear,,1,B.Tech. (Computer Science & Engineering),Nov-2024,1st semester part 2.pdf
2416704,RAKESH KUMAR SAHANI LALLU SAHANI,,3,Re-Appear,,1,B.Tech. (Computer Science & Engineering),Nov-2024,1st semester part 2.pdf
2416706,RASHANDEEP SINGH DHARAMJIT SINGH,8.06,17,Pass,,1,B.Tech. (Computer Science & Engineering),Nov-2024,1st semester part 2.pdf
2416707,RAVNEET KAUR NAZAR SINGH,8.35,17,Pass,,1,B.Tech. (Computer Science & Engineering),Nov-2024,1st semester part 2.pdf
2416709,RISHABH GARG VARINDER GARG,7.82,17,Pass,,1,B.Tech. (Computer Science & Engineering),Nov-2024,1st semester part 2.pdf
2416710,RISHI RAJPOOT RANBIR SINGH,7.12,17,Pass,,1,B.Tech. (Computer Science & Engineering),Nov-2024,1st semester part 2.pdf
2416711,RISHIKESH ANAND RANJEET KUMAR SINGH,7.65,17,Pass,,1,B.Tech. (Computer Science & Engineering),Nov-2024,1st semester part 2.pdf
2416712,RITIKA GUPTA ATUL GUPTA,,13,Re-Appear,,1,B.Tech. (Computer Science & Engineering),Nov-2024,1st semester part 2.pdf
2416713,RITISH KASHYAP KAPIL KUMAR,7.12,17,Pass,,1,B.Tech. (Computer Science & Engineering),Nov-2024,1st semester part 2.pdf
2416714,ROAIN RANA LATE VIKAS RANA,7.24,17,Pass,,1,B.Tech. (Computer Science & Engineering),Nov-2024,1st semester part 2.pdf
2416715,ROHAN SHARMA DESH RAJ SHARMA,6.88,17,Pass,,1,B.Tech. (Computer Science & Engineering),Nov-2024,1st semester part 2.pdf
2416716,ROHIT BHARTI DEVENDER BHARTI,,13,Re-Appear,,1,B.Tech. (Computer Science & Engineering),Nov-2024,1st semester part 2.pdf
2416717,ROHIT CHOUDHARY HARPAL SINGH,7.88,17,Pass,,1,B.Tech. (Computer Science & Engineering),Nov-2024,1st semester part 2.pdf
2416719,SAGAR TARSEM SINGH,,0,Re-Appear,,1,B.Tech. (Computer Science & Engineering),Nov-2024,1st semester part 2.pdf
2416723,SAHIL VINOD KUMAR,,9,Re-Appear,,1,B.Tech. (Computer Science & Engineering),Nov-2024,1st semester part 2.pdf
2416724,SAHIL MAAN SURENDER SINGH,,13,Re-Appear,,1,B.Tech. (Computer Science & Engineering),Nov-2024,1st semester part 2.pdf
2416725,SAHILA KHAN SUBEDAR KHAN,,0,Re-Appear,,1,B.Tech. (Computer Science & Engineering),Nov-2024,1st semester part 2.pdf
2416726,SAKSHI GUPTA VIJAY KUMAR GUPTA,,13,Re-Appear,,1,B.Tech. (Computer Science & Engineering),Nov-2024,1st semester part 2.pdf
2416727,SAKSHI JASWANI ASHOK KUMAR,7.82,17,Pass,,1,B.Tech. (Computer Science & Engineering),Nov-2024,1st semester part 2.pdf
2416729,SAMARTH SANJEEV KUMAR,,9,Re-Appear,,1,B.Tech. (Computer Science & Engineering),Nov-2024,1st semester part 2.pdf
2416730,SAMPARK SHARMA SANJAY SHARMA,,13,Re-Appear,,1,B.Tech. (Computer Science & Engineering),Nov-2024,1st semester part 2.pdf
2416731,SANJAM SUSHIL KUMAR,,13,Re-Appear,,1,B.Tech. (Computer Science & Engineering),Nov-2024,1st semester part 2.pdf
2416732,SANJEEV VERMA JOGENDRA VERMA,7.88,17,Pass,,1,B.Tech. (Computer Science & Engineering),Nov-2024,1st semester part 2.pdf
2416733,SANJU KUMAR VINOD KUMAR,,9,Re-Appear,,1,B.Tech. (Computer Science & Engineering),Nov-2024,1st semester part 2.pdf
2416734,SANYAM NARESH KUMAR,7.65,17,Pass,,1,B.Tech. (Computer Science & Engineering),Nov-2024,1st semester part 2.pdf
2416736,SARANDEEP SINGH KARKI HARI SINGH,,13,Re-Appear,,1,B.Tech. (Computer Science & Engineering),Nov-2024,1st semester part 2.pdf
2416737,SARBJEET SINGH TEJPAL SINGH,6.88,17,Pass,,1,B.Tech. (Computer Science & Engineering),Nov-2024,1st semester part 2.pdf
2416738,SARTHAK LEEKHA ATAM PRAKASH,8.18,17,Pass,,1,B.Tech. (Computer Science & Engineering),Nov-2024,1st semester part 2.pdf
2416739,SATYAM RAJESH KUMAR,,13,Re-Appear,,1,B.Tech. (Computer Science & Engineering),Nov-2024,1st semester part 2.pdf
2416740,SATYAM KUMAR SUDARSHAN KUMAR SINGH,7.18,17,Pass,,1,B.Tech. (Computer Science & Engineering),Nov-2024,1st semester part 2.pdf
2416741,SATYAM KUMAR SINGH MANOJ KUMAR SINGH,7.47,17,Pass,,1,B.Tech. (Computer Science & Engineering),Nov-2024,1st semester part 2.pdf
2416742,SEHAJDEEP SINGH WALIA VIRENDRA SINGH WALIA,8.18,17,Pass,,1,B.Tech. (Computer Science & Engineering),Nov-2024,1st semester part 2.pdf
2416743,SHAGUN DALJEET SINGH,7.65,17,Pass,,1,B.Tech. (Computer Science & Engineering),Nov-2024,1st semester part 2.pdf
2416744,SHIVAKSHI JAIN VIJAY JAIN,8.06,17,Pass,,1,B.Tech. (Computer Science & Engineering),Nov-2024,1st semester part 2.pdf
2416745,SHIVAM KUMAR KARAN SINGH,,9,Re-Appear,,1,B.Tech. (Computer Science & Engineering),Nov-2024,1st semester part 2.pdf
2416746,SHIVAM KUMAR UMESH CHAUDHARY,,0,Re-Appear,,1,B.Tech. (Computer Science & Engineering),Nov-2024,1st semester part 2.pdf
2416747,SHIVAM MIDHA RAVI MIDHA,8.59,17,Pass,,1,B.Tech. (Computer Science & Engineering),Nov-2024,1st semester part 2.pdf
2416748,SHIVANGI PARMAR HARINDER SINGH,,13,Re-Appear,,1,B.Tech. (Computer Science & Engineering),Nov-2024,1st semester part 2.pdf
2416749,SHIVANI DEVI SATISH KUMAR,6.53,17,Pass,,1,B.Tech. (Computer Science & Engineering),Nov-2024,1st semester part 2.pdf
2416750,SHIVANI THAKUR NEERAJ THAKUR,6.82,17,Pass,,1,B.Tech. (Computer Science & Engineering),Nov-2024,1st semester part 2.pdf
2416751,SHIVRAM KUMAR SINGH SHIVENDRA SINGH,,9,Re-Appear,,1,B.Tech. (Computer Science & Engineering),Nov-2024,1st semester part 2.pdf
2416752,SHOURYA THAKUR PREM SAGAR,,6,Re-Appear,,1,B.Tech. (Computer Science & Engineering),Nov-2024,1st semester part 2.pdf
2416753,SHREE SHARMA DHIRAJ SHARMA,7.71,17,Pass,,1,B.Tech. (Computer Science & Engineering),Nov-2024,1st semester part 2.pdf
2416754,SHREYA VIJAY KUMAR,,13,Re-Appear,,1,B.Tech. (Computer Science & Engineering),Nov-2024,1st semester part 2.pdf
2416755,SHRISHTI SHARMA K D SHARMA,,9,Re-Appear,,1,B.Tech. (Computer Science & Engineering),Nov-2024,1st semester part 2.pdf
2416756,SIDDHI SHANDILYA SANJAY KUMAR,,9,Re-Appear,,1,B.Tech. (Computer Science & Engineering),Nov-2024,1st semester part 2.pdf
2416757,SIDHANT MAAN SURENDER SINGH,,13,Re-Appear,,1,B.Tech. (Computer Science & Engineering),Nov-2024,1st semester part 2.pdf
2416758,SIDHARTH BUDANIA VIJENDER KUMAR,,13,Re-Appear,,1,B.Tech. (Computer Science & Engineering),Nov-2024,1st semester part 2.pdf
2416760,SIMRAN DHIMAN BANSI LAL,7.88,17,Pass,,1,B.Tech. (Computer Science & Engineering),Nov-2024,1st semester part 2.pdf
2416762,SIMRANPREET KAUR BAHADUR SINGH,8.12,17,Pass,,1,B.Tech. (Computer Science & Engineering),Nov-2024,1st semester part 2.pdf
2416763,SIYA BANSAL GAURAV BANSAL,9.29,17,Pass,,1,B.Tech. (Computer Science & Engineering),Nov-2024,1st semester part 2.pdf
2416768,SUJAL ANIL KUMAR,,13,Re-Appear,,1,B.Tech. (Computer Science & Engineering),Nov-2024,1st semester part 2.pdf
2416769,SUJAL RANA SURESH KUMAR,,13,Re-Appear,,1,B.Tech. (Computer Science & Engineering),Nov-2024,1st semester part 2.pdf
2416770,SUJAL SINGH MAHAR DHARMENDRA SINGH,6.41,17,Pass,,1,B.Tech. (Computer Science & Engineering),Nov-2024,1st semester part 2.pdf
2416771,SUKHDEEP SINGH GURDEEP SINGH,,9,Re-Appear,,1,B.Tech. (Computer Science & Engineering),Nov-2024,1st semester part 2.pdf
2416772,SUKHVIR KAUR HARJIT SINGH,6.71,17,Pass,,1,B.Tech. (Computer Science & Engineering),Nov-2024,1st semester part 2.pdf
2416773,SUMANPREET KAUR SUKHCHAIN SINGH,7.71,17,Pass,,1,B.Tech. (Computer Science & Engineering),Nov-2024,1st semester part 2.pdf
2416774,SUPINDER KAUR RULDU SINGH,8.18,17,Pass,,1,B.Tech. (Computer Science & Engineering),Nov-2024,1st semester part 2.pdf
2416775,SURAJ YADAV JAGDISH YADAV,7.06,17,Pass,,1,B.Tech. (Computer Science & Engineering),Nov-2024,1st semester part 2.pdf
2416776,SWAYAM VIJAY KUMAR,6.94,17,Pass,,1,B.Tech. (Computer Science & Engineering),Nov-2024,1st semester part 2.pdf
2416777,SWAYAM BHATIA VARINDER BHATIA,6.94,17,Pass,,1,B.Tech. (Computer Science & Engineering),Nov-2024,1st semester part 2.pdf
2416778,TANIA JASWINDER KUMAR,6.76,17,Pass,,1,B.Tech. (Computer Science & Engineering),Nov-2024,1st semester part 2.pdf
2416779,TANISHKA PARVEEN,7.53,17,Pass,,1,B.Tech. (Computer Science & Engineering),Nov-2024,1st semester part 2.pdf
2416780,TANNU RANI OM PARKASH,7.18,17,Pass,,1,B.Tech. (Computer Science & Engineering),Nov-2024,1st semester part 2.pdf
2416781,TANU DHIMAN DEEPAK KUMAR,,9,Re-Appear,,1,B.Tech. (Computer Science & Engineering),Nov-2024,1st semester part 2.pdf
2416782,TAUQEER KHAN HAFIZULLAH KHAN,,13,Re-Appear,,1,B.Tech. (Computer Science & Engineering),Nov-2024,1st semester part 2.pdf
2416783,TAVISH JINDAL RAJ KUMAR,,13,Re-Appear,,1,B.Tech. (Computer Science & Engineering),Nov-2024,1st semester part 2.pdf
2416784,TEJASAV BHATTI SANJEEV KUMAR BHATTI,,9,Re-Appear,,1,B.Tech. (Computer Science & Engineering),Nov-2024,1st semester part 2.pdf
2416786,TUSHAR VINOD KUMAR,,5,Re-Appear,,1,B.Tech. (Computer Science & Engineering),Nov-2024,1st semester part 2.pdf
2416788,UMAR SHARIF SADRUDDIN ALAM,6.47,17,Pass,,1,B.Tech. (Computer Science & Engineering),Nov-2024,1st semester part 2.pdf
2416789,URVASHI SURESH KUMAR,7.88,17,Pass,,1,B.Tech. (Computer Science & Engineering),Nov-2024,1st semester part 2.pdf
2416790,VAISHNAVI RAVINDER KUMAR,7.65,17,Pass,,1,B.Tech. (Computer Science & Engineering),Nov-2024,1st semester part 2.pdf
2416791,VANDITA AHUJA LATE RAJEEV AHUJA,7.35,17,Pass,,1,B.Tech. (Computer Science & Engineering),Nov-2024,1st semester part 2.pdf
2416792,VANSAJ GARG AMRIT LAL,,13,Re-Appear,,1,B.Tech. (Computer Science & Engineering),Nov-2024,1st semester part 2.pdf
2416793,VANSH WALIA AMIT KUMAR,,13,Re-Appear,,1,B.Tech. (Computer Science & Engineering),Nov-2024,1st semester part 2.pdf
2416795,VANSHIKA SANJEEV KUMAR,7.24,17,Pass,,1,B.Tech. (Computer Science & Engineering),Nov-2024,1st semester part 2.pdf
2416798,VARSHA SHANKAR LAL,,9,Re-Appear,,1,B.Tech. (Computer Science & Engineering),Nov-2024,1st semester part 2.pdf
2416799,VARUN PANDEY UDYA BHAN,5.76,17,Pass,,1,B.Tech. (Computer Science & Engineering),Nov-2024,1st semester part 2.pdf
2416801,VIBHOR RAJ KUMAR,,9,Re-Appear,,1,B.Tech. (Computer Science & Engineering),Nov-2024,1st semester part 2.pdf
2416802,VIKAS ARORA SURINDER KUMAR,7.24,17,Pass,,1,B.Tech. (Computer Science & Engineering),Nov-2024,1st semester part 2.pdf
2416803,VIKRANT SINGH KAPOOR SINGH,,9,Re-Appear,,1,B.Tech. (Computer Science & Engineering),Nov-2024,1st semester part 2.pdf
2416804,VINIT NEGI VIJAY SINGH,,13,Re-Appear,,1,B.Tech. (Computer Science & Engineering),Nov-2024,1st semester part 2.pdf
2416805,VISHAL KUMAR DHARMENDRA KUMAR SINGH,,13,Re-Appear,,1,B.Tech. (Computer Science & Engineering),Nov-2024,1st semester part 2.pdf
2416807,VISHAVPREET SINGH JAGDISH SINGH,7.29,17,Pass,,1,B.Tech. (Computer Science & Engineering),Nov-2024,1st semester part 2.pdf
2416808,VIVEK BISHT VIPAN SINGH,8.0,17,Pass,,1,B.Tech. (Computer Science & Engineering),Nov-2024,1st semester part 2.pdf
2416809,VIVEK DAS DEBENDRA NATH DAS,7.0,17,Pass,,1,B.Tech. (Computer Science & Engineering),Nov-2024,1st semester part 2.pdf
2416810,VRITTI NEERAJ THAKKAR,7.29,17,Pass,,1,B.Tech. (Computer Science & Engineering),Nov-2024,1st semester part 2.pdf
2416812,YASH RATTAN ABHISHEK RATTAN,,13,Re-Appear,,1,B.Tech. (Computer Science & Engineering),Nov-2024,1st semester part 2.pdf
2416813,YASH SHARMA AMIT KUMAR,,13,Re-Appear,,1,B.Tech. (Computer Science & Engineering),Nov-2024,1st semester part 2.pdf
2416814,YASHVI WADHWA JITENDER KUMAR WADHWA,,13,Re-Appear,,1,B.Tech. (Computer Science & Engineering),Nov-2024,1st semester part 2.pdf
2416815,YOGESH KUMAR NARINDER KUMAR,8.12,17,Pass,,1,B.Tech. (Computer Science & Engineering),Nov-2024,1st semester part 2.pdf
2416461,AKASHDEEP SINGH PRABHDEEP SINGH,,13,Re-Appear,,1,B.Tech. (Computer Science & Engineering),Nov-2024,1st semester.pdf
2416501,ASHMIT SHARMA SUNIL SHARMA,7.53,17,Pass,,1,B.Tech. (Computer Science & Engineering),Nov-2024,1st semester.pdf
2416503,ASMIT SRIVASTAVA ABHISHEK KUMAR,7.06,17,Pass,,1,B.Tech. (Computer Science & Engineering),Nov-2024,1st semester.pdf
2416507,AYUSH SAINI ANIL KUMAR,7.12,17,Pass,,1,B.Tech. (Computer Science & Engineering),Nov-2024,1st semester.pdf
2416528,DIVYANSHU KUMAR VIRENDER KUMAR,,13,Re-Appear,,1,B.Tech. (Computer Science & Engineering),Nov-2024,1st semester.pdf
2416529,DIVYANSHU PANDEY AMRENDRA KUMAR PANDEY,7.71,17,Pass,,1,B.Tech. (Computer Science & Engineering),Nov-2024,1st semester.pdf
2416541,GURPREET YASH PAL,,13,Re-Appear,,1,B.Tech. (Computer Science & Engineering),Nov-2024,1st semester.pdf
2416555,HEMANT MADAN GIRI,,9,Re-Appear,,1,B.Tech. (Computer Science & Engineering),Nov-2024,1st semester.pdf
2416557,HIMANSHU JOSHI NAVEEN CHANDRA,8.24,17,Pass,,1,B.Tech. (Computer Science & Engineering),Nov-2024,1st semester.pdf
2416558,HIMANSHU NEGI DARMIYAN SINGH,7.82,17,Pass,,1,B.Tech. (Computer Science & Engineering),Nov-2024,1st semester.pdf
2416561,ISHAAN SHARMA RAJIV KUMAR,,13,Re-Appear,,1,B.Tech. (Computer Science & Engineering),Nov-2024,1st semester.pdf
2416568,JASJOT SINGH RAVINDER SINGH,8.12,17,Pass,,1,B.Tech. (Computer Science & Engineering),Nov-2024,1st semester.pdf
2416575,JATIN BAJAJ KHUSHWINDER BAJAJ,7.18,17,Pass,,1,B.Tech. (Computer Science & Engineering),Nov-2024,1st semester.pdf
2416581,KAMAL SHARMA TEJINDER SHARMA,7.12,17,Pass,,1,B.Tech. (Computer Science & Engineering),Nov-2024,1st semester.pdf
2416582,KAMYA BAJAJ LATE SUSHIL BAJAJ,7.59,17,Pass,,1,B.Tech. (Computer Science & Engineering),Nov-2024,1st semester.pdf
2416592,KASHISH JITENDER,,13,Re-Appear,,1,B.Tech. (Computer Science & Engineering),Nov-2024,1st semester.pdf
2416604,KIRTI KUMARI NIRAJ KUMAR KANCHAN,,13,Re-Appear,,1,B.Tech. (Computer Science & Engineering),Nov-2024,1st semester.pdf
2416628,MANMOHAN KAUR RANBIR SINGH,,13,Re-Appear,,1,B.Tech. (Computer Science & Engineering),Nov-2024,1st semester.pdf
2416649,MUSKAN RAMESH KUMAR,9.06,17,Pass,,1,B.Tech. (Computer Science & Engineering),Nov-2024,1st semester.pdf
2416669,PARGATI CHUGH MULAKH RAJ,,13,Re-Appear,,1,B.Tech. (Computer Science & Engineering),Nov-2024,1st semester.pdf
2416677,PRAKHAR GUPTA ANUPAM GUPTA,7.59,17,Pass,,1,B.Tech. (Computer Science & Engineering),Nov-2024,1st semester.pdf
2416687,PRIYANKA VIKRAM SINGH,7.0,17,Pass,,1,B.Tech. (Computer Science & Engineering),Nov-2024,1st semester.pdf
2416689,PRIYANSHU SAINI JARNAIL SINGH,,5,Re-Appear,,1,B.Tech. (Computer Science & Engineering),Nov-2024,1st semester.pdf
2416695,RAGHAV SHARMA SANJEEV KUMAR,,13,Re-Appear,,1,B.Tech. (Computer Science & Engineering),Nov-2024,1st semester.pdf
2416699,RAHUL MISHRA BINAY KUMAR MISHRA,8.59,17,Pass,,1,B.Tech. (Computer Science & Engineering),Nov-2024,1st semester.pdf
2416735,SANYAM SHARMA RAJESH SHARMA,,13,Re-Appear,,1,B.Tech. (Computer Science & Engineering),Nov-2024,1st semester.pdf
2416765,SNEHA RAGHUBIR SINGH,,9,Re-Appear,,1,B.Tech. (Computer Science & Engineering),Nov-2024,1st semester.pdf
2416766,SNEHA DOFARA VIKAS DOFARA,,9,Re-Appear,,1,B.Tech. (Computer Science & Engineering),Nov-2024,1st semester.pdf
2416767,SUHANI KUMARI CHAUBEY DEEPAK KUMAR CHAUBEY,,9,Re-Appear,,1,B.Tech. (Computer Science & Engineering),Nov-2024,1st semester.pdf
2416785,TUSAR DOD SURJIT SINGH,,5,Re-Appear,,1,B.Tech. (Computer Science & Engineering),Nov-2024,1st semester.pdf
2416794,VANSHAJ RATHI DINESH,7.0,17,Pass,,1,B.Tech. (Computer Science & Engineering),Nov-2024,1st semester.pdf
2459765,GURDIT SINGH PARAMJIT SINGH,,5,Re-Appear,,1,B.Tech. (Computer Science & Engineering),Nov-2024,1st semester.pdf
2459766,GURSHARAN SINGH GURDEV SINGH,7.94,17,Pass,,1,B.Tech. (Computer Science & Engineering),Nov-2024,1st semester.pdf
2416438,AADARSHDEEP SINGH JASWINDER SINGH,8.0,20,Pass,,2,B.Tech. (Computer Science & Engineering),April-2025,2nd semester.pdf
2416439,AAKANKSHA BAGHESHWAR PARMAR,6.8,20,Pass,,2,B.Tech. (Computer Science & Engineering),April-2025,2nd semester.pdf
2416440,AAKARSHAK KAUSHAL SANJAY KAUSHAL,7.6,20,Pass,,2,B.Tech. (Computer Science & Engineering),April-2025,2nd semester.pdf
2416441,AALOK CHAUHAN PRADEEP,8.1,20,Pass,,2,B.Tech. (Computer Science & Engineering),April-2025,2nd semester.pdf
2416442,AARUSHI ARUN BAKSHI,9.15,20,Pass,,2,B.Tech. (Computer Science & Engineering),April-2025,2nd semester.pdf
2416443,AARYAN KARAM SINGH,8.15,20,Pass,,2,B.Tech. (Computer Science & Engineering),April-2025,2nd semester.pdf
2416444,AARYAN RANA DINESH KUMAR,7.55,20,Pass,,2,B.Tech. (Computer Science & Engineering),April-2025,2nd semester.pdf
2416445,AAYUSH GARG DINESH KUMAR,,16,Re-Appear,,2,B.Tech. (Computer Science & Engineering),April-2025,2nd semester.pdf
2416446,AAYUSH KUMAR SAURABH KUMAR,8.45,20,Pass,,2,B.Tech. (Computer Science & Engineering),April-2025,2nd semester.pdf
2416447,ABHAY VASHISHT HIND BHUSHAN SHARMA,8.35,20,Pass,,2,B.Tech. (Computer Science & Engineering),April-2025,2nd semester.pdf
2416448,ABHAYDEEP SINGH KEWAL SINGH,,16,Re-Appear,,2,B.Tech. (Computer Science & Engineering),April-2025,2nd semester.pdf
2416449,ABHINABH RANA GAGAN KUMAR,,13,Re-Appear,,2,B.Tech. (Computer Science & Engineering),April-2025,2nd semester.pdf
2416450,ABHINAV RAWAT SURESH RAWAT,,17,Re-Appear,,2,B.Tech. (Computer Science & Engineering),April-2025,2nd semester.pdf
2416451,ABHISHEK BALWINDER SINGH,7.7,20,Pass,,2,B.Tech. (Computer Science & Engineering),April-2025,2nd semester.pdf
2416452,ABHISHEK KUMAR MADAN PRASAD,8.4,20,Pass,,2,B.Tech. (Computer Science & Engineering),April-2025,2nd semester.pdf
2416453,ABRAHAM DAVID RANJIT DAVID,7.15,20,Pass,,2,B.Tech. (Computer Science & Engineering),April-2025,2nd semester.pdf
2416454,ADITYA ANUP SINGH,,4,Re-Appear,,2,B.Tech. (Computer Science & Engineering),April-2025,2nd semester.pdf
2416455,ADITYA PUNIT KUMAR,7.0,20,Pass,,2,B.Tech. (Computer Science & Engineering),April-2025,2nd semester.pdf
2416456,ADITYA RAJESH,7.65,20,Pass,,2,B.Tech. (Computer Science & Engineering),April-2025,2nd semester.pdf
2416457,ADITYA KUMAR BHIKHU YADAV,,13,Re-Appear,,2,B.Tech. (Computer Science & Engineering),April-2025,2nd semester.pdf
2416458,ADITYA PUSHPAKAR ASHUTOSH KUMAR,7.05,20,Pass,,2,B.Tech. (Computer Science & Engineering),April-2025,2nd semester.pdf
2416459,ADITYA SHARMA SHASHI KUMAR,,9,Re-Appear,,2,B.Tech. (Computer Science & Engineering),April-2025,2nd semester.pdf
2416460,AKANKSHA CHAMAN LAL,7.8,20,Pass,,2,B.Tech. (Computer Science & Engineering),April-2025,2nd semester.pdf
2416461,AKASHDEEP SINGH PRABHDEEP SINGH,,16,Re-Appear,,2,B.Tech. (Computer Science & Engineering),April-2025,2nd semester.pdf
2416462,AKSHAY KUMAR VINOD KUMAR GUPTA,8.15,20,Pass,,2,B.Tech. (Computer Science & Engineering),April-2025,2nd semester.pdf
2416463,AMANPREET SINGH MANJIT SINGH,7.8,20,Pass,,2,B.Tech. (Computer Science & Engineering),April-2025,2nd semester.pdf
2416464,AMARJEET KAUR RANJEET SINGH,7.6,20,Pass,,2,B.Tech. (Computer Science & Engineering),April-2025,2nd semester.pdf
2416465,AMARNATH KUMAR DINESH KUMAR RAY,7.75,20,Pass,,2,B.Tech. (Computer Science & Engineering),April-2025,2nd semester.pdf
2416466,AMIT TOMAR SHYAM SINGH,7.55,20,Pass,,2,B.Tech. (Computer Science & Engineering),April-2025,2nd semester.pdf
2416467,AMRITA BHARTI MAHENDRA PANDIT,8.05,20,Pass,,2,B.Tech. (Computer Science & Engineering),April-2025,2nd semester.pdf
2416468,AMRITA THAKUR DALIP THAKUR,8.35,20,Pass,,2,B.Tech. (Computer Science & Engineering),April-2025,2nd semester.pdf
2416469,ANANYA MAKKAR ASHISH KUMAR,9.2,20,Pass,,2,B.Tech. (Computer Science & Engineering),April-2025,2nd semester.pdf
2416470,ANCHAL RAI UMESH KUMAR RAI,7.85,20,Pass,,2,B.Tech. (Computer Science & Engineering),April-2025,2nd semester.pdf
2416471,ANGEL BANSAL ANIL KUMAR BANSAL,9.55,20,Pass,,2,B.Tech. (Computer Science & Engineering),April-2025,2nd semester.pdf
2416472,ANIKET PATHANIA PUSHPINDER SINGH,8.6,20,Pass,,2,B.Tech. (Computer Science & Engineering),April-2025,2nd semester.pdf
2416473,ANKITA ASHOK KUMAR,7.7,20,Pass,,2,B.Tech. (Computer Science & Engineering),April-2025,2nd semester.pdf
2416474,ANMOLPREET KAUR BALRAM SINGH,7.75,20,Pass,,2,B.Tech. (Computer Science & Engineering),April-2025,2nd semester.pdf
2416475,ANMOLPREET KAUR SUKHWINDER SINGH,,13,Re-Appear,,2,B.Tech. (Computer Science & Engineering),April-2025,2nd semester.pdf
2416476,ANSH THAKUR ASHWANI KUMAR,8.45,20,Pass,,2,B.Tech. (Computer Science & Engineering),April-2025,2nd semester.pdf
2416477,ANSHIKA BHATIA ASHISH BHATIA,8.05,20,Pass,,2,B.Tech. (Computer Science & Engineering),April-2025,2nd semester.pdf
2416478,ANSHUL SHARMA JATINDER KUMAR SHARMA,7.55,20,Pass,,2,B.Tech. (Computer Science & Engineering),April-2025,2nd semester.pdf
2416479,ANUNAY KUMAR HIMANSHU SHANKAR,7.7,20,Pass,,2,B.Tech. (Computer Science & Engineering),April-2025,2nd semester.pdf
2416481,ANUSHKA VATS SATISH KUMAR SHARMA,7.9,20,Pass,,2,B.Tech. (Computer Science & Engineering),April-2025,2nd semester.pdf
2416482,ANVESHA SHARMA VISHAL SHARMA,8.15,20,Pass,,2,B.Tech. (Computer Science & Engineering),April-2025,2nd semester.pdf
2416483,APSHEETA JAI BHAGWAN,8.2,20,Pass,,2,B.Tech. (Computer Science & Engineering),April-2025,2nd semester.pdf
2416484,ARIEN SEHGAL GAURAV SEHGAL,8.3,20,Pass,,2,B.Tech. (Computer Science & Engineering),April-2025,2nd semester.pdf
2416485,ARJUN THAKUR GAGAN KUMAR,7.85,20,Pass,,2,B.Tech. (Computer Science & Engineering),April-2025,2nd semester.pdf
2416486,ARJUN YADAV SHYAM KUMAR YADAV,8.15,20,Pass,,2,B.Tech. (Computer Science & Engineering),April-2025,2nd semester.pdf
2416487,ARMAN ROHILLA PARVEEN KUMAR,7.8,20,Pass,,2,B.Tech. (Computer Science & Engineering),April-2025,2nd semester.pdf
2416488,ARPIT PRASHAR SANJEEV KUMAR,,9,Re-Appear,,2,B.Tech. (Computer Science & Engineering),April-2025,2nd semester.pdf
2416489,ARSHDEEP SINGH GURDEEP SINGH,8.05,20,Pass,,2,B.Tech. (Computer Science & Engineering),April-2025,2nd semester.pdf
2416490,ARSHDEEP SINGH HARBANS SINGH,7.6,20,Pass,,2,B.Tech. (Computer Science & Engineering),April-2025,2nd semester.pdf
2416491,ARUN SURINDER SINGH,8.4,20,Pass,,2,B.Tech. (Computer Science & Engineering),April-2025,2nd semester.pdf
2416493,ARYAN RAJINDER KUMAR,,17,Re-Appear,,2,B.Tech. (Computer Science & Engineering),April-2025,2nd semester.pdf
2416494,ARYAN KUMAR PATHAK SHANKAR DAYAL PATHAK,7.85,20,Pass,,2,B.Tech. (Computer Science & Engineering),April-2025,2nd semester.pdf
2416495,ARYAN RANA BALJEET SINGH,8.3,20,Pass,,2,B.Tech. (Computer Science & Engineering),April-2025,2nd semester.pdf
2416497,ARYAN TIWARI NARESH CHANDRA TIWARI,,12,Re-Appear,,2,B.Tech. (Computer Science & Engineering),April-2025,2nd semester.pdf
2416498,ARYANSH SHASHI BHUSHAN,8.5,20,Pass,,2,B.Tech. (Computer Science & Engineering),April-2025,2nd semester.pdf
2416499,ASHISH RAJ SANJAY KUMAR,,16,Re-Appear,,2,B.Tech. (Computer Science & Engineering),April-2025,2nd semester.pdf
2416500,ASHISH RANJAN MISHRA PAPPU MISHRA,,16,Re-Appear,,2,B.Tech. (Computer Science & Engineering),April-2025,2nd semester.pdf
2416502,ASIF MAHMOOD ABDUL BASIT,7.6,20,Pass,,2,B.Tech. (Computer Science & Engineering),April-2025,2nd semester.pdf
2416503,ASMIT SRIVASTAVA ABHISHEK KUMAR,,16,Re-Appear,,2,B.Tech. (Computer Science & Engineering),April-2025,2nd semester.pdf
2416504,AYUSH RAVI SHANKAR,7.9,20,Pass,,2,B.Tech. (Computer Science & Engineering),April-2025,2nd semester.pdf
2416505,AYUSH SUNIL KUMAR,8.35,20,Pass,,2,B.Tech. (Computer Science & Engineering),April-2025,2nd semester.pdf
2416506,AYUSH KUMAR VIKAS KUMAR,8.25,20,Pass,,2,B.Tech. (Computer Science & Engineering),April-2025,2nd semester.pdf
2416507,AYUSH SAINI ANIL KUMAR,7.25,20,Pass,,2,B.Tech. (Computer Science & Engineering),April-2025,2nd semester.pdf
2416508,AYUSH SINGH NEGI KAILASH SINGH,7.45,20,Pass,,2,B.Tech. (Computer Science & Engineering),April-2025,2nd semester.pdf
2416509,BALA JI PANDEY MANOJ KUMAR,9.15,20,Pass,,2,B.Tech. (Computer Science & Engineering),April-2025,2nd semester.pdf
2416510,BASANT KUMAR RANJIT SINGH,7.9,20,Pass,,2,B.Tech. (Computer Science & Engineering),April-2025,2nd semester.pdf
2416511,BHUMI RAJIV PRABHAKAR,7.75,20,Pass,,2,B.Tech. (Computer Science & Engineering),April-2025,2nd semester.pdf
2416512,BHUMIKA SURINDER KUMAR,,16,Re-Appear,,2,B.Tech. (Computer Science & Engineering),April-2025,2nd semester.pdf
2416513,CHAHAT DHAMIJA DEEPAK DHAMIJA,7.1,20,Pass,,2,B.Tech. (Computer Science & Engineering),April-2025,2nd semester.pdf
2416514,CHIRAG HARISH KUMAR KHATRI,7.9,20,Pass,,2,B.Tech. (Computer Science & Engineering),April-2025,2nd semester.pdf
2416515,CHIRAG RAKESH KUMAR,7.5,20,Pass,,2,B.Tech. (Computer Science & Engineering),April-2025,2nd semester.pdf
2416516,DAKSH RAJKUMAR,9.55,20,Pass,,2,B.Tech. (Computer Science & Engineering),April-2025,2nd semester.pdf
2416517,DAKSH ARYA VIPIN KUMAR,7.7,20,Pass,,2,B.Tech. (Computer Science & Engineering),April-2025,2nd semester.pdf
2416519,DALVIR SINGH GURJANT SINGH,8.35,20,Pass,,2,B.Tech. (Computer Science & Engineering),April-2025,2nd semester.pdf
2416520,DEEPANSHU THAKUR ANUP SINGH,,17,Re-Appear,,2,B.Tech. (Computer Science & Engineering),April-2025,2nd semester.pdf
2416521,DEVIKA SANJAY KUMAR,9.15,20,Pass,,2,B.Tech. (Computer Science & Engineering),April-2025,2nd semester.pdf
2416522,DEWAKAR SINGH RAWAT DHANPAL SINGH,7.85,20,Pass,,2,B.Tech. (Computer Science & Engineering),April-2025,2nd semester.pdf
2416523,DHRUV MANOJ KUMAR,7.4,20,Pass,,2,B.Tech. (Computer Science & Engineering),April-2025,2nd semester.pdf
2416524,DHRUV AGGARWAL RAMESH GUPTA,9.25,20,Pass,,2,B.Tech. (Computer Science & Engineering),April-2025,2nd semester.pdf
2416525,DIBYANSHU SINHA DEEPAK KUMAR,7.3,20,Pass,,2,B.Tech. (Computer Science & Engineering),April-2025,2nd semester.pdf
2416526,DIPANSHU MEHMI DES RAJ,6.55,20,Pass,,2,B.Tech. (Computer Science & Engineering),April-2025,2nd semester.pdf
2416527,DIVYA NARESH KUMAR,7.9,20,Pass,,2,B.Tech. (Computer Science & Engineering),April-2025,2nd semester.pdf
2416528,DIVYANSHU KUMAR VIRENDER KUMAR,7.85,20,Pass,,2,B.Tech. (Computer Science & Engineering),April-2025,2nd semester.pdf
2416529,DIVYANSHU PANDEY AMRENDRA KUMAR PANDEY,8.35,20,Pass,,2,B.Tech. (Computer Science & Engineering),April-2025,2nd semester.pdf
2416530,DOLPHY NARESH KUMAR,9.3,20,Pass,,2,B.Tech. (Computer Science & Engineering),April-2025,2nd semester.pdf
2416531,DRISHTI PAWAN KUMAR,8.8,20,Pass,,2,B.Tech. (Computer Science & Engineering),April-2025,2nd semester.pdf
2416532,DURVA CHOUDHARY MITHILESH KUMAR CHOUDHARY,,7,Re-Appear,,2,B.Tech. (Computer Science & Engineering),April-2025,2nd semester.pdf
2416533,DUSHYANT SHARMA RAJENDER KUMAR,,16,Re-Appear,,2,B.Tech. (Computer Science & Engineering),April-2025,2nd semester.pdf
2416534,GAURAV SANJAY KUMAR MISHRA,7.5,20,Pass,,2,B.Tech. (Computer Science & Engineering),April-2025,2nd semester.pdf
2416535,GAURAV CHOUBEY BINAY KUMAR CHOUBEY,,9,Re-Appear,,2,B.Tech. (Computer Science & Engineering),April-2025,2nd semester.pdf
2416536,GUNEET GOYAL VIJAY GOYAL,7.85,20,Pass,,2,B.Tech. (Computer Science & Engineering),April-2025,2nd semester.pdf
2416537,GUNJAN VERMA RAJESH VERMA,6.55,20,Pass,,2,B.Tech. (Computer Science & Engineering),April-2025,2nd semester.pdf
2416538,GURJOT SINGH RANJODH SINGH,,16,Re-Appear,,2,B.Tech. (Computer Science & Engineering),April-2025,2nd semester.pdf
2416539,GURLEEN SINGH GULATI JITENDER SINGH,7.55,20,Pass,,2,B.Tech. (Computer Science & Engineering),April-2025,2nd semester.pdf
2416540,GURNOOR LAKHWINDER KUMAR,8.2,20,Pass,,2,B.Tech. (Computer Science & Engineering),April-2025,2nd semester.pdf
2416541,GURPREET YASH PAL,,12,Re-Appear,,2,B.Tech. (Computer Science & Engineering),April-2025,2nd semester.pdf
2416542,GURSAHIB SINGH JASWINDER SINGH,7.25,20,Pass,,2,B.Tech. (Computer Science & Engineering),April-2025,2nd semester.pdf
2416543,GURSHANT SINGH AMRIK SINGH,9.7,20,Pass,,2,B.Tech. (Computer Science & Engineering),April-2025,2nd semester.pdf
2416545,HARMEET SINGH MAKHAN SINGH,6.6,20,Pass,,2,B.Tech. (Computer Science & Engineering),April-2025,2nd semester.pdf
2416546,HARPREET SINGH AJAIB SINGH,,13,Re-Appear,,2,B.Tech. (Computer Science & Engineering),April-2025,2nd semester.pdf
2416547,HARSH RAJINDER KUMAR,7.15,20,Pass,,2,B.Tech. (Computer Science & Engineering),April-2025,2nd semester.pdf
2416548,HARSH DHIMAN RAM NIWAS,,18,Re-Appear,,2,B.Tech. (Computer Science & Engineering),April-2025,2nd semester.pdf
2416549,HARSH MITTAL RAKESH KUMAR,7.25,20,Pass,,2,B.Tech. (Computer Science & Engineering),April-2025,2nd semester.pdf
2416551,HARSH SINGH RAMVIR SINGH,7.3,20,Pass,,2,B.Tech. (Computer Science & Engineering),April-2025,2nd semester.pdf
2416552,HARSHIT MAKKAR VIJAY MAKKAR,7.05,20,Pass,,2,B.Tech. (Computer Science & Engineering),April-2025,2nd semester.pdf
2416553,HARSHITA THAKUR AMIT KUMAR,8.5,20,Pass,,2,B.Tech. (Computer Science & Engineering),April-2025,2nd semester.pdf
2416554,HARSHVARDHAN RANA SANJEEV KUMAR,,13,Re-Appear,,2,B.Tech. (Computer Science & Engineering),April-2025,2nd semester.pdf
2416555,HEMANT MADAN GIRI,,17,Re-Appear,,2,B.Tech. (Computer Science & Engineering),April-2025,2nd semester.pdf
2416556,HIMANSHU AGROHIA ANIL KUMAR,7.45,20,Pass,,2,B.Tech. (Computer Science & Engineering),April-2025,2nd semester.pdf
2416557,HIMANSHU JOSHI NAVEEN CHANDRA,8.65,20,Pass,,2,B.Tech. (Computer Science & Engineering),April-2025,2nd semester.pdf
2416558,HIMANSHU NEGI DARMIYAN SINGH,8.55,20,Pass,,2,B.Tech. (Computer Science & Engineering),April-2025,2nd semester.pdf
2416559,HITEN KASHYAP VINOD KUMAR,7.85,20,Pass,,2,B.Tech. (Computer Science & Engineering),April-2025,2nd semester.pdf
2416560,ISHA NARESH KUMAR,8.25,20,Pass,,2,B.Tech. (Computer Science & Engineering),April-2025,2nd semester.pdf
2416561,ISHAAN SHARMA RAJIV KUMAR,7.05,20,Pass,,2,B.Tech. (Computer Science & Engineering),April-2025,2nd semester.pdf
2416562,ISHAN MEHTA SOHAN LAL,,14,Re-Appear,,2,B.Tech. (Computer Science & Engineering),April-2025,2nd semester.pdf
2416563,ISHANT NARWAL VIJAY KUMAR,,17,Re-Appear,,2,B.Tech. (Computer Science & Engineering),April-2025,2nd semester.pdf
2416564,ISHIKA BAINS PRAVEEN KUMAR,8.9,20,Pass,,2,B.Tech. (Computer Science & Engineering),April-2025,2nd semester.pdf
2416565,ISHITA MAHAJAN ATUL MAHAJAN,7.25,20,Pass,,2,B.Tech. (Computer Science & Engineering),April-2025,2nd semester.pdf
2416566,JAIDEEP RAM NARIAN,6.4,20,Pass,,2,B.Tech. (Computer Science & Engineering),April-2025,2nd semester.pdf
2416568,JASJOT SINGH RAVINDER SINGH,8.0,20,Pass,,2,B.Tech. (Computer Science & Engineering),April-2025,2nd semester.pdf
2416569,JASKARAN SINGH LAKHVIR SINGH,,17,Re-Appear,,2,B.Tech. (Computer Science & Engineering),April-2025,2nd semester.pdf
2416570,JASKIRAT SINGH SAINI HARMINDER SINGH SAINI,8.85,20,Pass,,2,B.Tech. (Computer Science & Engineering),April-2025,2nd semester.pdf
2416571,JASPREET MAN SINGH,8.55,20,Pass,,2,B.Tech. (Computer Science & Engineering),April-2025,2nd semester.pdf
2416572,JASPREET KAUR KAMALJEET SINGH,8.35,20,Pass,,2,B.Tech. (Computer Science & Engineering),April-2025,2nd semester.pdf
2416573,JATIN RAMESH KUMAR,,17,Re-Appear,,2,B.Tech. (Computer Science & Engineering),April-2025,2nd semester.pdf
2416574,JATIN SURENDER KUMAR,6.8,20,Pass,,2,B.Tech. (Computer Science & Engineering),April-2025,2nd semester.pdf
2416575,JATIN BAJAJ KHUSHWINDER BAJAJ,7.45,20,Pass,,2,B.Tech. (Computer Science & Engineering),April-2025,2nd semester.pdf
2416576,JATIN DAHIYA ASHOK KUMAR,,17,Re-Appear,,2,B.Tech. (Computer Science & Engineering),April-2025,2nd semester.pdf
2416577,JYOTIKA TRIDEEP MITTAL,8.6,20,Pass,,2,B.Tech. (Computer Science & Engineering),April-2025,2nd semester.pdf
2416578,KABIR SINGH LALIT KUMAR,,9,Re-Appear,,2,B.Tech. (Computer Science & Engineering),April-2025,2nd semester.pdf
2416579,KALASH AGRAWAL SANTOSH KUMAR AGRAWAL,7.5,20,Pass,,2,B.Tech. (Computer Science & Engineering),April-2025,2nd semester.pdf
2416580,KAMAKSHI RAKESH KUMAR,8.6,20,Pass,,2,B.Tech. (Computer Science & Engineering),April-2025,2nd semester.pdf
2416581,KAMAL SHARMA TEJINDER SHARMA,7.95,20,Pass,,2,B.Tech. (Computer Science & Engineering),April-2025,2nd semester.pdf
2416582,KAMYA BAJAJ LATE SUSHIL BAJAJ,7.4,20,Pass,,2,B.Tech. (Computer Science & Engineering),April-2025,2nd semester.pdf
2416583,KANAK VIJAY KUMAR,7.6,20,Pass,,2,B.Tech. (Computer Science & Engineering),April-2025,2nd semester.pdf
2416584,KANAV GUPTA AMIT KUMAR GUPTA,7.8,20,Pass,,2,B.Tech. (Computer Science & Engineering),April-2025,2nd semester.pdf
2416585,KANISHKA BHATI LALIT KUMAR BHATI,7.9,20,Pass,,2,B.Tech. (Computer Science & Engineering),April-2025,2nd semester.pdf
2416586,KARAN VERMA RAKESH KUMAR,8.25,20,Pass,,2,B.Tech. (Computer Science & Engineering),April-2025,2nd semester.pdf
2416587,KARANDEEP SINGH OM PARKASH,,16,Re-Appear,,2,B.Tech. (Computer Science & Engineering),April-2025,2nd semester.pdf
2416588,KARMA ANGMO CHHERING ANGCHUK,8.0,20,Pass,,2,B.Tech. (Computer Science & Engineering),April-2025,2nd semester.pdf
2416589,KARTIK ASHOK KUMAR DHINGRA,8.2,20,Pass,,2,B.Tech. (Computer Science & Engineering),April-2025,2nd semester.pdf
2416590,KARTIK SHARMA VIRENDER KUMAR,,9,Re-Appear,,2,B.Tech. (Computer Science & Engineering),April-2025,2nd semester.pdf
2416591,KARTIK SINGH VIKRANT KUMAR,8.65,20,Pass,,2,B.Tech. (Computer Science & Engineering),April-2025,2nd semester.pdf
2416592,KASHISH JITENDER,7.45,20,Pass,,2,B.Tech. (Computer Science & Engineering),April-2025,2nd semester.pdf
2416593,KASHISH RAJ KUMAR,7.75,20,Pass,,2,B.Tech. (Computer Science & Engineering),April-2025,2nd semester.pdf
2416594,KASHISH SINGLA TANISH SINGLA,7.7,20,Pass,,2,B.Tech. (Computer Science & Engineering),April-2025,2nd semester.pdf
2416595,KATREENA SADANA BRIJ LAL,9.05,20,Pass,,2,B.Tech. (Computer Science & Engineering),April-2025,2nd semester.pdf
2416596,KAVYA VIMAL KUMAR SINGHAL,8.2,20,Pass,,2,B.Tech. (Computer Science & Engineering),April-2025,2nd semester.pdf
2416597,KESHAV KUMAR RAVINDER KUMAR,7.6,20,Pass,,2,B.Tech. (Computer Science & Engineering),April-2025,2nd semester.pdf
2416598,KESHAV MADHAV BHARDWAJ SURINDER KUMAR,,13,Re-Appear,,2,B.Tech. (Computer Science & Engineering),April-2025,2nd semester.pdf
2416599,KESHVI SAINI AMIT KUMAR SAINI,,9,Re-Appear,,2,B.Tech. (Computer Science & Engineering),April-2025,2nd semester.pdf
2416600,KHUSHBOO SAHANI BIRENDRA SAHANI,8.5,20,Pass,,2,B.Tech. (Computer Science & Engineering),April-2025,2nd semester.pdf
2416601,KHUSHBU ANOOP,,16,Re-Appear,,2,B.Tech. (Computer Science & Engineering),April-2025,2nd semester.pdf
2416602,KHUSHI JINDAL OMPAL JINDAL,8.25,20,Pass,,2,B.Tech. (Computer Science & Engineering),April-2025,2nd semester.pdf
2416603,KHUSHI MISHRA AMAR KUMAR MISHRA,8.15,20,Pass,,2,B.Tech. (Computer Science & Engineering),April-2025,2nd semester.pdf
2416604,KIRTI KUMARI NIRAJ KUMAR KANCHAN,7.1,20,Pass,,2,B.Tech. (Computer Science & Engineering),April-2025,2nd semester.pdf
2416605,KRISH BALORIA RAMESH BALORIA,7.95,20,Pass,,2,B.Tech. (Computer Science & Engineering),April-2025,2nd semester.pdf
2416606,KRISH UNIYAL SUBHASH,8.05,20,Pass,,2,B.Tech. (Computer Science & Engineering),April-2025,2nd semester.pdf
2416607,KRISHNA JHANJI SANJEEV KUMAR JHANJI,9.15,20,Pass,,2,B.Tech. (Computer Science & Engineering),April-2025,2nd semester.pdf
2416608,KRISHNA SHARMA RAVI SHARMA,,0,Re-Appear,,2,B.Tech. (Computer Science & Engineering),April-2025,2nd semester.pdf
2416609,KUMKUM AGGARWAL LOKESH AGGARWAL,9.2,20,Pass,,2,B.Tech. (Computer Science & Engineering),April-2025,2nd semester.pdf
2416610,KUSH NAIN SUBHASH CHAND,,9,Re-Appear,,2,B.Tech. (Computer Science & Engineering),April-2025,2nd semester.pdf
2416611,KUSHAL MITTAL VISHAL MITTAL,7.7,20,Pass,,2,B.Tech. (Computer Science & Engineering),April-2025,2nd semester.pdf
2416612,LAKSHAY CHOUDHARY HARBEER,,9,Re-Appear,,2,B.Tech. (Computer Science & Engineering),April-2025,2nd semester.pdf
2416613,LAKSHAY KUMAR AMRISH KUMAR,,13,Re-Appear,,2,B.Tech. (Computer Science & Engineering),April-2025,2nd semester.pdf
2416614,LAKSHAY MEHRA SATYAWAN SINGH MEHRA,,9,Re-Appear,,2,B.Tech. (Computer Science & Engineering),April-2025,2nd semester.pdf
2416615,LAKSHIT KUMAR VINOD KUMAR,7.45,20,Pass,,2,B.Tech. (Computer Science & Engineering),April-2025,2nd semester.pdf
2416616,LOKESH DHARMENDER,7.35,20,Pass,,2,B.Tech. (Computer Science & Engineering),April-2025,2nd semester.pdf
2416617,LOVE NAIN SUBHASH CHAND,,12,Re-Appear,,2,B.Tech. (Computer Science & Engineering),April-2025,2nd semester.pdf
2416618,LOVELEEN KAMALJEET,7.65,20,Pass,,2,B.Tech. (Computer Science & Engineering),April-2025,2nd semester.pdf
2416619,LOVNEET KAUR SUKHPAL SINGH,,13,Re-Appear,,2,B.Tech. (Computer Science & Engineering),April-2025,2nd semester.pdf
2416620,LUVNEET SINGH DAVINDER SINGH,8.25,20,Pass,,2,B.Tech. (Computer Science & Engineering),April-2025,2nd semester.pdf
2416621,MADHAV GARG SANJEEV GARG,,13,Re-Appear,,2,B.Tech. (Computer Science & Engineering),April-2025,2nd semester.pdf
2416622,MADHAV KAPAHI RAMIT KAPAHI,,9,Re-Appear,,2,B.Tech. (Computer Science & Engineering),April-2025,2nd semester.pdf
2416623,MAHAK HARISH KUMAR,7.95,20,Pass,,2,B.Tech. (Computer Science & Engineering),April-2025,2nd semester.pdf
2416624,MAHAK KAPIL DEV,9.35,20,Pass,,2,B.Tech. (Computer Science & Engineering),April-2025,2nd semester.pdf
2416625,MANAV BHASIN ANIL BHASIN,6.8,20,Pass,,2,B.Tech. (Computer Science & Engineering),April-2025,2nd semester.pdf
2416626,MANAV SHARMA SANJIV KUMAR,,0,Re-Appear,,2,B.Tech. (Computer Science & Engineering),April-2025,2nd semester.pdf
2416627,MANJOT KAUR GURSEVAK SINGH SANDHU,,17,Re-Appear,,2,B.Tech. (Computer Science & Engineering),April-2025,2nd semester.pdf
2416628,MANMOHAN KAUR RANBIR SINGH,7.95,20,Pass,,2,B.Tech. (Computer Science & Engineering),April-2025,2nd semester.pdf
2416629,MANPREET KAUR VEERJEET SINGH,8.1,20,Pass,,2,B.Tech. (Computer Science & Engineering),April-2025,2nd semester.pdf
2416630,MANPREET SINGH HARBANS SINGH,,9,Re-Appear,,2,B.Tech. (Computer Science & Engineering),April-2025,2nd semester.pdf
2416631,MANPREET SINGH NIRMAIL SINGH,,9,Re-Appear,,2,B.Tech. (Computer Science & Engineering),April-2025,2nd semester.pdf
2416632,MANTHAN BEDI PARTEEK BEDI,7.4,20,Pass,,2,B.Tech. (Computer Science & Engineering),April-2025,2nd semester.pdf
2416633,MANVIR SINGH MANINDER SINGH,9.0,20,Pass,,2,B.Tech. (Computer Science & Engineering),April-2025,2nd semester.pdf
2416634,MAYANK KRISHAN KUMAR KALRA,8.05,20,Pass,,2,B.Tech. (Computer Science & Engineering),April-2025,2nd semester.pdf
2416635,MAYANK ARORA AVINASH,8.35,20,Pass,,2,B.Tech. (Computer Science & Engineering),April-2025,2nd semester.pdf
2416636,MD NASIR HUSAIN SHEKH KALAM HUSAIN SHEKH,,12,Re-Appear,,2,B.Tech. (Computer Science & Engineering),April-2025,2nd semester.pdf
2416637,MD SAYEEDUL HAQUE MD SHOAIDUL HAQUE,7.3,20,Pass,,2,B.Tech. (Computer Science & Engineering),April-2025,2nd semester.pdf
2416638,MEENU RANI JEEVAN DASS,9.15,20,Pass,,2,B.Tech. (Computer Science & Engineering),April-2025,2nd semester.pdf
2416639,MEHAK JINDAL KARM CHAND,7.85,20,Pass,,2,B.Tech. (Computer Science & Engineering),April-2025,2nd semester.pdf
2416640,MIMANSHU UPWAN KUMAR,7.6,20,Pass,,2,B.Tech. (Computer Science & Engineering),April-2025,2nd semester.pdf
2416641,MISHTI BANSAL AJAY BANSAL,8.95,20,Pass,,2,B.Tech. (Computer Science & Engineering),April-2025,2nd semester.pdf
2416642,MOHAMMAD AFTAB MOHAMMAD UNESS,8.65,20,Pass,,2,B.Tech. (Computer Science & Engineering),April-2025,2nd semester.pdf
2416643,MOHAMMAD MUSARAF PARVEJ ALAM,,13,Re-Appear,,2,B.Tech. (Computer Science & Engineering),April-2025,2nd semester.pdf
2416644,MOHAMMAD RAQIM KHAN MOHAMMAD TARIQ KHAN,7.15,20,Pass,,2,B.Tech. (Computer Science & Engineering),April-2025,2nd semester.pdf
2416645,MOHD AADIL WANI MOHD RAFIQ,6.2,20,Pass,,2,B.Tech. (Computer Science & Engineering),April-2025,2nd semester.pdf
2416646,MOHIT SABHARWAL LATE JATINDER KUMAR,8.35,20,Pass,,2,B.Tech. (Computer Science & Engineering),April-2025,2nd semester.pdf
2416647,MUSAWWIRA KAUSAR MUBARAK AHMAD TAQWA,,13,Re-Appear,,2,B.Tech. (Computer Science & Engineering),April-2025,2nd semester.pdf
2416648,MUSKAN DEEPAK,,13,Re-Appear,,2,B.Tech. (Computer Science & Engineering),April-2025,2nd semester.pdf
2416649,MUSKAN RAMESH KUMAR,9.6,20,Pass,,2,B.Tech. (Computer Science & Engineering),April-2025,2nd semester.pdf
2416650,NAINA GARG ARUN GARG,9.3,20,Pass,,2,B.Tech. (Computer Science & Engineering),April-2025,2nd semester.pdf
2416651,NAMAN SACHDEVA OM PARKASH,8.25,20,Pass,,2,B.Tech. (Computer Science & Engineering),April-2025,2nd semester.pdf
2416652,NANDIKA BATISH SANJAY BATISH,9.35,20,Pass,,2,B.Tech. (Computer Science & Engineering),April-2025,2nd semester.pdf
2416653,NANDINI DHIMAN BANSI LAL,8.95,20,Pass,,2,B.Tech. (Computer Science & Engineering),April-2025,2nd semester.pdf
2416654,NANDINI GUPTA MUNNA PRASAD GUPTA,,13,Re-Appear,,2,B.Tech. (Computer Science & Engineering),April-2025,2nd semester.pdf
2416655,NAVDEEP DHIMAN BHUPENDRA KUMAR,6.25,20,Pass,,2,B.Tech. (Computer Science & Engineering),April-2025,2nd semester.pdf
2416656,NEERAJ KUMAR SOHAN LAL,8.05,20,Pass,,2,B.Tech. (Computer Science & Engineering),April-2025,2nd semester.pdf
2416657,NIKHIL KUMAR SURENDER KUMAR,,17,Re-Appear,,2,B.Tech. (Computer Science & Engineering),April-2025,2nd semester.pdf
2416658,NIKHIL UPADHYAY BALESHWAR UPADHYAY,8.9,20,Pass,,2,B.Tech. (Computer Science & Engineering),April-2025,2nd semester.pdf
2416659,NISHKA VINOD KUMAR,7.95,20,Pass,,2,B.Tech. (Computer Science & Engineering),April-2025,2nd semester.pdf
2416660,NITI AGARWAL SUDHANSHU AGARWAL,9.55,20,Pass,,2,B.Tech. (Computer Science & Engineering),April-2025,2nd semester.pdf
2416661,NITIN KUMAR SHRIVASTAV AMRENDRA KUMAR SHRIVASTAV,,9,Re-Appear,,2,B.Tech. (Computer Science & Engineering),April-2025,2nd semester.pdf
2416662,NITIN SAINI MAM CHAND,7.8,20,Pass,,2,B.Tech. (Computer Science & Engineering),April-2025,2nd semester.pdf
2416664,NUPUR RAKESH KUMAR,7.85,20,Pass,,2,B.Tech. (Computer Science & Engineering),April-2025,2nd semester.pdf
2416665,PALAK KULVIR SINGH,7.05,20,Pass,,2,B.Tech. (Computer Science & Engineering),April-2025,2nd semester.pdf
2416666,PANKAJ CHOUDHARY SURINDER SINGH,,9,Re-Appear,,2,B.Tech. (Computer Science & Engineering),April-2025,2nd semester.pdf
2416667,PARAMDEEP SINGH RANJEET SINGH,7.8,20,Pass,,2,B.Tech. (Computer Science & Engineering),April-2025,2nd semester.pdf
2416668,PARAS PAHWA JATINDER KUMAR,,13,Re-Appear,,2,B.Tech. (Computer Science & Engineering),April-2025,2nd semester.pdf
2416669,PARGATI CHUGH MULAKH RAJ,,16,Re-Appear,,2,B.Tech. (Computer Science & Engineering),April-2025,2nd semester.pdf
2416670,PARIKSHAT CHOTTANI PARDEEP CHOTTANI,,3,Re-Appear,,2,B.Tech. (Computer Science & Engineering),April-2025,2nd semester.pdf
2416671,PARTH THAKUR DINESH THAKUR,8.05,20,Pass,,2,B.Tech. (Computer Science & Engineering),April-2025,2nd semester.pdf
2416672,PARVEEN KUMAR DALIP SINGH,,3,Re-Appear,,2,B.Tech. (Computer Science & Engineering),April-2025,2nd semester.pdf
2416673,PIYUSH RANA PRAKASH CHAND,,2,Re-Appear,,2,B.Tech. (Computer Science & Engineering),April-2025,2nd semester.pdf
2416674,PIYUSH RANJAN SHAILENDRA ATEL,6.65,20,Pass,,2,B.Tech. (Computer Science & Engineering),April-2025,2nd semester.pdf
2416675,PRABHJOT KAUR HARJINDER SINGH,8.35,20,Pass,,2,B.Tech. (Computer Science & Engineering),April-2025,2nd semester.pdf
2416676,PRABHJOT KAUR RASHPAL SINGH,8.8,20,Pass,,2,B.Tech. (Computer Science & Engineering),April-2025,2nd semester.pdf
2416677,PRAKHAR GUPTA ANUPAM GUPTA,8.0,20,Pass,,2,B.Tech. (Computer Science & Engineering),April-2025,2nd semester.pdf
2416678,PRAKHAR TYAGI ARUN TYAGI,7.9,20,Pass,,2,B.Tech. (Computer Science & Engineering),April-2025,2nd semester.pdf
2416679,PRANAV SINGLA BHUPINDER KUMAR,,17,Re-Appear,,2,B.Tech. (Computer Science & Engineering),April-2025,2nd semester.pdf
2416680,PRANSHU SAINI BHUPINDER KUMAR,9.25,20,Pass,,2,B.Tech. (Computer Science & Engineering),April-2025,2nd semester.pdf
2416681,PRATHAM SURINDER PAL,,16,Re-Appear,,2,B.Tech. (Computer Science & Engineering),April-2025,2nd semester.pdf
2416682,PRATHAM GUPTA RAJIV KUMAR,8.55,20,Pass,,2,B.Tech. (Computer Science & Engineering),April-2025,2nd semester.pdf
2416683,PRERNA SUNIL KUMAR,8.4,20,Pass,,2,B.Tech. (Computer Science & Engineering),April-2025,2nd semester.pdf
2416684,PRIKSHAT SHIRE RAJINDER KUMAR,,9,Re-Appear,,2,B.Tech. (Computer Science & Engineering),April-2025,2nd semester.pdf
2416685,PRITHVI KAPILA PANKAJ KAPILA,9.2,20,Pass,,2,B.Tech. (Computer Science & Engineering),April-2025,2nd semester.pdf
2416686,PRIYA KAMBOJ BALDEV RAJ,7.05,20,Pass,,2,B.Tech. (Computer Science & Engineering),April-2025,2nd semester.pdf
2416687,PRIYANKA VIKRAM SINGH,8.0,20,Pass,,2,B.Tech. (Computer Science & Engineering),April-2025,2nd semester.pdf
2416688,PRIYANKA RAWAT MAHIPAL SINGH,,9,Re-Appear,,2,B.Tech. (Computer Science & Engineering),April-2025,2nd semester.pdf
2416689,PRIYANSHU SAINI JARNAIL SINGH,,7,Re-Appear,,2,B.Tech. (Computer Science & Engineering),April-2025,2nd semester.pdf
2416690,PUNYA NAGPAL VIKAS NAGPAL,8.1,20,Pass,,2,B.Tech. (Computer Science & Engineering),April-2025,2nd semester.pdf
2416691,PURU GULATI MANOHAR GULATI,,16,Re-Appear,,2,B.Tech. (Computer Science & Engineering),April-2025,2nd semester.pdf
2416692,RACHIT RAI PARVEEN SHARMA,,16,Re-Appear,,2,B.Tech. (Computer Science & Engineering),April-2025,2nd semester.pdf
2416693,RACHITA BHATIA PARVEEN BHATIA,8.45,20,Pass,,2,B.Tech. (Computer Science & Engineering),April-2025,2nd semester.pdf
2416694,RADHIKA AJAY KUMAR,9.1,20,Pass,,2,B.Tech. (Computer Science & Engineering),April-2025,2nd semester.pdf
2416695,RAGHAV SHARMA SANJEEV KUMAR,7.15,20,Pass,,2,B.Tech. (Computer Science & Engineering),April-2025,2nd semester.pdf
2416696,RAGHVENDRA SINGH MANOJ SINGH,9.35,20,Pass,,2,B.Tech. (Computer Science & Engineering),April-2025,2nd semester.pdf
2416697,RAHUL RAJESH,,1,Re-Appear,,2,B.Tech. (Computer Science & Engineering),April-2025,2nd semester.pdf
2416698,RAHUL KUMAR GUPTA AJAY KUMAR GUPTA,,16,Re-Appear,,2,B.Tech. (Computer Science & Engineering),April-2025,2nd semester.pdf
2416699,RAHUL MISHRA BINAY KUMAR MISHRA,8.55,20,Pass,,2,B.Tech. (Computer Science & Engineering),April-2025,2nd semester.pdf
2416700,RAJAT SANJAY,,12,Re-Appear,,2,B.Tech. (Computer Science & Engineering),April-2025,2nd semester.pdf
2416701,RAJBIR SINGH RANBIR SINGH,,16,Re-Appear,,2,B.Tech. (Computer Science & Engineering),April-2025,2nd semester.pdf
2416703,RAJVEER SINGH SATNAM SINGH,,13,Re-Appear,,2,B.Tech. (Computer Science & Engineering),April-2025,2nd semester.pdf
2416704,RAKESH KUMAR SAHANI LALLU SAHANI,,9,Re-Appear,,2,B.Tech. (Computer Science & Engineering),April-2025,2nd semester.pdf
2416705,RAMAN KUMAR RAM KUMAR,,16,Re-Appear,,2,B.Tech. (Computer Science & Engineering),April-2025,2nd semester.pdf
2416706,RASHANDEEP SINGH DHARAMJIT SINGH,8.0,20,Pass,,2,B.Tech. (Computer Science & Engineering),April-2025,2nd semester.pdf
2416707,RAVNEET KAUR NAZAR SINGH,8.55,20,Pass,,2,B.Tech. (Computer Science & Engineering),April-2025,2nd semester.pdf
2416708,RISHAB SINGH MANOJ KUMAR SINGH,,0,Re-Appear,,2,B.Tech. (Computer Science & Engineering),April-2025,2nd semester.pdf
2416709,RISHABH GARG VARINDER GARG,8.0,20,Pass,,2,B.Tech. (Computer Science & Engineering),April-2025,2nd semester.pdf
2416710,RISHI RAJPOOT RANBIR SINGH,7.5,20,Pass,,2,B.Tech. (Computer Science & Engineering),April-2025,2nd semester.pdf
2416711,RISHIKESH ANAND RANJEET KUMAR SINGH,7.8,20,Pass,,2,B.Tech. (Computer Science & Engineering),April-2025,2nd semester.pdf
2416712,RITIKA GUPTA ATUL GUPTA,7.5,20,Pass,,2,B.Tech. (Computer Science & Engineering),April-2025,2nd semester.pdf
2416713,RITISH KASHYAP KAPIL KUMAR,7.55,20,Pass,,2,B.Tech. (Computer Science & Engineering),April-2025,2nd semester.pdf
2416714,ROAIN RANA LATE VIKAS RANA,8.0,20,Pass,,2,B.Tech. (Computer Science & Engineering),April-2025,2nd semester.pdf
2416715,ROHAN SHARMA DESH RAJ SHARMA,8.05,20,Pass,,2,B.Tech. (Computer Science & Engineering),April-2025,2nd semester.pdf
2416716,ROHIT BHARTI DEVENDER BHARTI,7.9,20,Pass,,2,B.Tech. (Computer Science & Engineering),April-2025,2nd semester.pdf
2416717,ROHIT CHOUDHARY HARPAL SINGH,7.85,20,Pass,,2,B.Tech. (Computer Science & Engineering),April-2025,2nd semester.pdf
2416718,ROHIT VOHRA MANMOHAN VOHRA,7.75,20,Pass,,2,B.Tech. (Computer Science & Engineering),April-2025,2nd semester.pdf
2416719,SAGAR BMPD201-18 TARSEM SINGH 0 S,,0,Re-Appear,,2,B.Tech. (Computer Science & Engineering),April-2025,2nd semester.pdf
2416720,SAHIBJOT SINGH BHATIA HARPREET SINGH BHATIA,8.8,20,Pass,,2,B.Tech. (Computer Science & Engineering),April-2025,2nd semester.pdf
2416721,SAHIBPREET SINGH GURPREET SINGH,,16,Re-Appear,,2,B.Tech. (Computer Science & Engineering),April-2025,2nd semester.pdf
2416722,SAHIL NARINDER,7.8,20,Pass,,2,B.Tech. (Computer Science & Engineering),April-2025,2nd semester.pdf
2416723,SAHIL VINOD KUMAR,7.1,20,Pass,,2,B.Tech. (Computer Science & Engineering),April-2025,2nd semester.pdf
2416724,SAHIL MAAN SURENDER SINGH,,17,Re-Appear,,2,B.Tech. (Computer Science & Engineering),April-2025,2nd semester.pdf
2416726,SAKSHI GUPTA VIJAY KUMAR GUPTA,6.15,20,Pass,,2,B.Tech. (Computer Science & Engineering),April-2025,2nd semester.pdf
2416727,SAKSHI JASWANI ASHOK KUMAR,8.4,20,Pass,,2,B.Tech. (Computer Science & Engineering),April-2025,2nd semester.pdf
2416729,SAMARTH SANJEEV KUMAR,6.8,20,Pass,,2,B.Tech. (Computer Science & Engineering),April-2025,2nd semester.pdf
2416730,SAMPARK SHARMA SANJAY SHARMA,7.3,20,Pass,,2,B.Tech. (Computer Science & Engineering),April-2025,2nd semester.pdf
2416731,SANJAM SUSHIL KUMAR,,17,Re-Appear,,2,B.Tech. (Computer Science & Engineering),April-2025,2nd semester.pdf
2416732,SANJEEV VERMA JOGENDRA VERMA,7.6,20,Pass,,2,B.Tech. (Computer Science & Engineering),April-2025,2nd semester.pdf
2416733,SANJU KUMAR VINOD KUMAR,,17,Re-Appear,,2,B.Tech. (Computer Science & Engineering),April-2025,2nd semester.pdf
2416734,SANYAM NARESH KUMAR,7.7,20,Pass,,2,B.Tech. (Computer Science & Engineering),April-2025,2nd semester.pdf
2416735,SANYAM SHARMA RAJESH SHARMA,7.4,20,Pass,,2,B.Tech. (Computer Science & Engineering),April-2025,2nd semester.pdf
2416736,SARANDEEP SINGH KARKI HARI SINGH,,9,Re-Appear,,2,B.Tech. (Computer Science & Engineering),April-2025,2nd semester.pdf
2416737,SARBJEET SINGH TEJPAL SINGH,8.4,20,Pass,,2,B.Tech. (Computer Science & Engineering),April-2025,2nd semester.pdf
2416738,SARTHAK LEEKHA ATAM PRAKASH,8.05,20,Pass,,2,B.Tech. (Computer Science & Engineering),April-2025,2nd semester.pdf
2416739,SATYAM RAJESH KUMAR,6.4,20,Pass,,2,B.Tech. (Computer Science & Engineering),April-2025,2nd semester.pdf
2416740,SATYAM KUMAR SUDARSHAN KUMAR SINGH,8.2,20,Pass,,2,B.Tech. (Computer Science & Engineering),April-2025,2nd semester.pdf
2416741,SATYAM KUMAR SINGH MANOJ KUMAR SINGH,6.75,20,Pass,,2,B.Tech. (Computer Science & Engineering),April-2025,2nd semester.pdf
2416742,SEHAJDEEP SINGH WALIA VIRENDRA SINGH WALIA,8.6,20,Pass,,2,B.Tech. (Computer Science & Engineering),April-2025,2nd semester.pdf
2416743,SHAGUN DALJEET SINGH,8.2,20,Pass,,2,B.Tech. (Computer Science & Engineering),April-2025,2nd semester.pdf
2416744,SHIVAKSHI JAIN VIJAY JAIN,8.45,20,Pass,,2,B.Tech. (Computer Science & Engineering),April-2025,2nd semester.pdf
2416745,SHIVAM KUMAR KARAN SINGH,,9,Re-Appear,,2,B.Tech. (Computer Science & Engineering),April-2025,2nd semester.pdf
2416747,SHIVAM MIDHA RAVI MIDHA,9.15,20,Pass,,2,B.Tech. (Computer Science & Engineering),April-2025,2nd semester.pdf
2416748,SHIVANGI PARMAR HARINDER SINGH,7.6,20,Pass,,2,B.Tech. (Computer Science & Engineering),April-2025,2nd semester.pdf
2416749,SHIVANI DEVI SATISH KUMAR,7.35,20,Pass,,2,B.Tech. (Computer Science & Engineering),April-2025,2nd semester.pdf
2416750,SHIVANI THAKUR NEERAJ THAKUR,7.7,20,Pass,,2,B.Tech. (Computer Science & Engineering),April-2025,2nd semester.pdf
2416751,SHIVRAM KUMAR SINGH SHIVENDRA SINGH,,16,Re-Appear,,2,B.Tech. (Computer Science & Engineering),April-2025,2nd semester.pdf
2416752,SHOURYA THAKUR PREM SAGAR,,1,Re-Appear,,2,B.Tech. (Computer Science & Engineering),April-2025,2nd semester.pdf
2416753,SHREE SHARMA DHIRAJ SHARMA,8.95,20,Pass,,2,B.Tech. (Computer Science & Engineering),April-2025,2nd semester.pdf
2416754,SHREYA VIJAY KUMAR,8.15,20,Pass,,2,B.Tech. (Computer Science & Engineering),April-2025,2nd semester.pdf
2416755,SHRISHTI SHARMA K D SHARMA,,13,Re-Appear,,2,B.Tech. (Computer Science & Engineering),April-2025,2nd semester.pdf
2416756,SIDDHI SHANDILYA SANJAY KUMAR,7.55,20,Pass,,2,B.Tech. (Computer Science & Engineering),April-2025,2nd semester.pdf
2416757,SIDHANT MAAN SURENDER SINGH,7.5,20,Pass,,2,B.Tech. (Computer Science & Engineering),April-2025,2nd semester.pdf
2416758,SIDHARTH BUDANIA VIJENDER KUMAR,7.1,20,Pass,,2,B.Tech. (Computer Science & Engineering),April-2025,2nd semester.pdf
2416759,SIMARJOT GURUNAM,8.0,20,Pass,,2,B.Tech. (Computer Science & Engineering),April-2025,2nd semester.pdf
2416760,SIMRAN DHIMAN BANSI LAL,8.3,20,Pass,,2,B.Tech. (Computer Science & Engineering),April-2025,2nd semester.pdf
2416762,SIMRANPREET KAUR BAHADUR SINGH,8.85,20,Pass,,2,B.Tech. (Computer Science & Engineering),April-2025,2nd semester.pdf
2416763,SIYA BANSAL GAURAV BANSAL,9.5,20,Pass,,2,B.Tech. (Computer Science & Engineering),April-2025,2nd semester.pdf
2416764,SIYONA SANDEEP MANCHANDA,7.4,20,Pass,,2,B.Tech. (Computer Science & Engineering),April-2025,2nd semester.pdf
2416765,SNEHA RAGHUBIR SINGH,6.9,20,Pass,,2,B.Tech. (Computer Science & Engineering),April-2025,2nd semester.pdf
2416766,SNEHA DOFARA VIKAS DOFARA,6.75,20,Pass,,2,B.Tech. (Computer Science & Engineering),April-2025,2nd semester.pdf
2416767,SUHANI KUMARI CHAUBEY DEEPAK KUMAR CHAUBEY,6.2,20,Pass,,2,B.Tech. (Computer Science & Engineering),April-2025,2nd semester.pdf
2416768,SUJAL ANIL KUMAR,,17,Re-Appear,,2,B.Tech. (Computer Science & Engineering),April-2025,2nd semester.pdf
2416769,SUJAL RANA SURESH KUMAR,,16,Re-Appear,,2,B.Tech. (Computer Science & Engineering),April-2025,2nd semester.pdf
2416770,SUJAL SINGH MAHAR DHARMENDRA SINGH,,16,Re-Appear,,2,B.Tech. (Computer Science & Engineering),April-2025,2nd semester.pdf
2416771,SUKHDEEP SINGH GURDEEP SINGH,,13,Re-Appear,,2,B.Tech. (Computer Science & Engineering),April-2025,2nd semester.pdf
2416772,SUKHVIR KAUR HARJIT SINGH,7.75,20,Pass,,2,B.Tech. (Computer Science & Engineering),April-2025,2nd semester.pdf
2416773,SUMANPREET KAUR SUKHCHAIN SINGH,8.0,20,Pass,,2,B.Tech. (Computer Science & Engineering),April-2025,2nd semester.pdf
2416774,SUPINDER KAUR RULDU SINGH,8.25,20,Pass,,2,B.Tech. (Computer Science & Engineering),April-2025,2nd semester.pdf
2416775,SURAJ YADAV JAGDISH YADAV,7.3,20,Pass,,2,B.Tech. (Computer Science & Engineering),April-2025,2nd semester.pdf
2416776,SWAYAM VIJAY KUMAR,7.45,20,Pass,,2,B.Tech. (Computer Science & Engineering),April-2025,2nd semester.pdf
2416777,SWAYAM BHATIA VARINDER BHATIA,6.75,20,Pass,,2,B.Tech. (Computer Science & Engineering),April-2025,2nd semester.pdf
2416778,TANIA JASWINDER KUMAR,7.3,20,Pass,,2,B.Tech. (Computer Science & Engineering),April-2025,2nd semester.pdf
2416779,TANISHKA PARVEEN,7.35,20,Pass,,2,B.Tech. (Computer Science & Engineering),April-2025,2nd semester.pdf
2416780,TANNU RANI OM PARKASH,7.75,20,Pass,,2,B.Tech. (Computer Science & Engineering),April-2025,2nd semester.pdf
2416781,TANU DHIMAN DEEPAK KUMAR,,17,Re-Appear,,2,B.Tech. (Computer Science & Engineering),April-2025,2nd semester.pdf
2416782,TAUQEER KHAN HAFIZULLAH KHAN,,16,Re-Appear,,2,B.Tech. (Computer Science & Engineering),April-2025,2nd semester.pdf
2416783,TAVISH JINDAL RAJ KUMAR,8.5,20,Pass,,2,B.Tech. (Computer Science & Engineering),April-2025,2nd semester.pdf
2416784,TEJASAV BHATTI SANJEEV KUMAR BHATTI,,16,Re-Appear,,2,B.Tech. (Computer Science & Engineering),April-2025,2nd semester.pdf
2416785,TUSAR DOD SURJIT SINGH,,9,Re-Appear,,2,B.Tech. (Computer Science & Engineering),April-2025,2nd semester.pdf
2416786,TUSHAR VINOD KUMAR,,9,Re-Appear,,2,B.Tech. (Computer Science & Engineering),April-2025,2nd semester.pdf
2416787,UJJWAL THAKUR ASHWANI KUMAR,,12,Re-Appear,,2,B.Tech. (Computer Science & Engineering),April-2025,2nd semester.pdf
2416788,UMAR SHARIF SADRUDDIN ALAM,7.1,20,Pass,,2,B.Tech. (Computer Science & Engineering),April-2025,2nd semester.pdf
2416789,URVASHI SURESH KUMAR,8.15,20,Pass,,2,B.Tech. (Computer Science & Engineering),April-2025,2nd semester.pdf
2416790,VAISHNAVI RAVINDER KUMAR,8.1,20,Pass,,2,B.Tech. (Computer Science & Engineering),April-2025,2nd semester.pdf
2416791,VANDITA AHUJA LATE RAJEEV AHUJA,8.7,20,Pass,,2,B.Tech. (Computer Science & Engineering),April-2025,2nd semester.pdf
2416792,VANSAJ GARG AMRIT LAL,,13,Re-Appear,,2,B.Tech. (Computer Science & Engineering),April-2025,2nd semester.pdf
2416793,VANSH WALIA AMIT KUMAR,,16,Re-Appear,,2,B.Tech. (Computer Science & Engineering),April-2025,2nd semester.pdf
2416794,VANSHAJ RATHI DINESH,7.75,20,Pass,,2,B.Tech. (Computer Science & Engineering),April-2025,2nd semester.pdf
2416795,VANSHIKA SANJEEV KUMAR,8.1,20,Pass,,2,B.Tech. (Computer Science & Engineering),April-2025,2nd semester.pdf
2416796,VANSHIKA SINGH MAN SINGH,7.95,20,Pass,,2,B.Tech. (Computer Science & Engineering),April-2025,2nd semester.pdf
2416798,VARSHA SHANKAR LAL,,8,Re-Appear,,2,B.Tech. (Computer Science & Engineering),April-2025,2nd semester.pdf
2416799,VARUN PANDEY UDYA BHAN,6.55,20,Pass,,2,B.Tech. (Computer Science & Engineering),April-2025,2nd semester.pdf
2416801,VIBHOR RAJ KUMAR,7.55,20,Pass,,2,B.Tech. (Computer Science & Engineering),April-2025,2nd semester.pdf
2416802,VIKAS ARORA SURINDER KUMAR,8.0,20,Pass,,2,B.Tech. (Computer Science & Engineering),April-2025,2nd semester.pdf
2416803,VIKRANT SINGH KAPOOR SINGH,,16,Re-Appear,,2,B.Tech. (Computer Science & Engineering),April-2025,2nd semester.pdf
2416804,VINIT NEGI VIJAY SINGH,7.15,20,Pass,,2,B.Tech. (Computer Science & Engineering),April-2025,2nd semester.pdf
2416805,VISHAL KUMAR DHARMENDRA KUMAR SINGH,,11,Re-Appear,,2,B.Tech. (Computer Science & Engineering),April-2025,2nd semester.pdf
2416807,VISHAVPREET SINGH JAGDISH SINGH,8.2,20,Pass,,2,B.Tech. (Computer Science & Engineering),April-2025,2nd semester.pdf
2416808,VIVEK BISHT VIPAN SINGH,8.5,20,Pass,,2,B.Tech. (Computer Science & Engineering),April-2025,2nd semester.pdf
2416809,VIVEK DAS DEBENDRA NATH DAS,7.55,20,Pass,,2,B.Tech. (Computer Science & Engineering),April-2025,2nd semester.pdf
2416810,VRITTI NEERAJ THAKKAR,8.3,20,Pass,,2,B.Tech. (Computer Science & Engineering),April-2025,2nd semester.pdf
2416811,YASH KUMAR MANOJ KUMAR,,17,Re-Appear,,2,B.Tech. (Computer Science & Engineering),April-2025,2nd semester.pdf
2416812,YASH RATTAN ABHISHEK RATTAN,,16,Re-Appear,,2,B.Tech. (Computer Science & Engineering),April-2025,2nd semester.pdf
2416813,YASH SHARMA AMIT KUMAR,6.05,20,Pass,,2,B.Tech. (Computer Science & Engineering),April-2025,2nd semester.pdf
2416814,YASHVI WADHWA JITENDER KUMAR WADHWA,,16,Re-Appear,,2,B.Tech. (Computer Science & Engineering),April-2025,2nd semester.pdf
2416815,YOGESH KUMAR NARINDER KUMAR,8.5,20,Pass,,2,B.Tech. (Computer Science & Engineering),April-2025,2nd semester.pdf
2459765,GURDIT SINGH PARAMJIT SINGH,,9,Re-Appear,,2,B.Tech. (Computer Science & Engineering),April-2025,2nd semester.pdf
2459766,GURSHARAN SINGH GURDEV SINGH,7.8,20,Pass,,2,B.Tech. (Computer Science & Engineering),April-2025,2nd semester.pdf
2459767,SUMIT SINGH RAJENDER SINGH,6.9,20,Pass,,2,B.Tech. (Computer Science & Engineering),April-2025,2nd semester.pdf
2416438,AADARSHDEEP SINGH JASWINDER SINGH,,18,Re-Appear,,3,B.Tech. (Computer Science & Engineering),Nov-2025,3rd semester.pdf
2416439,AAKANKSHA BAGHESHWAR PARMAR,5.05,21,Pass,,3,B.Tech. (Computer Science & Engineering),Nov-2025,3rd semester.pdf
2416440,AAKARSHAK KAUSHAL SANJAY KAUSHAL,6.86,21,Pass,,3,B.Tech. (Computer Science & Engineering),Nov-2025,3rd semester.pdf
2416441,AALOK CHAUHAN PRADEEP,8.05,21,Pass,,3,B.Tech. (Computer Science & Engineering),Nov-2025,3rd semester.pdf
2416442,AARUSHI ARUN BAKSHI,9.14,21,Pass,,3,B.Tech. (Computer Science & Engineering),Nov-2025,3rd semester.pdf
2416443,AARYAN KARAM SINGH,7.76,21,Pass,,3,B.Tech. (Computer Science & Engineering),Nov-2025,3rd semester.pdf
2416444,AARYAN RANA DINESH KUMAR,7.19,21,Pass,,3,B.Tech. (Computer Science & Engineering),Nov-2025,3rd semester.pdf
2416446,AAYUSH KUMAR SAURABH KUMAR,8.43,21,Pass,,3,B.Tech. (Computer Science & Engineering),Nov-2025,3rd semester.pdf
2416447,ABHAY VASHISHT HIND BHUSHAN SHARMA,8.43,21,Pass,,3,B.Tech. (Computer Science & Engineering),Nov-2025,3rd semester.pdf
2416448,ABHAYDEEP SINGH KEWAL SINGH,,18,Re-Appear,,3,B.Tech. (Computer Science & Engineering),Nov-2025,3rd semester.pdf
2416449,ABHINABH RANA GAGAN KUMAR,7.24,21,Pass,,3,B.Tech. (Computer Science & Engineering),Nov-2025,3rd semester.pdf
2416450,ABHINAV RAWAT SURESH RAWAT,7.43,21,Pass,,3,B.Tech. (Computer Science & Engineering),Nov-2025,3rd semester.pdf
2416451,ABHISHEK BALWINDER SINGH,8.0,21,Pass,,3,B.Tech. (Computer Science & Engineering),Nov-2025,3rd semester.pdf
2416452,ABHISHEK KUMAR MADAN PRASAD,7.62,21,Pass,,3,B.Tech. (Computer Science & Engineering),Nov-2025,3rd semester.pdf
2416453,ABRAHAM DAVID RANJIT DAVID,7.14,21,Pass,,3,B.Tech. (Computer Science & Engineering),Nov-2025,3rd semester.pdf
2416454,ADITYA ANUP SINGH,5.57,21,Pass,,3,B.Tech. (Computer Science & Engineering),Nov-2025,3rd semester.pdf
2416455,ADITYA PUNIT KUMAR,,18,Re-Appear,,3,B.Tech. (Computer Science & Engineering),Nov-2025,3rd semester.pdf
2416456,ADITYA RAJESH,7.38,21,Pass,,3,B.Tech. (Computer Science & Engineering),Nov-2025,3rd semester.pdf
2416457,ADITYA KUMAR BHIKHU YADAV,,9,Re-Appear,,3,B.Tech. (Computer Science & Engineering),Nov-2025,3rd semester.pdf
2416458,ADITYA PUSHPAKAR ASHUTOSH KUMAR,6.67,21,Pass,,3,B.Tech. (Computer Science & Engineering),Nov-2025,3rd semester.pdf
2416459,ADITYA SHARMA SHASHI KUMAR,,12,Re-Appear,,3,B.Tech. (Computer Science & Engineering),Nov-2025,3rd semester.pdf
2416460,AKANKSHA CHAMAN LAL,8.0,21,Pass,,3,B.Tech. (Computer Science & Engineering),Nov-2025,3rd semester.pdf
2416461,AKASHDEEP SINGH PRABHDEEP SINGH,6.86,21,Pass,,3,B.Tech. (Computer Science & Engineering),Nov-2025,3rd semester.pdf
2416462,AKSHAY KUMAR VINOD KUMAR GUPTA,7.62,21,Pass,,3,B.Tech. (Computer Science & Engineering),Nov-2025,3rd semester.pdf
2416463,AMANPREET SINGH MANJIT SINGH,7.05,21,Pass,,3,B.Tech. (Computer Science & Engineering),Nov-2025,3rd semester.pdf
2416464,AMARJEET KAUR RANJEET SINGH,6.81,21,Pass,,3,B.Tech. (Computer Science & Engineering),Nov-2025,3rd semester.pdf
2416466,AMIT TOMAR SHYAM SINGH,7.0,21,Pass,,3,B.Tech. (Computer Science & Engineering),Nov-2025,3rd semester.pdf
2416467,AMRITA BHARTI MAHENDRA PANDIT,7.81,21,Pass,,3,B.Tech. (Computer Science & Engineering),Nov-2025,3rd semester.pdf
2416468,AMRITA THAKUR DALIP THAKUR,7.29,21,Pass,,3,B.Tech. (Computer Science & Engineering),Nov-2025,3rd semester.pdf
2416469,ANANYA MAKKAR ASHISH KUMAR,9.0,21,Pass,,3,B.Tech. (Computer Science & Engineering),Nov-2025,3rd semester.pdf
2416470,ANCHAL RAI UMESH KUMAR RAI,7.67,21,Pass,,3,B.Tech. (Computer Science & Engineering),Nov-2025,3rd semester.pdf
2416471,ANGEL BANSAL ANIL KUMAR BANSAL,9.14,21,Pass,,3,B.Tech. (Computer Science & Engineering),Nov-2025,3rd semester.pdf
2416472,ANIKET PATHANIA PUSHPINDER SINGH,7.57,21,Pass,,3,B.Tech. (Computer Science & Engineering),Nov-2025,3rd semester.pdf
2416473,ANKITA ASHOK KUMAR,7.33,21,Pass,,3,B.Tech. (Computer Science & Engineering),Nov-2025,3rd semester.pdf
2416474,ANMOLPREET KAUR BALRAM SINGH,7.67,21,Pass,,3,B.Tech. (Computer Science & Engineering),Nov-2025,3rd semester.pdf
2416475,ANMOLPREET KAUR SUKHWINDER SINGH,7.43,21,Pass,,3,B.Tech. (Computer Science & Engineering),Nov-2025,3rd semester.pdf
2416476,ANSH THAKUR ASHWANI KUMAR,8.48,21,Pass,,3,B.Tech. (Computer Science & Engineering),Nov-2025,3rd semester.pdf
2416477,ANSHIKA BHATIA ASHISH BHATIA,7.38,21,Pass,,3,B.Tech. (Computer Science & Engineering),Nov-2025,3rd semester.pdf
2416478,ANSHUL SHARMA JATINDER KUMAR SHARMA,7.38,21,Pass,,3,B.Tech. (Computer Science & Engineering),Nov-2025,3rd semester.pdf
2416479,ANUNAY KUMAR HIMANSHU SHANKAR,8.05,21,Pass,,3,B.Tech. (Computer Science & Engineering),Nov-2025,3rd semester.pdf
2416480,ANUSHJOT SINGH DUTTA SUKHBEER SINGH DUTTA,,9,Re-Appear,,3,B.Tech. (Computer Science & Engineering),Nov-2025,3rd semester.pdf
2416481,ANUSHKA VATS SATISH KUMAR SHARMA,7.57,21,Pass,,3,B.Tech. (Computer Science & Engineering),Nov-2025,3rd semester.pdf
2416482,ANVESHA SHARMA VISHAL SHARMA,7.57,21,Pass,,3,B.Tech. (Computer Science & Engineering),Nov-2025,3rd semester.pdf
2416483,APSHEETA JAI BHAGWAN,8.38,21,Pass,,3,B.Tech. (Computer Science & Engineering),Nov-2025,3rd semester.pdf
2416484,ARIEN SEHGAL GAURAV SEHGAL,8.05,21,Pass,,3,B.Tech. (Computer Science & Engineering),Nov-2025,3rd semester.pdf
2416485,ARJUN THAKUR GAGAN KUMAR,7.48,21,Pass,,3,B.Tech. (Computer Science & Engineering),Nov-2025,3rd semester.pdf
2416486,ARJUN YADAV SHYAM KUMAR YADAV,7.62,21,Pass,,3,B.Tech. (Computer Science & Engineering),Nov-2025,3rd semester.pdf
2416487,ARMAN ROHILLA PARVEEN KUMAR,,18,Re-Appear,,3,B.Tech. (Computer Science & Engineering),Nov-2025,3rd semester.pdf
2416488,ARPIT PRASHAR SANJEEV KUMAR,,15,Re-Appear,,3,B.Tech. (Computer Science & Engineering),Nov-2025,3rd semester.pdf
2416489,ARSHDEEP SINGH GURDEEP SINGH,7.57,21,Pass,,3,B.Tech. (Computer Science & Engineering),Nov-2025,3rd semester.pdf
2416490,ARSHDEEP SINGH HARBANS SINGH,,18,Re-Appear,,3,B.Tech. (Computer Science & Engineering),Nov-2025,3rd semester.pdf
2416491,ARUN SURINDER SINGH,8.57,21,Pass,,3,B.Tech. (Computer Science & Engineering),Nov-2025,3rd semester.pdf
2416492,ARUNPREET SINGH CHANAN SINGH,,17,Re-Appear,,3,B.Tech. (Computer Science & Engineering),Nov-2025,3rd semester.pdf
2416493,ARYAN RAJINDER KUMAR,,15,Re-Appear,,3,B.Tech. (Computer Science & Engineering),Nov-2025,3rd semester.pdf
2416494,ARYAN KUMAR PATHAK SHANKAR DAYAL PATHAK,7.29,21,Pass,,3,B.Tech. (Computer Science & Engineering),Nov-2025,3rd semester.pdf
2416495,ARYAN RANA BALJEET SINGH,,15,Re-Appear,,3,B.Tech. (Computer Science & Engineering),Nov-2025,3rd semester.pdf
2416497,ARYAN TIWARI NARESH CHANDRA TIWARI,,9,Re-Appear,,3,B.Tech. (Computer Science & Engineering),Nov-2025,3rd semester.pdf
2416498,ARYANSH SHASHI BHUSHAN,8.0,21,Pass,,3,B.Tech. (Computer Science & Engineering),Nov-2025,3rd semester.pdf
2416499,ASHISH RAJ SANJAY KUMAR,,18,Re-Appear,,3,B.Tech. (Computer Science & Engineering),Nov-2025,3rd semester.pdf
2416502,ASIF MAHMOOD ABDUL BASIT,7.48,21,Pass,,3,B.Tech. (Computer Science & Engineering),Nov-2025,3rd semester.pdf
2416503,ASMIT SRIVASTAVA ABHISHEK KUMAR,7.81,21,Pass,,3,B.Tech. (Computer Science & Engineering),Nov-2025,3rd semester.pdf
2416504,AYUSH RAVI SHANKAR,8.0,21,Pass,,3,B.Tech. (Computer Science & Engineering),Nov-2025,3rd semester.pdf
2416505,AYUSH SUNIL KUMAR,8.14,21,Pass,,3,B.Tech. (Computer Science & Engineering),Nov-2025,3rd semester.pdf
2416506,AYUSH KUMAR VIKAS KUMAR,8.33,21,Pass,,3,B.Tech. (Computer Science & Engineering),Nov-2025,3rd semester.pdf
2416507,AYUSH SAINI ANIL KUMAR,,15,Re-Appear,,3,B.Tech. (Computer Science & Engineering),Nov-2025,3rd semester.pdf
2416508,AYUSH SINGH NEGI KAILASH SINGH,7.86,21,Pass,,3,B.Tech. (Computer Science & Engineering),Nov-2025,3rd semester.pdf
2416509,BALA JI PANDEY MANOJ KUMAR,9.29,21,Pass,,3,B.Tech. (Computer Science & Engineering),Nov-2025,3rd semester.pdf
2416510,BASANT KUMAR RANJIT SINGH,7.05,21,Pass,,3,B.Tech. (Computer Science & Engineering),Nov-2025,3rd semester.pdf
2416511,BHUMI RAJIV PRABHAKAR,6.67,21,Pass,,3,B.Tech. (Computer Science & Engineering),Nov-2025,3rd semester.pdf
2416512,BHUMIKA SURINDER KUMAR,6.95,21,Pass,,3,B.Tech. (Computer Science & Engineering),Nov-2025,3rd semester.pdf
2416513,CHAHAT DHAMIJA DEEPAK DHAMIJA,7.24,21,Pass,,3,B.Tech. (Computer Science & Engineering),Nov-2025,3rd semester.pdf
2416514,CHIRAG HARISH KUMAR KHATRI,7.76,21,Pass,,3,B.Tech. (Computer Science & Engineering),Nov-2025,3rd semester.pdf
2416515,CHIRAG RAKESH KUMAR,,15,Re-Appear,,3,B.Tech. (Computer Science & Engineering),Nov-2025,3rd semester.pdf
2416516,DAKSH RAJKUMAR,9.14,21,Pass,,3,B.Tech. (Computer Science & Engineering),Nov-2025,3rd semester.pdf
2416517,DAKSH ARYA VIPIN KUMAR,6.67,21,Pass,,3,B.Tech. (Computer Science & Engineering),Nov-2025,3rd semester.pdf
2416519,DALVIR SINGH GURJANT SINGH,8.81,21,Pass,,3,B.Tech. (Computer Science & Engineering),Nov-2025,3rd semester.pdf
2416520,DEEPANSHU THAKUR ANUP SINGH,,18,Re-Appear,,3,B.Tech. (Computer Science & Engineering),Nov-2025,3rd semester.pdf
2416521,DEVIKA SANJAY KUMAR,9.57,21,Pass,,3,B.Tech. (Computer Science & Engineering),Nov-2025,3rd semester.pdf
2416522,DEWAKAR SINGH RAWAT DHANPAL SINGH,6.43,21,Pass,,3,B.Tech. (Computer Science & Engineering),Nov-2025,3rd semester.pdf
2416523,DHRUV MANOJ KUMAR,,15,Re-Appear,,3,B.Tech. (Computer Science & Engineering),Nov-2025,3rd semester.pdf
2416524,DHRUV AGGARWAL RAMESH GUPTA,9.14,21,Pass,,3,B.Tech. (Computer Science & Engineering),Nov-2025,3rd semester.pdf
2416525,DIBYANSHU SINHA DEEPAK KUMAR,6.86,21,Pass,,3,B.Tech. (Computer Science & Engineering),Nov-2025,3rd semester.pdf
2416526,DIPANSHU MEHMI DES RAJ,,15,Re-Appear,,3,B.Tech. (Computer Science & Engineering),Nov-2025,3rd semester.pdf
2416527,DIVYA NARESH KUMAR,8.33,21,Pass,,3,B.Tech. (Computer Science & Engineering),Nov-2025,3rd semester.pdf
2416528,DIVYANSHU KUMAR VIRENDER KUMAR,7.67,21,Pass,,3,B.Tech. (Computer Science & Engineering),Nov-2025,3rd semester.pdf
2416529,DIVYANSHU PANDEY AMRENDRA KUMAR PANDEY,8.62,21,Pass,,3,B.Tech. (Computer Science & Engineering),Nov-2025,3rd semester.pdf
2416530,DOLPHY NARESH KUMAR,9.57,21,Pass,,3,B.Tech. (Computer Science & Engineering),Nov-2025,3rd semester.pdf
2416531,DRISHTI PAWAN KUMAR,8.57,21,Pass,,3,B.Tech. (Computer Science & Engineering),Nov-2025,3rd semester.pdf
2416532,DURVA CHOUDHARY MITHILESH KUMAR CHOUDHARY,,12,Re-Appear,,3,B.Tech. (Computer Science & Engineering),Nov-2025,3rd semester.pdf
2416533,DUSHYANT SHARMA RAJENDER KUMAR,,17,Re-Appear,,3,B.Tech. (Computer Science & Engineering),Nov-2025,3rd semester.pdf
2416534,GAURAV SANJAY KUMAR MISHRA,7.24,21,Pass,,3,B.Tech. (Computer Science & Engineering),Nov-2025,3rd semester.pdf
2416535,GAURAV CHOUBEY BINAY KUMAR CHOUBEY,,12,Re-Appear,,3,B.Tech. (Computer Science & Engineering),Nov-2025,3rd semester.pdf
2416536,GUNEET GOYAL VIJAY GOYAL,8.1,21,Pass,,3,B.Tech. (Computer Science & Engineering),Nov-2025,3rd semester.pdf
2416537,GUNJAN VERMA RAJESH VERMA,,18,Re-Appear,,3,B.Tech. (Computer Science & Engineering),Nov-2025,3rd semester.pdf
2416538,GURJOT SINGH RANJODH SINGH,6.19,21,Pass,,3,B.Tech. (Computer Science & Engineering),Nov-2025,3rd semester.pdf
2416539,GURLEEN SINGH GULATI JITENDER SINGH,6.86,21,Pass,,3,B.Tech. (Computer Science & Engineering),Nov-2025,3rd semester.pdf
2416540,GURNOOR LAKHWINDER KUMAR,7.33,21,Pass,,3,B.Tech. (Computer Science & Engineering),Nov-2025,3rd semester.pdf
2416541,GURPREET YASH PAL,,6,Re-Appear,,3,B.Tech. (Computer Science & Engineering),Nov-2025,3rd semester.pdf
2416542,GURSAHIB SINGH JASWINDER SINGH,7.67,21,Pass,,3,B.Tech. (Computer Science & Engineering),Nov-2025,3rd semester.pdf
2416543,GURSHANT SINGH AMRIK SINGH,9.71,21,Pass,,3,B.Tech. (Computer Science & Engineering),Nov-2025,3rd semester.pdf
2416544,HARMAN DEEP SINGH RAVINDER SINGH BALI,,15,Re-Appear,,3,B.Tech. (Computer Science & Engineering),Nov-2025,3rd semester.pdf
2416546,HARPREET SINGH AJAIB SINGH,,15,Re-Appear,,3,B.Tech. (Computer Science & Engineering),Nov-2025,3rd semester.pdf
2416547,HARSH RAJINDER KUMAR,,18,Re-Appear,,3,B.Tech. (Computer Science & Engineering),Nov-2025,3rd semester.pdf
2416548,HARSH DHIMAN RAM NIWAS,,15,Re-Appear,,3,B.Tech. (Computer Science & Engineering),Nov-2025,3rd semester.pdf
2416549,HARSH MITTAL RAKESH KUMAR,6.38,21,Pass,,3,B.Tech. (Computer Science & Engineering),Nov-2025,3rd semester.pdf
2416550,HARSH PREET SINGH BTAM-302-23 SODHI 3 AMARJEET SINGH F(Int)/Ab(Ext),,2,Re-Appear,,3,B.Tech. (Computer Science & Engineering),Nov-2025,3rd semester.pdf
2416551,HARSH SINGH RAMVIR SINGH,7.95,21,Pass,,3,B.Tech. (Computer Science & Engineering),Nov-2025,3rd semester.pdf
2416552,HARSHIT MAKKAR VIJAY MAKKAR,,18,Re-Appear,,3,B.Tech. (Computer Science & Engineering),Nov-2025,3rd semester.pdf
2416553,HARSHITA THAKUR AMIT KUMAR,6.95,21,Pass,,3,B.Tech. (Computer Science & Engineering),Nov-2025,3rd semester.pdf
2416554,HARSHVARDHAN RANA BTAM-302-23 SANJEEV KUMAR 3 F(Int)/Ab(Ext),,0,Re-Appear,,3,B.Tech. (Computer Science & Engineering),Nov-2025,3rd semester.pdf
2416555,HEMANT MADAN GIRI,,15,Re-Appear,,3,B.Tech. (Computer Science & Engineering),Nov-2025,3rd semester.pdf
2416557,HIMANSHU JOSHI NAVEEN CHANDRA,8.29,21,Pass,,3,B.Tech. (Computer Science & Engineering),Nov-2025,3rd semester.pdf
2416558,HIMANSHU NEGI DARMIYAN SINGH,7.86,21,Pass,,3,B.Tech. (Computer Science & Engineering),Nov-2025,3rd semester.pdf
2416559,HITEN KASHYAP VINOD KUMAR,6.67,21,Pass,,3,B.Tech. (Computer Science & Engineering),Nov-2025,3rd semester.pdf
2416560,ISHA NARESH KUMAR,8.1,21,Pass,,3,B.Tech. (Computer Science & Engineering),Nov-2025,3rd semester.pdf
2416561,ISHAAN SHARMA RAJIV KUMAR,7.38,21,Pass,,3,B.Tech. (Computer Science & Engineering),Nov-2025,3rd semester.pdf
2416562,ISHAN MEHTA BTAM-302-23 SOHAN LAL 3 F(Int)/Ab(Ext),,0,Re-Appear,,3,B.Tech. (Computer Science & Engineering),Nov-2025,3rd semester.pdf
2416563,ISHANT NARWAL VIJAY KUMAR,,18,Re-Appear,,3,B.Tech. (Computer Science & Engineering),Nov-2025,3rd semester.pdf
2416564,ISHIKA BAINS PRAVEEN KUMAR,9.29,21,Pass,,3,B.Tech. (Computer Science & Engineering),Nov-2025,3rd semester.pdf
2416565,ISHITA MAHAJAN ATUL MAHAJAN,7.33,21,Pass,,3,B.Tech. (Computer Science & Engineering),Nov-2025,3rd semester.pdf
2416566,JAIDEEP RAM NARIAN,6.81,21,Pass,,3,B.Tech. (Computer Science & Engineering),Nov-2025,3rd semester.pdf
2416567,JAIVEER SINGH SASAN IQBAL SINGH,,7,Re-Appear,,3,B.Tech. (Computer Science & Engineering),Nov-2025,3rd semester.pdf
2416568,JASJOT SINGH RAVINDER SINGH,,18,Re-Appear,,3,B.Tech. (Computer Science & Engineering),Nov-2025,3rd semester.pdf
2416569,JASKARAN SINGH LAKHVIR SINGH,6.43,21,Pass,,3,B.Tech. (Computer Science & Engineering),Nov-2025,3rd semester.pdf
2416570,JASKIRAT SINGH SAINI HARMINDER SINGH SAINI,9.14,21,Pass,,3,B.Tech. (Computer Science & Engineering),Nov-2025,3rd semester.pdf
2416572,JASPREET KAUR KAMALJEET SINGH,7.95,21,Pass,,3,B.Tech. (Computer Science & Engineering),Nov-2025,3rd semester.pdf
2416573,JATIN RAMESH KUMAR,6.48,21,Pass,,3,B.Tech. (Computer Science & Engineering),Nov-2025,3rd semester.pdf
2416574,JATIN SURENDER KUMAR,6.67,21,Pass,,3,B.Tech. (Computer Science & Engineering),Nov-2025,3rd semester.pdf
2416575,JATIN BAJAJ KHUSHWINDER BAJAJ,7.71,21,Pass,,3,B.Tech. (Computer Science & Engineering),Nov-2025,3rd semester.pdf
2416576,JATIN DAHIYA ASHOK KUMAR,,15,Re-Appear,,3,B.Tech. (Computer Science & Engineering),Nov-2025,3rd semester.pdf
2416577,JYOTIKA TRIDEEP MITTAL,8.05,21,Pass,,3,B.Tech. (Computer Science & Engineering),Nov-2025,3rd semester.pdf
2416578,KABIR SINGH LALIT KUMAR,,6,Re-Appear,,3,B.Tech. (Computer Science & Engineering),Nov-2025,3rd semester.pdf
2416579,KALASH AGRAWAL SANTOSH KUMAR AGRAWAL,7.0,21,Pass,,3,B.Tech. (Computer Science & Engineering),Nov-2025,3rd semester.pdf
2416580,KAMAKSHI RAKESH KUMAR,8.19,21,Pass,,3,B.Tech. (Computer Science & Engineering),Nov-2025,3rd semester.pdf
2416581,KAMAL SHARMA TEJINDER SHARMA,7.67,21,Pass,,3,B.Tech. (Computer Science & Engineering),Nov-2025,3rd semester.pdf
2416582,KAMYA BAJAJ LATE SUSHIL BAJAJ,6.95,21,Pass,,3,B.Tech. (Computer Science & Engineering),Nov-2025,3rd semester.pdf
2416583,KANAK VIJAY KUMAR,7.57,21,Pass,,3,B.Tech. (Computer Science & Engineering),Nov-2025,3rd semester.pdf
2416584,KANAV GUPTA AMIT KUMAR GUPTA,7.33,21,Pass,,3,B.Tech. (Computer Science & Engineering),Nov-2025,3rd semester.pdf
2416585,KANISHKA BHATI LALIT KUMAR BHATI,7.48,21,Pass,,3,B.Tech. (Computer Science & Engineering),Nov-2025,3rd semester.pdf
2416586,KARAN VERMA RAKESH KUMAR,7.71,21,Pass,,3,B.Tech. (Computer Science & Engineering),Nov-2025,3rd semester.pdf
2416587,KARANDEEP SINGH OM PARKASH,7.1,21,Pass,,3,B.Tech. (Computer Science & Engineering),Nov-2025,3rd semester.pdf
2416588,KARMA ANGMO CHHERING ANGCHUK,7.48,21,Pass,,3,B.Tech. (Computer Science & Engineering),Nov-2025,3rd semester.pdf
2416589,KARTIK ASHOK KUMAR DHINGRA,8.19,21,Pass,,3,B.Tech. (Computer Science & Engineering),Nov-2025,3rd semester.pdf
2416590,KARTIK SHARMA VIRENDER KUMAR,,18,Re-Appear,,3,B.Tech. (Computer Science & Engineering),Nov-2025,3rd semester.pdf
2416591,KARTIK SINGH VIKRANT KUMAR,8.57,21,Pass,,3,B.Tech. (Computer Science & Engineering),Nov-2025,3rd semester.pdf
2416592,KASHISH JITENDER,,12,Re-Appear,,3,B.Tech. (Computer Science & Engineering),Nov-2025,3rd semester.pdf
2416593,KASHISH RAJ KUMAR,8.57,21,Pass,,3,B.Tech. (Computer Science & Engineering),Nov-2025,3rd semester.pdf
2416594,KASHISH SINGLA TANISH SINGLA,7.38,21,Pass,,3,B.Tech. (Computer Science & Engineering),Nov-2025,3rd semester.pdf
2416595,KATREENA SADANA BRIJ LAL,8.71,21,Pass,,3,B.Tech. (Computer Science & Engineering),Nov-2025,3rd semester.pdf
2416596,KAVYA VIMAL KUMAR SINGHAL,8.67,21,Pass,,3,B.Tech. (Computer Science & Engineering),Nov-2025,3rd semester.pdf
2416597,KESHAV KUMAR RAVINDER KUMAR,7.43,21,Pass,,3,B.Tech. (Computer Science & Engineering),Nov-2025,3rd semester.pdf
2416598,KESHAV MADHAV BHARDWAJ SURINDER KUMAR,,15,Re-Appear,,3,B.Tech. (Computer Science & Engineering),Nov-2025,3rd semester.pdf
2416599,KESHVI SAINI AMIT KUMAR SAINI,,12,Re-Appear,,3,B.Tech. (Computer Science & Engineering),Nov-2025,3rd semester.pdf
2416600,KHUSHBOO SAHANI BIRENDRA SAHANI,8.24,21,Pass,,3,B.Tech. (Computer Science & Engineering),Nov-2025,3rd semester.pdf
2416601,KHUSHBU ANOOP,,18,Re-Appear,,3,B.Tech. (Computer Science & Engineering),Nov-2025,3rd semester.pdf
2416602,KHUSHI JINDAL OMPAL JINDAL,8.05,21,Pass,,3,B.Tech. (Computer Science & Engineering),Nov-2025,3rd semester.pdf
2416603,KHUSHI MISHRA AMAR KUMAR MISHRA,7.48,21,Pass,,3,B.Tech. (Computer Science & Engineering),Nov-2025,3rd semester.pdf
2416604,KIRTI KUMARI NIRAJ KUMAR KANCHAN,6.48,21,Pass,,3,B.Tech. (Computer Science & Engineering),Nov-2025,3rd semester.pdf
2416605,KRISH BALORIA RAMESH BALORIA,7.38,21,Pass,,3,B.Tech. (Computer Science & Engineering),Nov-2025,3rd semester.pdf
2416606,KRISH UNIYAL SUBHASH,8.33,21,Pass,,3,B.Tech. (Computer Science & Engineering),Nov-2025,3rd semester.pdf
2416607,KRISHNA JHANJI SANJEEV KUMAR JHANJI,9.05,21,Pass,,3,B.Tech. (Computer Science & Engineering),Nov-2025,3rd semester.pdf
2416608,KRISHNA SHARMA BTAM-302-23 RAVI SHARMA 3 P,,12,Re-Appear,,3,B.Tech. (Computer Science & Engineering),Nov-2025,3rd semester.pdf
2416609,KUMKUM AGGARWAL LOKESH AGGARWAL,9.14,21,Pass,,3,B.Tech. (Computer Science & Engineering),Nov-2025,3rd semester.pdf
2416610,KUSH NAIN SUBHASH CHAND,,12,Re-Appear,,3,B.Tech. (Computer Science & Engineering),Nov-2025,3rd semester.pdf
2416611,KUSHAL MITTAL VISHAL MITTAL,6.57,21,Pass,,3,B.Tech. (Computer Science & Engineering),Nov-2025,3rd semester.pdf
2416612,LAKSHAY CHOUDHARY HARBEER,,9,Re-Appear,,3,B.Tech. (Computer Science & Engineering),Nov-2025,3rd semester.pdf
2416613,LAKSHAY KUMAR AMRISH KUMAR,,15,Re-Appear,,3,B.Tech. (Computer Science & Engineering),Nov-2025,3rd semester.pdf
2416614,LAKSHAY MEHRA SATYAWAN SINGH MEHRA,,12,Re-Appear,,3,B.Tech. (Computer Science & Engineering),Nov-2025,3rd semester.pdf
2416615,LAKSHIT KUMAR VINOD KUMAR,7.71,21,Pass,,3,B.Tech. (Computer Science & Engineering),Nov-2025,3rd semester.pdf
2416616,LOKESH DHARMENDER,7.43,21,Pass,,3,B.Tech. (Computer Science & Engineering),Nov-2025,3rd semester.pdf
2416617,LOVE NAIN SUBHASH CHAND,,9,Re-Appear,,3,B.Tech. (Computer Science & Engineering),Nov-2025,3rd semester.pdf
2416618,LOVELEEN KAMALJEET,7.62,21,Pass,,3,B.Tech. (Computer Science & Engineering),Nov-2025,3rd semester.pdf
2416619,LOVNEET KAUR SUKHPAL SINGH,,18,Re-Appear,,3,B.Tech. (Computer Science & Engineering),Nov-2025,3rd semester.pdf
2416620,LUVNEET SINGH DAVINDER SINGH,7.86,21,Pass,,3,B.Tech. (Computer Science & Engineering),Nov-2025,3rd semester.pdf
2416621,MADHAV GARG SANJEEV GARG,,12,Re-Appear,,3,B.Tech. (Computer Science & Engineering),Nov-2025,3rd semester.pdf
2416622,MADHAV KAPAHI RAMIT KAPAHI,,12,Re-Appear,,3,B.Tech. (Computer Science & Engineering),Nov-2025,3rd semester.pdf
2416623,MAHAK HARISH KUMAR,7.95,21,Pass,,3,B.Tech. (Computer Science & Engineering),Nov-2025,3rd semester.pdf
2416624,MAHAK KAPIL DEV,9.14,21,Pass,,3,B.Tech. (Computer Science & Engineering),Nov-2025,3rd semester.pdf
2416625,MANAV BHASIN ANIL BHASIN,,16,Re-Appear,,3,B.Tech. (Computer Science & Engineering),Nov-2025,3rd semester.pdf
2416626,MANAV SHARMA SANJIV KUMAR,7.62,21,Pass,,3,B.Tech. (Computer Science & Engineering),Nov-2025,3rd semester.pdf
2416627,MANJOT KAUR GURSEVAK SINGH SANDHU,6.9,21,Pass,,3,B.Tech. (Computer Science & Engineering),Nov-2025,3rd semester.pdf
2416628,MANMOHAN KAUR RANBIR SINGH,7.33,21,Pass,,3,B.Tech. (Computer Science & Engineering),Nov-2025,3rd semester.pdf
2416629,MANPREET KAUR VEERJEET SINGH,8.14,21,Pass,,3,B.Tech. (Computer Science & Engineering),Nov-2025,3rd semester.pdf
2416630,MANPREET SINGH HARBANS SINGH,,0,Re-Appear,,3,B.Tech. (Computer Science & Engineering),Nov-2025,3rd semester.pdf
2416631,MANPREET SINGH BTAM-302-23 NIRMAIL SINGH 3 F(Ext),,0,Re-Appear,,3,B.Tech. (Computer Science & Engineering),Nov-2025,3rd semester.pdf
2416632,MANTHAN BEDI PARTEEK BEDI,7.1,21,Pass,,3,B.Tech. (Computer Science & Engineering),Nov-2025,3rd semester.pdf
2416633,MANVIR SINGH MANINDER SINGH,9.14,21,Pass,,3,B.Tech. (Computer Science & Engineering),Nov-2025,3rd semester.pdf
2416634,MAYANK KRISHAN KUMAR KALRA,8.24,21,Pass,,3,B.Tech. (Computer Science & Engineering),Nov-2025,3rd semester.pdf
2416635,MAYANK ARORA AVINASH,8.38,21,Pass,,3,B.Tech. (Computer Science & Engineering),Nov-2025,3rd semester.pdf
2416636,MD NASIR HUSAIN SHEKH KALAM HUSAIN SHEKH,6.71,21,Pass,,3,B.Tech. (Computer Science & Engineering),Nov-2025,3rd semester.pdf
2416637,MD SAYEEDUL HAQUE MD SHOAIDUL HAQUE,7.14,21,Pass,,3,B.Tech. (Computer Science & Engineering),Nov-2025,3rd semester.pdf
2416638,MEENU RANI JEEVAN DASS,9.43,21,Pass,,3,B.Tech. (Computer Science & Engineering),Nov-2025,3rd semester.pdf
2416639,MEHAK JINDAL KARM CHAND,7.52,21,Pass,,3,B.Tech. (Computer Science & Engineering),Nov-2025,3rd semester.pdf
2416640,MIMANSHU UPWAN KUMAR,7.76,21,Pass,,3,B.Tech. (Computer Science & Engineering),Nov-2025,3rd semester.pdf
2416641,MISHTI BANSAL AJAY BANSAL,8.57,21,Pass,,3,B.Tech. (Computer Science & Engineering),Nov-2025,3rd semester.pdf
2416642,MOHAMMAD AFTAB MOHAMMAD UNESS,8.81,21,Pass,,3,B.Tech. (Computer Science & Engineering),Nov-2025,3rd semester.pdf
2416643,MOHAMMAD MUSARAF PARVEJ ALAM,,9,Re-Appear,,3,B.Tech. (Computer Science & Engineering),Nov-2025,3rd semester.pdf
2416644,MOHAMMAD RAQIM KHAN MOHAMMAD TARIQ KHAN,7.14,21,Pass,,3,B.Tech. (Computer Science & Engineering),Nov-2025,3rd semester.pdf
2416645,MOHD AADIL WANI MOHD RAFIQ,6.33,21,Pass,,3,B.Tech. (Computer Science & Engineering),Nov-2025,3rd semester.pdf
2416647,MUSAWWIRA KAUSAR MUBARAK AHMAD TAQWA,,21,Re-Appear,,3,B.Tech. (Computer Science & Engineering),Nov-2025,3rd semester.pdf
2416648,MUSKAN DEEPAK,,18,Re-Appear,,3,B.Tech. (Computer Science & Engineering),Nov-2025,3rd semester.pdf
2416649,MUSKAN RAMESH KUMAR,9.43,21,Pass,,3,B.Tech. (Computer Science & Engineering),Nov-2025,3rd semester.pdf
2416650,NAINA GARG ARUN GARG,9.57,21,Pass,,3,B.Tech. (Computer Science & Engineering),Nov-2025,3rd semester.pdf
2416651,NAMAN SACHDEVA OM PARKASH,7.29,21,Pass,,3,B.Tech. (Computer Science & Engineering),Nov-2025,3rd semester.pdf
2416652,NANDIKA BATISH SANJAY BATISH,9.0,21,Pass,,3,B.Tech. (Computer Science & Engineering),Nov-2025,3rd semester.pdf
2416653,NANDINI DHIMAN BANSI LAL,9.14,21,Pass,,3,B.Tech. (Computer Science & Engineering),Nov-2025,3rd semester.pdf
2416654,NANDINI GUPTA MUNNA PRASAD GUPTA,,6,Re-Appear,,3,B.Tech. (Computer Science & Engineering),Nov-2025,3rd semester.pdf
2416655,NAVDEEP DHIMAN BHUPENDRA KUMAR,7.05,21,Pass,,3,B.Tech. (Computer Science & Engineering),Nov-2025,3rd semester.pdf
2416656,NEERAJ KUMAR SOHAN LAL,7.67,21,Pass,,3,B.Tech. (Computer Science & Engineering),Nov-2025,3rd semester.pdf
2416657,NIKHIL KUMAR BTAM-302-23 SURENDER KUMAR 3 F(Int)/Ab(Ext),,0,Re-Appear,,3,B.Tech. (Computer Science & Engineering),Nov-2025,3rd semester.pdf
2416658,NIKHIL UPADHYAY BALESHWAR UPADHYAY,8.62,21,Pass,,3,B.Tech. (Computer Science & Engineering),Nov-2025,3rd semester.pdf
2416659,NISHKA VINOD KUMAR,8.33,21,Pass,,3,B.Tech. (Computer Science & Engineering),Nov-2025,3rd semester.pdf
2416660,NITI AGARWAL SUDHANSHU AGARWAL,9.38,21,Pass,,3,B.Tech. (Computer Science & Engineering),Nov-2025,3rd semester.pdf
2416661,NITIN KUMAR SHRIVASTAV AMRENDRA KUMAR SHRIVASTAV,,18,Re-Appear,,3,B.Tech. (Computer Science & Engineering),Nov-2025,3rd semester.pdf
2416662,NITIN SAINI MAM CHAND,7.76,21,Pass,,3,B.Tech. (Computer Science & Engineering),Nov-2025,3rd semester.pdf
2416664,NUPUR RAKESH KUMAR,7.05,21,Pass,,3,B.Tech. (Computer Science & Engineering),Nov-2025,3rd semester.pdf
2416665,PALAK KULVIR SINGH,6.19,21,Pass,,3,B.Tech. (Computer Science & Engineering),Nov-2025,3rd semester.pdf
2416666,PANKAJ CHOUDHARY SURINDER SINGH,,5,Re-Appear,,3,B.Tech. (Computer Science & Engineering),Nov-2025,3rd semester.pdf
2416668,PARAS PAHWA JATINDER KUMAR,6.57,21,Pass,,3,B.Tech. (Computer Science & Engineering),Nov-2025,3rd semester.pdf
2416669,PARGATI CHUGH MULAKH RAJ,6.62,21,Pass,,3,B.Tech. (Computer Science & Engineering),Nov-2025,3rd semester.pdf
2416670,PARIKSHAT CHOTTANI PARDEEP CHOTTANI,,15,Re-Appear,,3,B.Tech. (Computer Science & Engineering),Nov-2025,3rd semester.pdf
2416671,PARTH THAKUR DINESH THAKUR,8.71,21,Pass,,3,B.Tech. (Computer Science & Engineering),Nov-2025,3rd semester.pdf
2416672,PARVEEN KUMAR DALIP SINGH,,0,Re-Appear,,3,B.Tech. (Computer Science & Engineering),Nov-2025,3rd semester.pdf
2416673,PIYUSH RANA PRAKASH CHAND,,0,Re-Appear,,3,B.Tech. (Computer Science & Engineering),Nov-2025,3rd semester.pdf
2416674,PIYUSH RANJAN SHAILENDRA ATEL,,15,Re-Appear,,3,B.Tech. (Computer Science & Engineering),Nov-2025,3rd semester.pdf
2416675,PRABHJOT KAUR HARJINDER SINGH,7.38,21,Pass,,3,B.Tech. (Computer Science & Engineering),Nov-2025,3rd semester.pdf
2416676,PRABHJOT KAUR RASHPAL SINGH,8.29,21,Pass,,3,B.Tech. (Computer Science & Engineering),Nov-2025,3rd semester.pdf
2416677,PRAKHAR GUPTA ANUPAM GUPTA,8.43,21,Pass,,3,B.Tech. (Computer Science & Engineering),Nov-2025,3rd semester.pdf
2416678,PRAKHAR TYAGI ARUN TYAGI,7.48,21,Pass,,3,B.Tech. (Computer Science & Engineering),Nov-2025,3rd semester.pdf
2416679,PRANAV SINGLA BHUPINDER KUMAR,5.76,21,Pass,,3,B.Tech. (Computer Science & Engineering),Nov-2025,3rd semester.pdf
2416680,PRANSHU SAINI BHUPINDER KUMAR,9.14,21,Pass,,3,B.Tech. (Computer Science & Engineering),Nov-2025,3rd semester.pdf
2416681,PRATHAM SURINDER PAL,,18,Re-Appear,,3,B.Tech. (Computer Science & Engineering),Nov-2025,3rd semester.pdf
2416682,PRATHAM GUPTA RAJIV KUMAR,8.38,21,Pass,,3,B.Tech. (Computer Science & Engineering),Nov-2025,3rd semester.pdf
2416683,PRERNA SUNIL KUMAR,8.05,21,Pass,,3,B.Tech. (Computer Science & Engineering),Nov-2025,3rd semester.pdf
2416684,PRIKSHAT SHIRE RAJINDER KUMAR,,6,Re-Appear,,3,B.Tech. (Computer Science & Engineering),Nov-2025,3rd semester.pdf
2416685,PRITHVI KAPILA PANKAJ KAPILA,9.29,21,Pass,,3,B.Tech. (Computer Science & Engineering),Nov-2025,3rd semester.pdf
2416686,PRIYA KAMBOJ BALDEV RAJ,,18,Re-Appear,,3,B.Tech. (Computer Science & Engineering),Nov-2025,3rd semester.pdf
2416687,PRIYANKA VIKRAM SINGH,6.71,21,Pass,,3,B.Tech. (Computer Science & Engineering),Nov-2025,3rd semester.pdf
2416688,PRIYANKA RAWAT MAHIPAL SINGH,,15,Re-Appear,,3,B.Tech. (Computer Science & Engineering),Nov-2025,3rd semester.pdf
2416689,PRIYANSHU SAINI JARNAIL SINGH,,12,Re-Appear,,3,B.Tech. (Computer Science & Engineering),Nov-2025,3rd semester.pdf
2416690,PUNYA NAGPAL VIKAS NAGPAL,7.67,21,Pass,,3,B.Tech. (Computer Science & Engineering),Nov-2025,3rd semester.pdf
2416691,PURU GULATI MANOHAR GULATI,,15,Re-Appear,,3,B.Tech. (Computer Science & Engineering),Nov-2025,3rd semester.pdf
2416692,RACHIT RAI PARVEEN SHARMA,,18,Re-Appear,,3,B.Tech. (Computer Science & Engineering),Nov-2025,3rd semester.pdf
2416693,RACHITA BHATIA PARVEEN BHATIA,8.33,21,Pass,,3,B.Tech. (Computer Science & Engineering),Nov-2025,3rd semester.pdf
2416694,RADHIKA AJAY KUMAR,9.19,21,Pass,,3,B.Tech. (Computer Science & Engineering),Nov-2025,3rd semester.pdf
2416695,RAGHAV SHARMA SANJEEV KUMAR,,15,Re-Appear,,3,B.Tech. (Computer Science & Engineering),Nov-2025,3rd semester.pdf
2416696,RAGHVENDRA SINGH MANOJ SINGH,9.1,21,Pass,,3,B.Tech. (Computer Science & Engineering),Nov-2025,3rd semester.pdf
2416697,RAHUL RAJESH,,12,Re-Appear,,3,B.Tech. (Computer Science & Engineering),Nov-2025,3rd semester.pdf
2416698,RAHUL KUMAR GUPTA AJAY KUMAR GUPTA,7.1,21,Pass,,3,B.Tech. (Computer Science & Engineering),Nov-2025,3rd semester.pdf
2416699,RAHUL MISHRA BINAY KUMAR MISHRA,8.24,21,Pass,,3,B.Tech. (Computer Science & Engineering),Nov-2025,3rd semester.pdf
2416700,RAJAT SANJAY,,18,Re-Appear,,3,B.Tech. (Computer Science & Engineering),Nov-2025,3rd semester.pdf
2416701,RAJBIR SINGH RANBIR SINGH,,18,Re-Appear,,3,B.Tech. (Computer Science & Engineering),Nov-2025,3rd semester.pdf
2416703,RAJVEER SINGH SATNAM SINGH,7.71,21,Pass,,3,B.Tech. (Computer Science & Engineering),Nov-2025,3rd semester.pdf
2416704,RAKESH KUMAR BTAM-302-23 SAHANI 3 LALLU SAHANI F(Int)/Ab(Ext),,0,Re-Appear,,3,B.Tech. (Computer Science & Engineering),Nov-2025,3rd semester.pdf
2416705,RAMAN KUMAR RAM KUMAR,7.43,21,Pass,,3,B.Tech. (Computer Science & Engineering),Nov-2025,3rd semester.pdf
2416706,RASHANDEEP SINGH DHARAMJIT SINGH,7.57,21,Pass,,3,B.Tech. (Computer Science & Engineering),Nov-2025,3rd semester.pdf
2416707,RAVNEET KAUR NAZAR SINGH,8.71,21,Pass,,3,B.Tech. (Computer Science & Engineering),Nov-2025,3rd semester.pdf
2416708,RISHAB SINGH MANOJ KUMAR SINGH,,0,Re-Appear,,3,B.Tech. (Computer Science & Engineering),Nov-2025,3rd semester.pdf
2416709,RISHABH GARG VARINDER GARG,7.52,21,Pass,,3,B.Tech. (Computer Science & Engineering),Nov-2025,3rd semester.pdf
2416711,RISHIKESH ANAND RANJEET KUMAR SINGH,7.43,21,Pass,,3,B.Tech. (Computer Science & Engineering),Nov-2025,3rd semester.pdf
2416712,RITIKA GUPTA ATUL GUPTA,7.57,21,Pass,,3,B.Tech. (Computer Science & Engineering),Nov-2025,3rd semester.pdf
2416713,RITISH KASHYAP KAPIL KUMAR,7.81,21,Pass,,3,B.Tech. (Computer Science & Engineering),Nov-2025,3rd semester.pdf
2416716,ROHIT BHARTI DEVENDER BHARTI,8.1,21,Pass,,3,B.Tech. (Computer Science & Engineering),Nov-2025,3rd semester.pdf
2416717,ROHIT CHOUDHARY HARPAL SINGH,7.33,21,Pass,,3,B.Tech. (Computer Science & Engineering),Nov-2025,3rd semester.pdf
2416719,SAGAR BTAM-302-23 TARSEM SINGH 3 F(Int)/Ab(Ext),,0,Re-Appear,,3,B.Tech. (Computer Science & Engineering),Nov-2025,3rd semester.pdf
2416720,SAHIBJOT SINGH BHATIA HARPREET SINGH BHATIA,9.0,21,Pass,,3,B.Tech. (Computer Science & Engineering),Nov-2025,3rd semester.pdf
2416721,SAHIBPREET SINGH GURPREET SINGH,7.48,21,Pass,,3,B.Tech. (Computer Science & Engineering),Nov-2025,3rd semester.pdf
2416722,SAHIL NARINDER,,15,Re-Appear,,3,B.Tech. (Computer Science & Engineering),Nov-2025,3rd semester.pdf
2416723,SAHIL VINOD KUMAR,,18,Re-Appear,,3,B.Tech. (Computer Science & Engineering),Nov-2025,3rd semester.pdf
2416724,SAHIL MAAN SURENDER SINGH,,18,Re-Appear,,3,B.Tech. (Computer Science & Engineering),Nov-2025,3rd semester.pdf
2416726,SAKSHI GUPTA VIJAY KUMAR GUPTA,7.0,21,Pass,,3,B.Tech. (Computer Science & Engineering),Nov-2025,3rd semester.pdf
2416727,SAKSHI JASWANI ASHOK KUMAR,8.0,21,Pass,,3,B.Tech. (Computer Science & Engineering),Nov-2025,3rd semester.pdf
2416729,SAMARTH SANJEEV KUMAR,6.29,21,Pass,,3,B.Tech. (Computer Science & Engineering),Nov-2025,3rd semester.pdf
2416730,SAMPARK SHARMA SANJAY SHARMA,,18,Re-Appear,,3,B.Tech. (Computer Science & Engineering),Nov-2025,3rd semester.pdf
2416731,SANJAM SUSHIL KUMAR,7.29,21,Pass,,3,B.Tech. (Computer Science & Engineering),Nov-2025,3rd semester.pdf
2416732,SANJEEV VERMA JOGENDRA VERMA,7.86,21,Pass,,3,B.Tech. (Computer Science & Engineering),Nov-2025,3rd semester.pdf
2416733,SANJU KUMAR VINOD KUMAR,,12,Re-Appear,,3,B.Tech. (Computer Science & Engineering),Nov-2025,3rd semester.pdf
2416734,SANYAM NARESH KUMAR,8.05,21,Pass,,3,B.Tech. (Computer Science & Engineering),Nov-2025,3rd semester.pdf
2416735,SANYAM SHARMA RAJESH SHARMA,7.71,21,Pass,,3,B.Tech. (Computer Science & Engineering),Nov-2025,3rd semester.pdf
2416736,SARANDEEP SINGH KARKI HARI SINGH,,9,Re-Appear,,3,B.Tech. (Computer Science & Engineering),Nov-2025,3rd semester.pdf
2416737,SARBJEET SINGH TEJPAL SINGH,8.29,21,Pass,,3,B.Tech. (Computer Science & Engineering),Nov-2025,3rd semester.pdf
2416738,SARTHAK LEEKHA ATAM PRAKASH,8.1,21,Pass,,3,B.Tech. (Computer Science & Engineering),Nov-2025,3rd semester.pdf
2416739,SATYAM RAJESH KUMAR,6.62,21,Pass,,3,B.Tech. (Computer Science & Engineering),Nov-2025,3rd semester.pdf
2416740,SATYAM KUMAR SUDARSHAN KUMAR SINGH,7.81,21,Pass,,3,B.Tech. (Computer Science & Engineering),Nov-2025,3rd semester.pdf
2416741,SATYAM KUMAR SINGH MANOJ KUMAR SINGH,7.48,21,Pass,,3,B.Tech. (Computer Science & Engineering),Nov-2025,3rd semester.pdf
2416742,SEHAJDEEP SINGH WALIA VIRENDRA SINGH WALIA,7.67,21,Pass,,3,B.Tech. (Computer Science & Engineering),Nov-2025,3rd semester.pdf
2416743,SHAGUN DALJEET SINGH,8.05,21,Pass,,3,B.Tech. (Computer Science & Engineering),Nov-2025,3rd semester.pdf
2416744,SHIVAKSHI JAIN VIJAY JAIN,7.9,21,Pass,,3,B.Tech. (Computer Science & Engineering),Nov-2025,3rd semester.pdf
2416745,SHIVAM KUMAR KARAN SINGH,,9,Re-Appear,,3,B.Tech. (Computer Science & Engineering),Nov-2025,3rd semester.pdf
2416747,SHIVAM MIDHA RAVI MIDHA,9.29,21,Pass,,3,B.Tech. (Computer Science & Engineering),Nov-2025,3rd semester.pdf
2416748,SHIVANGI PARMAR HARINDER SINGH,6.57,21,Pass,,3,B.Tech. (Computer Science & Engineering),Nov-2025,3rd semester.pdf
2416749,SHIVANI DEVI SATISH KUMAR,6.05,21,Pass,,3,B.Tech. (Computer Science & Engineering),Nov-2025,3rd semester.pdf
2416750,SHIVANI THAKUR NEERAJ THAKUR,8.14,21,Pass,,3,B.Tech. (Computer Science & Engineering),Nov-2025,3rd semester.pdf
2416751,SHIVRAM KUMAR SINGH SHIVENDRA SINGH,,15,Re-Appear,,3,B.Tech. (Computer Science & Engineering),Nov-2025,3rd semester.pdf
2416752,SHOURYA THAKUR PREM SAGAR,,9,Re-Appear,,3,B.Tech. (Computer Science & Engineering),Nov-2025,3rd semester.pdf
2416753,SHREE SHARMA DHIRAJ SHARMA,7.33,21,Pass,,3,B.Tech. (Computer Science & Engineering),Nov-2025,3rd semester.pdf
2416754,SHREYA VIJAY KUMAR,7.71,21,Pass,,3,B.Tech. (Computer Science & Engineering),Nov-2025,3rd semester.pdf
2416755,SHRISHTI SHARMA K D SHARMA,,15,Re-Appear,,3,B.Tech. (Computer Science & Engineering),Nov-2025,3rd semester.pdf
2416756,SIDDHI SHANDILYA SANJAY KUMAR,,15,Re-Appear,,3,B.Tech. (Computer Science & Engineering),Nov-2025,3rd semester.pdf
2416757,SIDHANT MAAN SURENDER SINGH,,18,Re-Appear,,3,B.Tech. (Computer Science & Engineering),Nov-2025,3rd semester.pdf
2416758,SIDHARTH BUDANIA VIJENDER KUMAR,7.24,21,Pass,,3,B.Tech. (Computer Science & Engineering),Nov-2025,3rd semester.pdf
2416759,SIMARJOT GURUNAM,7.67,21,Pass,,3,B.Tech. (Computer Science & Engineering),Nov-2025,3rd semester.pdf
2416760,SIMRAN DHIMAN BANSI LAL,7.52,21,Pass,,3,B.Tech. (Computer Science & Engineering),Nov-2025,3rd semester.pdf
2416762,SIMRANPREET KAUR BAHADUR SINGH,9.0,21,Pass,,3,B.Tech. (Computer Science & Engineering),Nov-2025,3rd semester.pdf
2416763,SIYA BANSAL GAURAV BANSAL,9.43,21,Pass,,3,B.Tech. (Computer Science & Engineering),Nov-2025,3rd semester.pdf
2416764,SIYONA SANDEEP MANCHANDA,,18,Re-Appear,,3,B.Tech. (Computer Science & Engineering),Nov-2025,3rd semester.pdf
2416765,SNEHA RAGHUBIR SINGH,,15,Re-Appear,,3,B.Tech. (Computer Science & Engineering),Nov-2025,3rd semester.pdf
2416766,SNEHA DOFARA VIKAS DOFARA,6.0,21,Pass,,3,B.Tech. (Computer Science & Engineering),Nov-2025,3rd semester.pdf
2416767,SUHANI KUMARI CHAUBEY DEEPAK KUMAR CHAUBEY,,15,Re-Appear,,3,B.Tech. (Computer Science & Engineering),Nov-2025,3rd semester.pdf
2416768,SUJAL ANIL KUMAR,6.33,21,Pass,,3,B.Tech. (Computer Science & Engineering),Nov-2025,3rd semester.pdf
2416769,SUJAL RANA SURESH KUMAR,,12,Re-Appear,,3,B.Tech. (Computer Science & Engineering),Nov-2025,3rd semester.pdf
2416770,SUJAL SINGH MAHAR DHARMENDRA SINGH,,5,Re-Appear,,3,B.Tech. (Computer Science & Engineering),Nov-2025,3rd semester.pdf
2416771,SUKHDEEP SINGH GURDEEP SINGH,,18,Re-Appear,,3,B.Tech. (Computer Science & Engineering),Nov-2025,3rd semester.pdf
2416772,SUKHVIR KAUR HARJIT SINGH,,18,Re-Appear,,3,B.Tech. (Computer Science & Engineering),Nov-2025,3rd semester.pdf
2416773,SUMANPREET KAUR SUKHCHAIN SINGH,,15,Re-Appear,,3,B.Tech. (Computer Science & Engineering),Nov-2025,3rd semester.pdf
2416774,SUPINDER KAUR RULDU SINGH,7.67,21,Pass,,3,B.Tech. (Computer Science & Engineering),Nov-2025,3rd semester.pdf
2416775,SURAJ YADAV JAGDISH YADAV,6.71,21,Pass,,3,B.Tech. (Computer Science & Engineering),Nov-2025,3rd semester.pdf
2416776,SWAYAM VIJAY KUMAR,8.1,21,Pass,,3,B.Tech. (Computer Science & Engineering),Nov-2025,3rd semester.pdf
2416777,SWAYAM BHATIA VARINDER BHATIA,,18,Re-Appear,,3,B.Tech. (Computer Science & Engineering),Nov-2025,3rd semester.pdf
2416778,TANIA JASWINDER KUMAR,6.48,21,Pass,,3,B.Tech. (Computer Science & Engineering),Nov-2025,3rd semester.pdf
2416779,TANISHKA PARVEEN,7.05,21,Pass,,3,B.Tech. (Computer Science & Engineering),Nov-2025,3rd semester.pdf
2416780,TANNU RANI OM PARKASH,,18,Re-Appear,,3,B.Tech. (Computer Science & Engineering),Nov-2025,3rd semester.pdf
2416781,TANU DHIMAN DEEPAK KUMAR,7.05,21,Pass,,3,B.Tech. (Computer Science & Engineering),Nov-2025,3rd semester.pdf
2416782,TAUQEER KHAN HAFIZULLAH KHAN,6.9,21,Pass,,3,B.Tech. (Computer Science & Engineering),Nov-2025,3rd semester.pdf
2416783,TAVISH JINDAL RAJ KUMAR,8.29,21,Pass,,3,B.Tech. (Computer Science & Engineering),Nov-2025,3rd semester.pdf
2416784,TEJASAV BHATTI SANJEEV KUMAR BHATTI,,18,Re-Appear,,3,B.Tech. (Computer Science & Engineering),Nov-2025,3rd semester.pdf
2416785,TUSAR DOD SURJIT SINGH,,6,Re-Appear,,3,B.Tech. (Computer Science & Engineering),Nov-2025,3rd semester.pdf
2416787,UJJWAL THAKUR BTAM-302-23 ASHWANI KUMAR 3 F(Int)/Ab(Ext),,1,Re-Appear,,3,B.Tech. (Computer Science & Engineering),Nov-2025,3rd semester.pdf
2416788,UMAR SHARIF SADRUDDIN ALAM,7.14,21,Pass,,3,B.Tech. (Computer Science & Engineering),Nov-2025,3rd semester.pdf
2416789,URVASHI SURESH KUMAR,8.33,21,Pass,,3,B.Tech. (Computer Science & Engineering),Nov-2025,3rd semester.pdf
2416790,VAISHNAVI RAVINDER KUMAR,6.86,21,Pass,,3,B.Tech. (Computer Science & Engineering),Nov-2025,3rd semester.pdf
2416791,VANDITA AHUJA LATE RAJEEV AHUJA,8.14,21,Pass,,3,B.Tech. (Computer Science & Engineering),Nov-2025,3rd semester.pdf
2416792,VANSAJ GARG AMRIT LAL,,12,Re-Appear,,3,B.Tech. (Computer Science & Engineering),Nov-2025,3rd semester.pdf
2416793,VANSH WALIA AMIT KUMAR,,18,Re-Appear,,3,B.Tech. (Computer Science & Engineering),Nov-2025,3rd semester.pdf
2416794,VANSHAJ RATHI DINESH,7.43,21,Pass,,3,B.Tech. (Computer Science & Engineering),Nov-2025,3rd semester.pdf
2416795,VANSHIKA SANJEEV KUMAR,,15,Re-Appear,,3,B.Tech. (Computer Science & Engineering),Nov-2025,3rd semester.pdf
2416796,VANSHIKA SINGH MAN SINGH,7.14,21,Pass,,3,B.Tech. (Computer Science & Engineering),Nov-2025,3rd semester.pdf
2416798,VARSHA SHANKAR LAL,,12,Re-Appear,,3,B.Tech. (Computer Science & Engineering),Nov-2025,3rd semester.pdf
2416799,VARUN PANDEY UDYA BHAN,6.57,21,Pass,,3,B.Tech. (Computer Science & Engineering),Nov-2025,3rd semester.pdf
2416801,VIBHOR RAJ KUMAR,,18,Re-Appear,,3,B.Tech. (Computer Science & Engineering),Nov-2025,3rd semester.pdf
2416802,VIKAS ARORA SURINDER KUMAR,7.14,21,Pass,,3,B.Tech. (Computer Science & Engineering),Nov-2025,3rd semester.pdf
2416803,VIKRANT SINGH KAPOOR SINGH,,15,Re-Appear,,3,B.Tech. (Computer Science & Engineering),Nov-2025,3rd semester.pdf
2416804,VINIT NEGI VIJAY SINGH,6.67,21,Pass,,3,B.Tech. (Computer Science & Engineering),Nov-2025,3rd semester.pdf
2416805,VISHAL KUMAR DHARMENDRA KUMAR SINGH,6.67,21,Pass,,3,B.Tech. (Computer Science & Engineering),Nov-2025,3rd semester.pdf
2416807,VISHAVPREET SINGH JAGDISH SINGH,7.19,21,Pass,,3,B.Tech. (Computer Science & Engineering),Nov-2025,3rd semester.pdf
2416808,VIVEK BISHT VIPAN SINGH,7.67,21,Pass,,3,B.Tech. (Computer Science & Engineering),Nov-2025,3rd semester.pdf
2416809,VIVEK DAS DEBENDRA NATH DAS,7.67,21,Pass,,3,B.Tech. (Computer Science & Engineering),Nov-2025,3rd semester.pdf
2416810,VRITTI NEERAJ THAKKAR,8.05,21,Pass,,3,B.Tech. (Computer Science & Engineering),Nov-2025,3rd semester.pdf
2416811,YASH KUMAR MANOJ KUMAR,,15,Re-Appear,,3,B.Tech. (Computer Science & Engineering),Nov-2025,3rd semester.pdf
2416812,YASH RATTAN ABHISHEK RATTAN,,12,Re-Appear,,3,B.Tech. (Computer Science & Engineering),Nov-2025,3rd semester.pdf
2416813,YASH SHARMA AMIT KUMAR,,18,Re-Appear,,3,B.Tech. (Computer Science & Engineering),Nov-2025,3rd semester.pdf
2416814,YASHVI WADHWA JITENDER KUMAR WADHWA,,18,Re-Appear,,3,B.Tech. (Computer Science & Engineering),Nov-2025,3rd semester.pdf
2416815,YOGESH KUMAR NARINDER KUMAR,8.52,21,Pass,,3,B.Tech. (Computer Science & Engineering),Nov-2025,3rd semester.pdf
2459766,GURSHARAN SINGH GURDEV SINGH,7.24,21,Pass,,3,B.Tech. (Computer Science & Engineering),Nov-2025,3rd semester.pdf
2459767,SUMIT SINGH RAJENDER SINGH,7.0,21,Pass,,3,B.Tech. (Computer Science & Engineering),Nov-2025,3rd semester.pdf
2416438,AADARSHDEEP SINGH JASWINDER SINGH,8.48,21,Pass,,4,B.Tech. (Computer Science & Engineering),April-2026,4th semester.pdf
2416439,AAKANKSHA BAGHESHWAR PARMAR,,14,Re-Appear,,4,B.Tech. (Computer Science & Engineering),April-2026,4th semester.pdf
2416440,AAKARSHAK KAUSHAL SANJAY KAUSHAL,7.33,21,Pass,,4,B.Tech. (Computer Science & Engineering),April-2026,4th semester.pdf
2416441,AALOK CHAUHAN PRADEEP,8.1,21,Pass,,4,B.Tech. (Computer Science & Engineering),April-2026,4th semester.pdf
2416442,AARUSHI ARUN BAKSHI,9.05,21,Pass,,4,B.Tech. (Computer Science & Engineering),April-2026,4th semester.pdf
2416443,AARYAN KARAM SINGH,8.95,21,Pass,,4,B.Tech. (Computer Science & Engineering),April-2026,4th semester.pdf
2416446,AAYUSH KUMAR SAURABH KUMAR,8.76,21,Pass,,4,B.Tech. (Computer Science & Engineering),April-2026,4th semester.pdf
2416447,ABHAY VASHISHT HIND BHUSHAN SHARMA,7.48,21,Pass,,4,B.Tech. (Computer Science & Engineering),April-2026,4th semester.pdf
2416448,ABHAYDEEP SINGH KEWAL SINGH,7.33,21,Pass,,4,B.Tech. (Computer Science & Engineering),April-2026,4th semester.pdf
2416450,ABHINAV RAWAT SURESH RAWAT,7.43,21,Pass,,4,B.Tech. (Computer Science & Engineering),April-2026,4th semester.pdf
2416451,ABHISHEK BALWINDER SINGH,8.48,21,Pass,,4,B.Tech. (Computer Science & Engineering),April-2026,4th semester.pdf
2416452,ABHISHEK KUMAR MADAN PRASAD,8.05,21,Pass,,4,B.Tech. (Computer Science & Engineering),April-2026,4th semester.pdf
2416453,ABRAHAM DAVID RANJIT DAVID,8.0,21,Pass,,4,B.Tech. (Computer Science & Engineering),April-2026,4th semester.pdf
2416454,ADITYA ANUP SINGH,,9,Re-Appear,,4,B.Tech. (Computer Science & Engineering),April-2026,4th semester.pdf
2416455,ADITYA PUNIT KUMAR,,18,Re-Appear,,4,B.Tech. (Computer Science & Engineering),April-2026,4th semester.pdf
2416456,ADITYA RAJESH,6.86,21,Pass,,4,B.Tech. (Computer Science & Engineering),April-2026,4th semester.pdf
2416457,ADITYA KUMAR BHIKHU YADAV,,12,Re-Appear,,4,B.Tech. (Computer Science & Engineering),April-2026,4th semester.pdf
2416458,ADITYA PUSHPAKAR ASHUTOSH KUMAR,7.48,21,Pass,,4,B.Tech. (Computer Science & Engineering),April-2026,4th semester.pdf
2416459,ADITYA SHARMA SHASHI KUMAR,,17,Re-Appear,,4,B.Tech. (Computer Science & Engineering),April-2026,4th semester.pdf
2416460,AKANKSHA CHAMAN LAL,8.48,21,Pass,,4,B.Tech. (Computer Science & Engineering),April-2026,4th semester.pdf
2416461,AKASHDEEP SINGH PRABHDEEP SINGH,6.48,21,Pass,,4,B.Tech. (Computer Science & Engineering),April-2026,4th semester.pdf
2416462,AKSHAY KUMAR VINOD KUMAR GUPTA,7.67,21,Pass,,4,B.Tech. (Computer Science & Engineering),April-2026,4th semester.pdf
2416464,AMARJEET KAUR RANJEET SINGH,7.71,21,Pass,,4,B.Tech. (Computer Science & Engineering),April-2026,4th semester.pdf
2416465,AMARNATH KUMAR DINESH KUMAR RAY,8.0,21,Pass,,4,B.Tech. (Computer Science & Engineering),April-2026,4th semester.pdf
2416466,AMIT TOMAR SHYAM SINGH,7.86,21,Pass,,4,B.Tech. (Computer Science & Engineering),April-2026,4th semester.pdf
2416467,AMRITA BHARTI MAHENDRA PANDIT,8.43,21,Pass,,4,B.Tech. (Computer Science & Engineering),April-2026,4th semester.pdf
2416468,AMRITA THAKUR DALIP THAKUR,8.57,21,Pass,,4,B.Tech. (Computer Science & Engineering),April-2026,4th semester.pdf
2416469,ANANYA MAKKAR ASHISH KUMAR,8.9,21,Pass,,4,B.Tech. (Computer Science & Engineering),April-2026,4th semester.pdf
2416470,ANCHAL RAI UMESH KUMAR RAI,8.62,21,Pass,,4,B.Tech. (Computer Science & Engineering),April-2026,4th semester.pdf
2416471,ANGEL BANSAL ANIL KUMAR BANSAL,9.05,21,Pass,,4,B.Tech. (Computer Science & Engineering),April-2026,4th semester.pdf
2416472,ANIKET PATHANIA PUSHPINDER SINGH,8.19,21,Pass,,4,B.Tech. (Computer Science & Engineering),April-2026,4th semester.pdf
2416473,ANKITA ASHOK KUMAR,8.57,21,Pass,,4,B.Tech. (Computer Science & Engineering),April-2026,4th semester.pdf
2416475,ANMOLPREET KAUR SUKHWINDER SINGH,6.95,21,Pass,,4,B.Tech. (Computer Science & Engineering),April-2026,4th semester.pdf
2416476,ANSH THAKUR ASHWANI KUMAR,8.38,21,Pass,,4,B.Tech. (Computer Science & Engineering),April-2026,4th semester.pdf
2416477,ANSHIKA BHATIA ASHISH BHATIA,8.33,21,Pass,,4,B.Tech. (Computer Science & Engineering),April-2026,4th semester.pdf
2416478,ANSHUL SHARMA JATINDER KUMAR SHARMA,7.62,21,Pass,,4,B.Tech. (Computer Science & Engineering),April-2026,4th semester.pdf
2416479,ANUNAY KUMAR HIMANSHU SHANKAR,8.43,21,Pass,,4,B.Tech. (Computer Science & Engineering),April-2026,4th semester.pdf
2416480,ANUSHJOT SINGH DUTTA SUKHBEER SINGH DUTTA,7.29,21,Pass,,4,B.Tech. (Computer Science & Engineering),April-2026,4th semester.pdf
2416481,ANUSHKA VATS SATISH KUMAR SHARMA,8.52,21,Pass,,4,B.Tech. (Computer Science & Engineering),April-2026,4th semester.pdf
2416482,ANVESHA SHARMA VISHAL SHARMA,8.62,21,Pass,,4,B.Tech. (Computer Science & Engineering),April-2026,4th semester.pdf
2416483,APSHEETA JAI BHAGWAN,8.86,21,Pass,,4,B.Tech. (Computer Science & Engineering),April-2026,4th semester.pdf
2416486,ARJUN YADAV SHYAM KUMAR YADAV,8.67,21,Pass,,4,B.Tech. (Computer Science & Engineering),April-2026,4th semester.pdf
2416487,ARMAN ROHILLA PARVEEN KUMAR,8.14,21,Pass,,4,B.Tech. (Computer Science & Engineering),April-2026,4th semester.pdf
2416488,ARPIT PRASHAR SANJEEV KUMAR,,17,Re-Appear,,4,B.Tech. (Computer Science & Engineering),April-2026,4th semester.pdf
2416489,ARSHDEEP SINGH GURDEEP SINGH,6.86,21,Pass,,4,B.Tech. (Computer Science & Engineering),April-2026,4th semester.pdf
2416490,ARSHDEEP SINGH HARBANS SINGH,7.19,21,Pass,,4,B.Tech. (Computer Science & Engineering),April-2026,4th semester.pdf
2416491,ARUN SURINDER SINGH,8.48,21,Pass,,4,B.Tech. (Computer Science & Engineering),April-2026,4th semester.pdf
2416492,ARUNPREET SINGH CHANAN SINGH,,17,Re-Appear,,4,B.Tech. (Computer Science & Engineering),April-2026,4th semester.pdf
2416493,ARYAN RAJINDER KUMAR,7.19,21,Pass,,4,B.Tech. (Computer Science & Engineering),April-2026,4th semester.pdf
2416494,ARYAN KUMAR PATHAK SHANKAR DAYAL PATHAK,8.24,21,Pass,,4,B.Tech. (Computer Science & Engineering),April-2026,4th semester.pdf
2416495,ARYAN RANA BALJEET SINGH,7.76,21,Pass,,4,B.Tech. (Computer Science & Engineering),April-2026,4th semester.pdf
2416497,ARYAN TIWARI NARESH CHANDRA TIWARI,,0,Re-Appear,,4,B.Tech. (Computer Science & Engineering),April-2026,4th semester.pdf
2416498,ARYANSH SHASHI BHUSHAN,8.76,21,Pass,,4,B.Tech. (Computer Science & Engineering),April-2026,4th semester.pdf
2416499,ASHISH RAJ SANJAY KUMAR,7.81,21,Pass,,4,B.Tech. (Computer Science & Engineering),April-2026,4th semester.pdf
2416502,ASIF MAHMOOD ABDUL BASIT,8.14,21,Pass,,4,B.Tech. (Computer Science & Engineering),April-2026,4th semester.pdf
2416503,ASMIT SRIVASTAVA ABHISHEK KUMAR,8.48,21,Pass,,4,B.Tech. (Computer Science & Engineering),April-2026,4th semester.pdf
2416504,AYUSH RAVI SHANKAR,7.86,21,Pass,,4,B.Tech. (Computer Science & Engineering),April-2026,4th semester.pdf
2416506,AYUSH KUMAR VIKAS KUMAR,8.67,21,Pass,,4,B.Tech. (Computer Science & Engineering),April-2026,4th semester.pdf
2416507,AYUSH SAINI ANIL KUMAR,7.52,21,Pass,,4,B.Tech. (Computer Science & Engineering),April-2026,4th semester.pdf
2416508,AYUSH SINGH NEGI KAILASH SINGH,7.67,21,Pass,,4,B.Tech. (Computer Science & Engineering),April-2026,4th semester.pdf
2416510,BASANT KUMAR RANJIT SINGH,7.29,21,Pass,,4,B.Tech. (Computer Science & Engineering),April-2026,4th semester.pdf
2416511,BHUMI RAJIV PRABHAKAR,8.24,21,Pass,,4,B.Tech. (Computer Science & Engineering),April-2026,4th semester.pdf
2416512,BHUMIKA SURINDER KUMAR,8.0,21,Pass,,4,B.Tech. (Computer Science & Engineering),April-2026,4th semester.pdf
2416513,CHAHAT DHAMIJA DEEPAK DHAMIJA,8.48,21,Pass,,4,B.Tech. (Computer Science & Engineering),April-2026,4th semester.pdf
2416514,CHIRAG HARISH KUMAR KHATRI,8.05,21,Pass,,4,B.Tech. (Computer Science & Engineering),April-2026,4th semester.pdf
2416515,CHIRAG RAKESH KUMAR,,17,Re-Appear,,4,B.Tech. (Computer Science & Engineering),April-2026,4th semester.pdf
2416516,DAKSH RAJKUMAR,8.62,21,Pass,,4,B.Tech. (Computer Science & Engineering),April-2026,4th semester.pdf
2416517,DAKSH ARYA VIPIN KUMAR,7.0,21,Pass,,4,B.Tech. (Computer Science & Engineering),April-2026,4th semester.pdf
2416519,DALVIR SINGH GURJANT SINGH,8.95,21,Pass,,4,B.Tech. (Computer Science & Engineering),April-2026,4th semester.pdf
2416520,DEEPANSHU THAKUR ANUP SINGH,6.71,21,Pass,,4,B.Tech. (Computer Science & Engineering),April-2026,4th semester.pdf
2416521,DEVIKA SANJAY KUMAR,9.24,21,Pass,,4,B.Tech. (Computer Science & Engineering),April-2026,4th semester.pdf
2416522,DEWAKAR SINGH RAWAT DHANPAL SINGH,,17,Re-Appear,,4,B.Tech. (Computer Science & Engineering),April-2026,4th semester.pdf
2416523,DHRUV MANOJ KUMAR,6.19,21,Pass,,4,B.Tech. (Computer Science & Engineering),April-2026,4th semester.pdf
2416524,DHRUV AGGARWAL RAMESH GUPTA,8.43,21,Pass,,4,B.Tech. (Computer Science & Engineering),April-2026,4th semester.pdf
2416525,DIBYANSHU SINHA DEEPAK KUMAR,7.19,21,Pass,,4,B.Tech. (Computer Science & Engineering),April-2026,4th semester.pdf
2416526,DIPANSHU MEHMI DES RAJ,,18,Re-Appear,,4,B.Tech. (Computer Science & Engineering),April-2026,4th semester.pdf
2416527,DIVYA NARESH KUMAR,8.57,21,Pass,,4,B.Tech. (Computer Science & Engineering),April-2026,4th semester.pdf
2416528,DIVYANSHU KUMAR VIRENDER KUMAR,7.67,21,Pass,,4,B.Tech. (Computer Science & Engineering),April-2026,4th semester.pdf
2416529,DIVYANSHU PANDEY AMRENDRA KUMAR PANDEY,9.24,21,Pass,,4,B.Tech. (Computer Science & Engineering),April-2026,4th semester.pdf
2416530,DOLPHY NARESH KUMAR,8.9,21,Pass,,4,B.Tech. (Computer Science & Engineering),April-2026,4th semester.pdf
2416531,DRISHTI PAWAN KUMAR,9.1,21,Pass,,4,B.Tech. (Computer Science & Engineering),April-2026,4th semester.pdf
2416532,DURVA CHOUDHARY MITHILESH KUMAR CHOUDHARY,7.52,21,Pass,,4,B.Tech. (Computer Science & Engineering),April-2026,4th semester.pdf
2416535,GAURAV CHOUBEY BINAY KUMAR CHOUBEY,,18,Re-Appear,,4,B.Tech. (Computer Science & Engineering),April-2026,4th semester.pdf
2416537,GUNJAN VERMA RAJESH VERMA,8.48,21,Pass,,4,B.Tech. (Computer Science & Engineering),April-2026,4th semester.pdf
2416538,GURJOT SINGH RANJODH SINGH,7.33,21,Pass,,4,B.Tech. (Computer Science & Engineering),April-2026,4th semester.pdf
2416539,GURLEEN SINGH GULATI JITENDER SINGH,7.52,21,Pass,,4,B.Tech. (Computer Science & Engineering),April-2026,4th semester.pdf
2416540,GURNOOR LAKHWINDER KUMAR,7.24,21,Pass,,4,B.Tech. (Computer Science & Engineering),April-2026,4th semester.pdf
2416541,GURPREET YASH PAL,6.19,21,Pass,,4,B.Tech. (Computer Science & Engineering),April-2026,4th semester.pdf
2416542,GURSAHIB SINGH JASWINDER SINGH,8.52,21,Pass,,4,B.Tech. (Computer Science & Engineering),April-2026,4th semester.pdf
2416543,GURSHANT SINGH AMRIK SINGH,9.24,21,Pass,,4,B.Tech. (Computer Science & Engineering),April-2026,4th semester.pdf
2416544,HARMAN DEEP SINGH RAVINDER SINGH BALI,6.9,21,Pass,,4,B.Tech. (Computer Science & Engineering),April-2026,4th semester.pdf
2416545,HARMEET SINGH MAKHAN SINGH,5.48,21,Pass,,4,B.Tech. (Computer Science & Engineering),April-2026,4th semester.pdf
2416546,HARPREET SINGH AJAIB SINGH,,12,Re-Appear,,4,B.Tech. (Computer Science & Engineering),April-2026,4th semester.pdf
2416547,HARSH RAJINDER KUMAR,,17,Re-Appear,,4,B.Tech. (Computer Science & Engineering),April-2026,4th semester.pdf
2416548,HARSH DHIMAN RAM NIWAS,,16,Re-Appear,,4,B.Tech. (Computer Science & Engineering),April-2026,4th semester.pdf
2416549,HARSH MITTAL RAKESH KUMAR,7.14,21,Pass,,4,B.Tech. (Computer Science & Engineering),April-2026,4th semester.pdf
2416550,HARSH PREET SINGH SODHI AMARJEET SINGH,,9,Re-Appear,,4,B.Tech. (Computer Science & Engineering),April-2026,4th semester.pdf
2416551,HARSH SINGH RAMVIR SINGH,8.57,21,Pass,,4,B.Tech. (Computer Science & Engineering),April-2026,4th semester.pdf
2416552,HARSHIT MAKKAR VIJAY MAKKAR,6.86,21,Pass,,4,B.Tech. (Computer Science & Engineering),April-2026,4th semester.pdf
2416554,HARSHVARDHAN RANA SANJEEV KUMAR,,0,Re-Appear,,4,B.Tech. (Computer Science & Engineering),April-2026,4th semester.pdf
2416555,HEMANT MADAN GIRI,,11,Re-Appear,,4,B.Tech. (Computer Science & Engineering),April-2026,4th semester.pdf
2416556,HIMANSHU AGROHIA ANIL KUMAR,7.38,21,Pass,,4,B.Tech. (Computer Science & Engineering),April-2026,4th semester.pdf
2416557,HIMANSHU JOSHI NAVEEN CHANDRA,8.57,21,Pass,,4,B.Tech. (Computer Science & Engineering),April-2026,4th semester.pdf
2416558,HIMANSHU NEGI DARMIYAN SINGH,8.9,21,Pass,,4,B.Tech. (Computer Science & Engineering),April-2026,4th semester.pdf
2416559,HITEN KASHYAP VINOD KUMAR,6.81,21,Pass,,4,B.Tech. (Computer Science & Engineering),April-2026,4th semester.pdf
2416560,ISHA NARESH KUMAR,8.71,21,Pass,,4,B.Tech. (Computer Science & Engineering),April-2026,4th semester.pdf
2416561,ISHAAN SHARMA RAJIV KUMAR,7.71,21,Pass,,4,B.Tech. (Computer Science & Engineering),April-2026,4th semester.pdf
2416562,ISHAN MEHTA SOHAN LAL,,16,Re-Appear,,4,B.Tech. (Computer Science & Engineering),April-2026,4th semester.pdf
2416563,ISHANT NARWAL VIJAY KUMAR,7.24,21,Pass,,4,B.Tech. (Computer Science & Engineering),April-2026,4th semester.pdf
2416564,ISHIKA BAINS PRAVEEN KUMAR,9.24,21,Pass,,4,B.Tech. (Computer Science & Engineering),April-2026,4th semester.pdf
2416565,ISHITA MAHAJAN ATUL MAHAJAN,8.48,21,Pass,,4,B.Tech. (Computer Science & Engineering),April-2026,4th semester.pdf
2416566,JAIDEEP RAM NARIAN,7.29,21,Pass,,4,B.Tech. (Computer Science & Engineering),April-2026,4th semester.pdf
2416567,JAIVEER SINGH SASAN IQBAL SINGH,,0,Re-Appear,,4,B.Tech. (Computer Science & Engineering),April-2026,4th semester.pdf
2416568,JASJOT SINGH RAVINDER SINGH,7.95,21,Pass,,4,B.Tech. (Computer Science & Engineering),April-2026,4th semester.pdf
2416570,JASKIRAT SINGH SAINI HARMINDER SINGH SAINI,9.1,21,Pass,,4,B.Tech. (Computer Science & Engineering),April-2026,4th semester.pdf
2416571,JASPREET MAN SINGH,9.24,21,Pass,,4,B.Tech. (Computer Science & Engineering),April-2026,4th semester.pdf
2416572,JASPREET KAUR KAMALJEET SINGH,8.52,21,Pass,,4,B.Tech. (Computer Science & Engineering),April-2026,4th semester.pdf
2416574,JATIN SURENDER KUMAR,7.71,21,Pass,,4,B.Tech. (Computer Science & Engineering),April-2026,4th semester.pdf
2416575,JATIN BAJAJ KHUSHWINDER BAJAJ,8.33,21,Pass,,4,B.Tech. (Computer Science & Engineering),April-2026,4th semester.pdf
2416576,JATIN DAHIYA ASHOK KUMAR,6.33,21,Pass,,4,B.Tech. (Computer Science & Engineering),April-2026,4th semester.pdf
2416577,JYOTIKA TRIDEEP MITTAL,8.14,21,Pass,,4,B.Tech. (Computer Science & Engineering),April-2026,4th semester.pdf
2416578,KABIR SINGH LALIT KUMAR,,8,Re-Appear,,4,B.Tech. (Computer Science & Engineering),April-2026,4th semester.pdf
2416579,KALASH AGRAWAL SANTOSH KUMAR AGRAWAL,8.24,21,Pass,,4,B.Tech. (Computer Science & Engineering),April-2026,4th semester.pdf
2416580,KAMAKSHI RAKESH KUMAR,9.05,21,Pass,,4,B.Tech. (Computer Science & Engineering),April-2026,4th semester.pdf
2416581,KAMAL SHARMA TEJINDER SHARMA,9.0,21,Pass,,4,B.Tech. (Computer Science & Engineering),April-2026,4th semester.pdf
2416582,KAMYA BAJAJ LATE SUSHIL BAJAJ,,15,Re-Appear,,4,B.Tech. (Computer Science & Engineering),April-2026,4th semester.pdf
2416583,KANAK VIJAY KUMAR,8.33,21,Pass,,4,B.Tech. (Computer Science & Engineering),April-2026,4th semester.pdf
2416584,KANAV GUPTA AMIT KUMAR GUPTA,8.05,21,Pass,,4,B.Tech. (Computer Science & Engineering),April-2026,4th semester.pdf
2416585,KANISHKA BHATI LALIT KUMAR BHATI,8.71,21,Pass,,4,B.Tech. (Computer Science & Engineering),April-2026,4th semester.pdf
2416586,KARAN VERMA RAKESH KUMAR,8.43,21,Pass,,4,B.Tech. (Computer Science & Engineering),April-2026,4th semester.pdf
2416587,KARANDEEP SINGH OM PARKASH,8.05,21,Pass,,4,B.Tech. (Computer Science & Engineering),April-2026,4th semester.pdf
2416588,KARMA ANGMO CHHERING ANGCHUK,8.57,21,Pass,,4,B.Tech. (Computer Science & Engineering),April-2026,4th semester.pdf
2416589,KARTIK ASHOK KUMAR DHINGRA,8.81,21,Pass,,4,B.Tech. (Computer Science & Engineering),April-2026,4th semester.pdf
2416590,KARTIK SHARMA VIRENDER KUMAR,7.0,21,Pass,,4,B.Tech. (Computer Science & Engineering),April-2026,4th semester.pdf
2416591,KARTIK SINGH VIKRANT KUMAR,9.24,21,Pass,,4,B.Tech. (Computer Science & Engineering),April-2026,4th semester.pdf
2416592,KASHISH JITENDER,,20,Re-Appear,,4,B.Tech. (Computer Science & Engineering),April-2026,4th semester.pdf
2416593,KASHISH RAJ KUMAR,9.0,21,Pass,,4,B.Tech. (Computer Science & Engineering),April-2026,4th semester.pdf
2416594,KASHISH SINGLA TANISH SINGLA,7.95,21,Pass,,4,B.Tech. (Computer Science & Engineering),April-2026,4th semester.pdf
2416595,KATREENA SADANA BRIJ LAL,9.24,21,Pass,,4,B.Tech. (Computer Science & Engineering),April-2026,4th semester.pdf
2416596,KAVYA VIMAL KUMAR SINGHAL,8.38,21,Pass,,4,B.Tech. (Computer Science & Engineering),April-2026,4th semester.pdf
2416597,KESHAV KUMAR RAVINDER KUMAR,7.52,21,Pass,,4,B.Tech. (Computer Science & Engineering),April-2026,4th semester.pdf
2416598,KESHAV MADHAV BHARDWAJ SURINDER KUMAR,6.38,21,Pass,,4,B.Tech. (Computer Science & Engineering),April-2026,4th semester.pdf
2416599,KESHVI SAINI AMIT KUMAR SAINI,,17,Re-Appear,,4,B.Tech. (Computer Science & Engineering),April-2026,4th semester.pdf
2416600,KHUSHBOO SAHANI BIRENDRA SAHANI,9.14,21,Pass,,4,B.Tech. (Computer Science & Engineering),April-2026,4th semester.pdf
2416601,KHUSHBU ANOOP,8.0,21,Pass,,4,B.Tech. (Computer Science & Engineering),April-2026,4th semester.pdf
2416602,KHUSHI JINDAL OMPAL JINDAL,8.43,21,Pass,,4,B.Tech. (Computer Science & Engineering),April-2026,4th semester.pdf
2416603,KHUSHI MISHRA AMAR KUMAR MISHRA,8.86,21,Pass,,4,B.Tech. (Computer Science & Engineering),April-2026,4th semester.pdf
2416604,KIRTI KUMARI NIRAJ KUMAR KANCHAN,8.1,21,Pass,,4,B.Tech. (Computer Science & Engineering),April-2026,4th semester.pdf
2416605,KRISH BALORIA RAMESH BALORIA,8.67,21,Pass,,4,B.Tech. (Computer Science & Engineering),April-2026,4th semester.pdf
2416606,KRISH UNIYAL SUBHASH,8.62,21,Pass,,4,B.Tech. (Computer Science & Engineering),April-2026,4th semester.pdf
2416607,KRISHNA JHANJI SANJEEV KUMAR JHANJI,9.1,21,Pass,,4,B.Tech. (Computer Science & Engineering),April-2026,4th semester.pdf
2416608,KRISHNA SHARMA RAVI SHARMA,,0,Re-Appear,,4,B.Tech. (Computer Science & Engineering),April-2026,4th semester.pdf
2416609,KUMKUM AGGARWAL LOKESH AGGARWAL,9.24,21,Pass,,4,B.Tech. (Computer Science & Engineering),April-2026,4th semester.pdf
2416610,KUSH NAIN SUBHASH CHAND,,18,Re-Appear,,4,B.Tech. (Computer Science & Engineering),April-2026,4th semester.pdf
2416611,KUSHAL MITTAL VISHAL MITTAL,8.24,21,Pass,,4,B.Tech. (Computer Science & Engineering),April-2026,4th semester.pdf
2416612,LAKSHAY CHOUDHARY HARBEER,,0,Re-Appear,,4,B.Tech. (Computer Science & Engineering),April-2026,4th semester.pdf
2416613,LAKSHAY KUMAR AMRISH KUMAR,6.86,21,Pass,,4,B.Tech. (Computer Science & Engineering),April-2026,4th semester.pdf
2416614,LAKSHAY MEHRA SATYAWAN SINGH MEHRA,,0,Re-Appear,,4,B.Tech. (Computer Science & Engineering),April-2026,4th semester.pdf
2416616,LOKESH DHARMENDER,8.1,21,Pass,,4,B.Tech. (Computer Science & Engineering),April-2026,4th semester.pdf
2416617,LOVE NAIN SUBHASH CHAND,,18,Re-Appear,,4,B.Tech. (Computer Science & Engineering),April-2026,4th semester.pdf
2416618,LOVELEEN KAMALJEET,8.71,21,Pass,,4,B.Tech. (Computer Science & Engineering),April-2026,4th semester.pdf
2416619,LOVNEET KAUR SUKHPAL SINGH,7.33,21,Pass,,4,B.Tech. (Computer Science & Engineering),April-2026,4th semester.pdf
2416620,LUVNEET SINGH DAVINDER SINGH,8.57,21,Pass,,4,B.Tech. (Computer Science & Engineering),April-2026,4th semester.pdf
2416621,MADHAV GARG SANJEEV GARG,,17,Re-Appear,,4,B.Tech. (Computer Science & Engineering),April-2026,4th semester.pdf
2416622,MADHAV KAPAHI RAMIT KAPAHI,,14,Re-Appear,,4,B.Tech. (Computer Science & Engineering),April-2026,4th semester.pdf
2416629,MANPREET KAUR VEERJEET SINGH,8.48,21,Pass,,4,B.Tech. (Computer Science & Engineering),April-2026,4th semester.pdf
2416630,MANPREET SINGH HARBANS SINGH,,2,Re-Appear,,4,B.Tech. (Computer Science & Engineering),April-2026,4th semester.pdf
2416631,MANPREET SINGH NIRMAIL SINGH,,5,Re-Appear,,4,B.Tech. (Computer Science & Engineering),April-2026,4th semester.pdf
2416632,MANTHAN BEDI PARTEEK BEDI,7.9,21,Pass,,4,B.Tech. (Computer Science & Engineering),April-2026,4th semester.pdf
2416633,MANVIR SINGH MANINDER SINGH,9.1,21,Pass,,4,B.Tech. (Computer Science & Engineering),April-2026,4th semester.pdf
2416634,MAYANK KRISHAN KUMAR KALRA,9.1,21,Pass,,4,B.Tech. (Computer Science & Engineering),April-2026,4th semester.pdf
2416635,MAYANK ARORA AVINASH,8.71,21,Pass,,4,B.Tech. (Computer Science & Engineering),April-2026,4th semester.pdf
2416636,MD NASIR HUSAIN SHEKH KALAM HUSAIN SHEKH,7.0,21,Pass,,4,B.Tech. (Computer Science & Engineering),April-2026,4th semester.pdf
2416637,MD SAYEEDUL HAQUE MD SHOAIDUL HAQUE,7.14,21,Pass,,4,B.Tech. (Computer Science & Engineering),April-2026,4th semester.pdf
2416638,MEENU RANI JEEVAN DASS,9.05,21,Pass,,4,B.Tech. (Computer Science & Engineering),April-2026,4th semester.pdf
2416639,MEHAK JINDAL KARM CHAND,8.62,21,Pass,,4,B.Tech. (Computer Science & Engineering),April-2026,4th semester.pdf
2416640,MIMANSHU UPWAN KUMAR,,17,Re-Appear,,4,B.Tech. (Computer Science & Engineering),April-2026,4th semester.pdf
2416641,MISHTI BANSAL AJAY BANSAL,9.1,21,Pass,,4,B.Tech. (Computer Science & Engineering),April-2026,4th semester.pdf
2416642,MOHAMMAD AFTAB MOHAMMAD UNESS,8.9,21,Pass,,4,B.Tech. (Computer Science & Engineering),April-2026,4th semester.pdf
2416643,MOHAMMAD MUSARAF PARVEJ ALAM,,0,Re-Appear,,4,B.Tech. (Computer Science & Engineering),April-2026,4th semester.pdf
2416644,MOHAMMAD RAQIM KHAN MOHAMMAD TARIQ KHAN,6.71,21,Pass,,4,B.Tech. (Computer Science & Engineering),April-2026,4th semester.pdf
2416645,MOHD AADIL WANI MOHD RAFIQ,6.24,21,Pass,,4,B.Tech. (Computer Science & Engineering),April-2026,4th semester.pdf
2416646,MOHIT SABHARWAL LATE JATINDER KUMAR,8.95,21,Pass,,4,B.Tech. (Computer Science & Engineering),April-2026,4th semester.pdf
2416647,MUSAWWIRA KAUSAR MUBARAK AHMAD TAQWA,,5,Re-Appear,,4,B.Tech. (Computer Science & Engineering),April-2026,4th semester.pdf
2416648,MUSKAN DEEPAK,7.57,21,Pass,,4,B.Tech. (Computer Science & Engineering),April-2026,4th semester.pdf
2416649,MUSKAN RAMESH KUMAR,9.24,21,Pass,,4,B.Tech. (Computer Science & Engineering),April-2026,4th semester.pdf
2416650,NAINA GARG ARUN GARG,9.1,21,Pass,,4,B.Tech. (Computer Science & Engineering),April-2026,4th semester.pdf
2416651,NAMAN SACHDEVA OM PARKASH,8.05,21,Pass,,4,B.Tech. (Computer Science & Engineering),April-2026,4th semester.pdf
2416653,NANDINI DHIMAN BANSI LAL,9.1,21,Pass,,4,B.Tech. (Computer Science & Engineering),April-2026,4th semester.pdf
2416654,NANDINI GUPTA MUNNA PRASAD GUPTA,,14,Re-Appear,,4,B.Tech. (Computer Science & Engineering),April-2026,4th semester.pdf
2416655,NAVDEEP DHIMAN BHUPENDRA KUMAR,,17,Re-Appear,,4,B.Tech. (Computer Science & Engineering),April-2026,4th semester.pdf
2416657,NIKHIL KUMAR SURENDER KUMAR,,5,Re-Appear,,4,B.Tech. (Computer Science & Engineering),April-2026,4th semester.pdf
2416658,NIKHIL UPADHYAY BALESHWAR UPADHYAY,8.29,21,Pass,,4,B.Tech. (Computer Science & Engineering),April-2026,4th semester.pdf
2416659,NISHKA VINOD KUMAR,8.43,21,Pass,,4,B.Tech. (Computer Science & Engineering),April-2026,4th semester.pdf
2416660,NITI AGARWAL SUDHANSHU AGARWAL,9.38,21,Pass,,4,B.Tech. (Computer Science & Engineering),April-2026,4th semester.pdf
2416662,NITIN SAINI MAM CHAND,8.48,21,Pass,,4,B.Tech. (Computer Science & Engineering),April-2026,4th semester.pdf
2416664,NUPUR RAKESH KUMAR,8.76,21,Pass,,4,B.Tech. (Computer Science & Engineering),April-2026,4th semester.pdf
2416665,PALAK KULVIR SINGH,8.1,21,Pass,,4,B.Tech. (Computer Science & Engineering),April-2026,4th semester.pdf
2416666,PANKAJ CHOUDHARY SURINDER SINGH,,0,Re-Appear,,4,B.Tech. (Computer Science & Engineering),April-2026,4th semester.pdf
2416667,PARAMDEEP SINGH RANJEET SINGH,7.38,21,Pass,,4,B.Tech. (Computer Science & Engineering),April-2026,4th semester.pdf
2416668,PARAS PAHWA JATINDER KUMAR,,15,Re-Appear,,4,B.Tech. (Computer Science & Engineering),April-2026,4th semester.pdf
2416669,PARGATI CHUGH MULAKH RAJ,7.81,21,Pass,,4,B.Tech. (Computer Science & Engineering),April-2026,4th semester.pdf
2416670,PARIKSHAT CHOTTANI PARDEEP CHOTTANI,,9,Re-Appear,,4,B.Tech. (Computer Science & Engineering),April-2026,4th semester.pdf
2416671,PARTH THAKUR DINESH THAKUR,8.33,21,Pass,,4,B.Tech. (Computer Science & Engineering),April-2026,4th semester.pdf
2416672,PARVEEN KUMAR DALIP SINGH,,6,Re-Appear,,4,B.Tech. (Computer Science & Engineering),April-2026,4th semester.pdf
2416673,PIYUSH RANA PRAKASH CHAND,,0,Re-Appear,,4,B.Tech. (Computer Science & Engineering),April-2026,4th semester.pdf
2416674,PIYUSH RANJAN SHAILENDRA ATEL,,18,Re-Appear,,4,B.Tech. (Computer Science & Engineering),April-2026,4th semester.pdf
2416675,PRABHJOT KAUR HARJINDER SINGH,8.52,21,Pass,,4,B.Tech. (Computer Science & Engineering),April-2026,4th semester.pdf
2416676,PRABHJOT KAUR RASHPAL SINGH,8.76,21,Pass,,4,B.Tech. (Computer Science & Engineering),April-2026,4th semester.pdf
2416677,PRAKHAR GUPTA ANUPAM GUPTA,8.29,21,Pass,,4,B.Tech. (Computer Science & Engineering),April-2026,4th semester.pdf
2416678,PRAKHAR TYAGI ARUN TYAGI,8.71,21,Pass,,4,B.Tech. (Computer Science & Engineering),April-2026,4th semester.pdf
2416679,PRANAV SINGLA BHUPINDER KUMAR,,17,Re-Appear,,4,B.Tech. (Computer Science & Engineering),April-2026,4th semester.pdf
2416680,PRANSHU SAINI BHUPINDER KUMAR,8.81,21,Pass,,4,B.Tech. (Computer Science & Engineering),April-2026,4th semester.pdf
2416681,PRATHAM SURINDER PAL,7.05,21,Pass,,4,B.Tech. (Computer Science & Engineering),April-2026,4th semester.pdf
2416682,PRATHAM GUPTA RAJIV KUMAR,8.29,21,Pass,,4,B.Tech. (Computer Science & Engineering),April-2026,4th semester.pdf
2416683,PRERNA SUNIL KUMAR,8.76,21,Pass,,4,B.Tech. (Computer Science & Engineering),April-2026,4th semester.pdf
2416684,PRIKSHAT SHIRE RAJINDER KUMAR,,17,Re-Appear,,4,B.Tech. (Computer Science & Engineering),April-2026,4th semester.pdf
2416685,PRITHVI KAPILA PANKAJ KAPILA,9.24,21,Pass,,4,B.Tech. (Computer Science & Engineering),April-2026,4th semester.pdf
2416686,PRIYA KAMBOJ BALDEV RAJ,7.86,21,Pass,,4,B.Tech. (Computer Science & Engineering),April-2026,4th semester.pdf
2416687,PRIYANKA VIKRAM SINGH,7.14,21,Pass,,4,B.Tech. (Computer Science & Engineering),April-2026,4th semester.pdf
2416688,PRIYANKA RAWAT MAHIPAL SINGH,5.76,21,Pass,,4,B.Tech. (Computer Science & Engineering),April-2026,4th semester.pdf
2416689,PRIYANSHU SAINI JARNAIL SINGH,,18,Re-Appear,,4,B.Tech. (Computer Science & Engineering),April-2026,4th semester.pdf
2416690,PUNYA NAGPAL VIKAS NAGPAL,8.14,21,Pass,,4,B.Tech. (Computer Science & Engineering),April-2026,4th semester.pdf
2416691,PURU GULATI MANOHAR GULATI,6.62,21,Pass,,4,B.Tech. (Computer Science & Engineering),April-2026,4th semester.pdf
2416692,RACHIT RAI PARVEEN SHARMA,7.0,21,Pass,,4,B.Tech. (Computer Science & Engineering),April-2026,4th semester.pdf
2416693,RACHITA BHATIA PARVEEN BHATIA,9.24,21,Pass,,4,B.Tech. (Computer Science & Engineering),April-2026,4th semester.pdf
2416694,RADHIKA AJAY KUMAR,8.9,21,Pass,,4,B.Tech. (Computer Science & Engineering),April-2026,4th semester.pdf
2416695,RAGHAV SHARMA SANJEEV KUMAR,,12,Re-Appear,,4,B.Tech. (Computer Science & Engineering),April-2026,4th semester.pdf
2416696,RAGHVENDRA SINGH MANOJ SINGH,9.1,21,Pass,,4,B.Tech. (Computer Science & Engineering),April-2026,4th semester.pdf
2416697,RAHUL RAJESH,,17,Re-Appear,,4,B.Tech. (Computer Science & Engineering),April-2026,4th semester.pdf
2416698,RAHUL KUMAR GUPTA AJAY KUMAR GUPTA,7.29,21,Pass,,4,B.Tech. (Computer Science & Engineering),April-2026,4th semester.pdf
2416699,RAHUL MISHRA BINAY KUMAR MISHRA,8.62,21,Pass,,4,B.Tech. (Computer Science & Engineering),April-2026,4th semester.pdf
2416701,RAJBIR SINGH RANBIR SINGH,,17,Re-Appear,,4,B.Tech. (Computer Science & Engineering),April-2026,4th semester.pdf
2416703,RAJVEER SINGH SATNAM SINGH,7.19,21,Pass,,4,B.Tech. (Computer Science & Engineering),April-2026,4th semester.pdf
2416704,RAKESH KUMAR SAHANI LALLU SAHANI,,0,Re-Appear,,4,B.Tech. (Computer Science & Engineering),April-2026,4th semester.pdf
2416707,RAVNEET KAUR NAZAR SINGH,8.9,21,Pass,,4,B.Tech. (Computer Science & Engineering),April-2026,4th semester.pdf
2416708,RISHAB SINGH MANOJ KUMAR SINGH,,0,Re-Appear,,4,B.Tech. (Computer Science & Engineering),April-2026,4th semester.pdf
2416712,RITIKA GUPTA ATUL GUPTA,8.57,21,Pass,,4,B.Tech. (Computer Science & Engineering),April-2026,4th semester.pdf
2416713,RITISH KASHYAP KAPIL KUMAR,7.52,21,Pass,,4,B.Tech. (Computer Science & Engineering),April-2026,4th semester.pdf
2416714,ROAIN RANA LATE VIKAS RANA,7.76,21,Pass,,4,B.Tech. (Computer Science & Engineering),April-2026,4th semester.pdf
2416715,ROHAN SHARMA DESH RAJ SHARMA,8.24,21,Pass,,4,B.Tech. (Computer Science & Engineering),April-2026,4th semester.pdf
2416716,ROHIT BHARTI DEVENDER BHARTI,7.1,21,Pass,,4,B.Tech. (Computer Science & Engineering),April-2026,4th semester.pdf
2416717,ROHIT CHOUDHARY HARPAL SINGH,8.24,21,Pass,,4,B.Tech. (Computer Science & Engineering),April-2026,4th semester.pdf
2416718,ROHIT VOHRA MANMOHAN VOHRA,8.67,21,Pass,,4,B.Tech. (Computer Science & Engineering),April-2026,4th semester.pdf
2416720,SAHIBJOT SINGH BHATIA HARPREET SINGH BHATIA,9.1,21,Pass,,4,B.Tech. (Computer Science & Engineering),April-2026,4th semester.pdf
2416721,SAHIBPREET SINGH GURPREET SINGH,7.76,21,Pass,,4,B.Tech. (Computer Science & Engineering),April-2026,4th semester.pdf
2416722,SAHIL NARINDER,7.29,21,Pass,,4,B.Tech. (Computer Science & Engineering),April-2026,4th semester.pdf
2416723,SAHIL VINOD KUMAR,7.1,21,Pass,,4,B.Tech. (Computer Science & Engineering),April-2026,4th semester.pdf
2416724,SAHIL MAAN SURENDER SINGH,6.57,21,Pass,,4,B.Tech. (Computer Science & Engineering),April-2026,4th semester.pdf
2416726,SAKSHI GUPTA VIJAY KUMAR GUPTA,7.29,21,Pass,,4,B.Tech. (Computer Science & Engineering),April-2026,4th semester.pdf
2416729,SAMARTH SANJEEV KUMAR,,17,Re-Appear,,4,B.Tech. (Computer Science & Engineering),April-2026,4th semester.pdf
2416730,SAMPARK SHARMA SANJAY SHARMA,7.33,21,Pass,,4,B.Tech. (Computer Science & Engineering),April-2026,4th semester.pdf
2416731,SANJAM SUSHIL KUMAR,9.19,21,Pass,,4,B.Tech. (Computer Science & Engineering),April-2026,4th semester.pdf
2416732,SANJEEV VERMA JOGENDRA VERMA,8.52,21,Pass,,4,B.Tech. (Computer Science & Engineering),April-2026,4th semester.pdf
2416733,SANJU KUMAR VINOD KUMAR,,0,Re-Appear,,4,B.Tech. (Computer Science & Engineering),April-2026,4th semester.pdf
2416734,SANYAM NARESH KUMAR,8.76,21,Pass,,4,B.Tech. (Computer Science & Engineering),April-2026,4th semester.pdf
2416735,SANYAM SHARMA RAJESH SHARMA,8.38,21,Pass,,4,B.Tech. (Computer Science & Engineering),April-2026,4th semester.pdf
2416736,SARANDEEP SINGH KARKI HARI SINGH,,0,Re-Appear,,4,B.Tech. (Computer Science & Engineering),April-2026,4th semester.pdf
2416737,SARBJEET SINGH TEJPAL SINGH,7.62,21,Pass,,4,B.Tech. (Computer Science & Engineering),April-2026,4th semester.pdf
2416740,SATYAM KUMAR SUDARSHAN KUMAR SINGH,7.86,21,Pass,,4,B.Tech. (Computer Science & Engineering),April-2026,4th semester.pdf
2416741,SATYAM KUMAR SINGH MANOJ KUMAR SINGH,8.33,21,Pass,,4,B.Tech. (Computer Science & Engineering),April-2026,4th semester.pdf
2416742,SEHAJDEEP SINGH WALIA VIRENDRA SINGH WALIA,8.29,21,Pass,,4,B.Tech. (Computer Science & Engineering),April-2026,4th semester.pdf
2416743,SHAGUN DALJEET SINGH,8.81,21,Pass,,4,B.Tech. (Computer Science & Engineering),April-2026,4th semester.pdf
2416749,SHIVANI DEVI SATISH KUMAR,7.29,21,Pass,,4,B.Tech. (Computer Science & Engineering),April-2026,4th semester.pdf
2416750,SHIVANI THAKUR NEERAJ THAKUR,8.71,21,Pass,,4,B.Tech. (Computer Science & Engineering),April-2026,4th semester.pdf
2416751,SHIVRAM KUMAR SINGH SHIVENDRA SINGH,,17,Re-Appear,,4,B.Tech. (Computer Science & Engineering),April-2026,4th semester.pdf
2416752,SHOURYA THAKUR PREM SAGAR,,6,Re-Appear,,4,B.Tech. (Computer Science & Engineering),April-2026,4th semester.pdf
2416753,SHREE SHARMA DHIRAJ SHARMA,8.29,21,Pass,,4,B.Tech. (Computer Science & Engineering),April-2026,4th semester.pdf
2416754,SHREYA VIJAY KUMAR,8.1,21,Pass,,4,B.Tech. (Computer Science & Engineering),April-2026,4th semester.pdf
2416755,SHRISHTI SHARMA K D SHARMA,7.1,21,Pass,,4,B.Tech. (Computer Science & Engineering),April-2026,4th semester.pdf
2416756,SIDDHI SHANDILYA SANJAY KUMAR,6.38,21,Pass,,4,B.Tech. (Computer Science & Engineering),April-2026,4th semester.pdf
2416757,SIDHANT MAAN SURENDER SINGH,7.14,21,Pass,,4,B.Tech. (Computer Science & Engineering),April-2026,4th semester.pdf
2416758,SIDHARTH BUDANIA VIJENDER KUMAR,8.1,21,Pass,,4,B.Tech. (Computer Science & Engineering),April-2026,4th semester.pdf
2416759,SIMARJOT GURUNAM,8.05,21,Pass,,4,B.Tech. (Computer Science & Engineering),April-2026,4th semester.pdf
2416760,SIMRAN DHIMAN BANSI LAL,8.29,21,Pass,,4,B.Tech. (Computer Science & Engineering),April-2026,4th semester.pdf
2416762,SIMRANPREET KAUR BAHADUR SINGH,9.1,21,Pass,,4,B.Tech. (Computer Science & Engineering),April-2026,4th semester.pdf
2416763,SIYA BANSAL GAURAV BANSAL,9.05,21,Pass,,4,B.Tech. (Computer Science & Engineering),April-2026,4th semester.pdf
2416764,SIYONA SANDEEP MANCHANDA,7.52,21,Pass,,4,B.Tech. (Computer Science & Engineering),April-2026,4th semester.pdf
2416765,SNEHA RAGHUBIR SINGH,7.1,21,Pass,,4,B.Tech. (Computer Science & Engineering),April-2026,4th semester.pdf
2416766,SNEHA DOFARA VIKAS DOFARA,7.14,21,Pass,,4,B.Tech. (Computer Science & Engineering),April-2026,4th semester.pdf
2416767,SUHANI KUMARI CHAUBEY DEEPAK KUMAR CHAUBEY,,11,Re-Appear,,4,B.Tech. (Computer Science & Engineering),April-2026,4th semester.pdf
2416771,SUKHDEEP SINGH GURDEEP SINGH,6.95,21,Pass,,4,B.Tech. (Computer Science & Engineering),April-2026,4th semester.pdf
2416772,SUKHVIR KAUR HARJIT SINGH,8.24,21,Pass,,4,B.Tech. (Computer Science & Engineering),April-2026,4th semester.pdf
2416773,SUMANPREET KAUR SUKHCHAIN SINGH,8.14,21,Pass,,4,B.Tech. (Computer Science & Engineering),April-2026,4th semester.pdf
2416774,SUPINDER KAUR RULDU SINGH,7.81,21,Pass,,4,B.Tech. (Computer Science & Engineering),April-2026,4th semester.pdf
2416775,SURAJ YADAV JAGDISH YADAV,7.38,21,Pass,,4,B.Tech. (Computer Science & Engineering),April-2026,4th semester.pdf
2416776,SWAYAM VIJAY KUMAR,8.24,21,Pass,,4,B.Tech. (Computer Science & Engineering),April-2026,4th semester.pdf
2416777,SWAYAM BHATIA VARINDER BHATIA,5.67,21,Pass,,4,B.Tech. (Computer Science & Engineering),April-2026,4th semester.pdf
2416778,TANIA JASWINDER KUMAR,7.86,21,Pass,,4,B.Tech. (Computer Science & Engineering),April-2026,4th semester.pdf
2416779,TANISHKA PARVEEN,8.33,21,Pass,,4,B.Tech. (Computer Science & Engineering),April-2026,4th semester.pdf
2416780,TANNU RANI OM PARKASH,8.19,21,Pass,,4,B.Tech. (Computer Science & Engineering),April-2026,4th semester.pdf
2416781,TANU DHIMAN DEEPAK KUMAR,7.29,21,Pass,,4,B.Tech. (Computer Science & Engineering),April-2026,4th semester.pdf
2416782,TAUQEER KHAN HAFIZULLAH KHAN,6.62,21,Pass,,4,B.Tech. (Computer Science & Engineering),April-2026,4th semester.pdf
2416783,TAVISH JINDAL RAJ KUMAR,7.71,21,Pass,,4,B.Tech. (Computer Science & Engineering),April-2026,4th semester.pdf
2416784,TEJASAV BHATTI SANJEEV KUMAR BHATTI,6.57,21,Pass,,4,B.Tech. (Computer Science & Engineering),April-2026,4th semester.pdf
2416785,TUSAR DOD SURJIT SINGH,,18,Re-Appear,,4,B.Tech. (Computer Science & Engineering),April-2026,4th semester.pdf
2416787,UJJWAL THAKUR ASHWANI KUMAR,,0,Re-Appear,,4,B.Tech. (Computer Science & Engineering),April-2026,4th semester.pdf
2416788,UMAR SHARIF SADRUDDIN ALAM,6.67,21,Pass,,4,B.Tech. (Computer Science & Engineering),April-2026,4th semester.pdf
2416789,URVASHI SURESH KUMAR,8.95,21,Pass,,4,B.Tech. (Computer Science & Engineering),April-2026,4th semester.pdf
2416791,VANDITA AHUJA LATE RAJEEV AHUJA,7.67,21,Pass,,4,B.Tech. (Computer Science & Engineering),April-2026,4th semester.pdf
2416792,VANSAJ GARG AMRIT LAL,,14,Re-Appear,,4,B.Tech. (Computer Science & Engineering),April-2026,4th semester.pdf
2416793,VANSH WALIA AMIT KUMAR,6.62,21,Pass,,4,B.Tech. (Computer Science & Engineering),April-2026,4th semester.pdf
2416795,VANSHIKA SANJEEV KUMAR,7.57,21,Pass,,4,B.Tech. (Computer Science & Engineering),April-2026,4th semester.pdf
2416798,VARSHA SHANKAR LAL,,8,Re-Appear,,4,B.Tech. (Computer Science & Engineering),April-2026,4th semester.pdf
2416802,VIKAS ARORA SURINDER KUMAR,7.05,21,Pass,,4,B.Tech. (Computer Science & Engineering),April-2026,4th semester.pdf
2416803,VIKRANT SINGH KAPOOR SINGH,,11,Re-Appear,,4,B.Tech. (Computer Science & Engineering),April-2026,4th semester.pdf
2416804,VINIT NEGI VIJAY SINGH,5.76,21,Pass,,4,B.Tech. (Computer Science & Engineering),April-2026,4th semester.pdf
2416805,VISHAL KUMAR DHARMENDRA KUMAR SINGH,,18,Re-Appear,,4,B.Tech. (Computer Science & Engineering),April-2026,4th semester.pdf
2416807,VISHAVPREET SINGH JAGDISH SINGH,8.29,21,Pass,,4,B.Tech. (Computer Science & Engineering),April-2026,4th semester.pdf
2416808,VIVEK BISHT VIPAN SINGH,7.48,21,Pass,,4,B.Tech. (Computer Science & Engineering),April-2026,4th semester.pdf
2416809,VIVEK DAS DEBENDRA NATH DAS,7.52,21,Pass,,4,B.Tech. (Computer Science & Engineering),April-2026,4th semester.pdf
2416810,VRITTI NEERAJ THAKKAR,8.1,21,Pass,,4,B.Tech. (Computer Science & Engineering),April-2026,4th semester.pdf
2416811,YASH KUMAR MANOJ KUMAR,5.9,21,Pass,,4,B.Tech. (Computer Science & Engineering),April-2026,4th semester.pdf
2416812,YASH RATTAN ABHISHEK RATTAN,,11,Re-Appear,,4,B.Tech. (Computer Science & Engineering),April-2026,4th semester.pdf
2416813,YASH SHARMA AMIT KUMAR,5.52,21,Pass,,4,B.Tech. (Computer Science & Engineering),April-2026,4th semester.pdf
2416814,YASHVI WADHWA JITENDER KUMAR WADHWA,7.19,21,Pass,,4,B.Tech. (Computer Science & Engineering),April-2026,4th semester.pdf
2416815,YOGESH KUMAR NARINDER KUMAR,8.76,21,Pass,,4,B.Tech. (Computer Science & Engineering),April-2026,4th semester.pdf
2416976,RADHIKA VERMA SANJEEV VERMA,9.05,21,Pass,,4,B.Tech. (Computer Science & Engineering),April-2026,4th semester.pdf
2416980,RITU RISHI PAL,8.24,21,Pass,,4,B.Tech. (Computer Science & Engineering),April-2026,4th semester.pdf
2416981,RIYA JAIWAL KUSHWAH KANT JAIWAL,9.33,21,Pass,,4,B.Tech. (Computer Science & Engineering),April-2026,4th semester.pdf
2416985,SAKSHI SHARMA RAJIV KUMAR,,0,Re-Appear,,4,B.Tech. (Computer Science & Engineering),April-2026,4th semester.pdf
2459766,GURSHARAN SINGH GURDEV SINGH,7.67,21,Pass,,4,B.Tech. (Computer Science & Engineering),April-2026,4th semester.pdf
