Roll,Semester,Subject_Code,Grade,ResultType
2319921,2,BMPD201-18,S,Reappear
2319921,2,BTAM201-23,Ab(Ext),Reappear
2319921,2,BTCH101-23,B,Reappear
2319921,2,BTCH102-18,A,Reappear
2319921,2,BTHU101-18,A,Reappear
2319921,2,BTHU102-18,A,Reappear
2319921,2,BTMP101-18,A+,Reappear
2319921,2,BTPS101-18,B+,Reappear
2319921,2,BTPS102-18,A+,Reappear
2319929,1,BMPD-101-18,S,Reappear
2319929,1,BTAM101-23,F(Ext),Reappear
2319929,1,BTEE101-18,P,Reappear
2319929,1,BTEE102-18,A+,Reappear
2319929,1,BTME101-21,P,Reappear
2319929,1,BTPH101-23,P,Reappear
2319929,1,BTPH102-23,A,Reappear
2319939,1,BMPD-101-18,S,Reappear
2319939,1,BTAM101-23,F(Ext),Reappear
2319939,1,BTEE101-18,B,Reappear
2319939,1,BTEE102-18,A,Reappear
2319939,1,BTME101-21,B,Reappear
2319939,1,BTPH101-23,F(Ext),Reappear
2319939,1,BTPH102-23,B+,Reappear
2319954,1,BMPD-101-18,S,Reappear
2319954,1,BTAM101-23,B+,Reappear
2319954,1,BTEE101-18,B,Reappear
2319954,1,BTEE102-18,A,Reappear
2319954,1,BTME101-21,B,Reappear
2319954,1,BTPH101-23,B,Reappear
2319954,1,BTPH102-23,A,Reappear
2319956,1,BMPD-101-18,S,Reappear
2319956,1,BTAM101-23,P,Reappear
2319956,1,BTEE101-18,C,Reappear
2319956,1,BTEE102-18,B+,Reappear
2319956,1,BTME101-21,Ab(Ext),Reappear
2319956,1,BTPH101-23,P,Reappear
2319956,1,BTPH102-23,B+,Reappear
2319956,2,BMPD201-18,S,Reappear
2319956,2,BTAM201-23,F(Int)/Ab (Ext),Reappear
2319956,2,BTCH101-23,C,Reappear
2319956,2,BTCH102-18,B+,Reappear
2319956,2,BTHU101-18,B+,Reappear
2319956,2,BTHU102-18,A,Reappear
2319956,2,BTMP101-18,B,Reappear
2319956,2,BTPS101-18,F (Int)/Ab (Ext),Reappear
2319956,2,BTPS102-18,P,Reappear
2319966,1,BMPD-101-18,S,Reappear
2319966,1,BTAM101-23,Ab(Ext),Reappear
2319966,1,BTEE101-18,F(Ext),Reappear
2319966,1,BTEE102-18,B+,Reappear
2319966,1,BTME101-21,C,Reappear
2319966,1,BTPH101-23,P,Reappear
2319966,1,BTPH102-23,B+,Reappear
2319967,2,BMPD201-18,S,Reappear
2319967,2,BTAM201-23,C,Reappear
2319967,2,BTCH101-23,F(Ext),Reappear
2319967,2,BTCH102-18,B+,Reappear
2319967,2,BTHU101-18,A,Reappear
2319967,2,BTHU102-18,A,Reappear
2319967,2,BTMP101-18,B+,Reappear
2319967,2,BTPS101-18,B,Reappear
2319967,2,BTPS102-18,A,Reappear
2319986,2,BMPD201-18,S,Reappear
2319986,2,BTAM201-23,B,Reappear
2319986,2,BTCH101-23,F(Ext),Reappear
2319986,2,BTCH102-18,A+,Reappear
2319986,2,BTHU101-18,B+,Reappear
2319986,2,BTHU102-18,A+,Reappear
2319986,2,BTMP101-18,B+,Reappear
2319986,2,BTPS101-18,B,Reappear
2319986,2,BTPS102-18,O,Reappear
2320003,2,BMPD201-18,S,Reappear
2320003,2,BTAM201-23,F(Ext),Reappear
2320003,2,BTCH101-23,P,Reappear
2320003,2,BTCH102-18,B+,Reappear
2320003,2,BTHU101-18,B+,Reappear
2320003,2,BTHU102-18,A+,Reappear
2320003,2,BTMP101-18,B,Reappear
2320003,2,BTPS101-18,P,Reappear
2320003,2,BTPS102-18,A,Reappear
2320008,2,BMPD201-18,S,Reappear
2320008,2,BTAM201-23,B,Reappear
2320008,2,BTCH101-23,B+,Reappear
2320008,2,BTCH102-18,O,Reappear
2320008,2,BTHU101-18,A,Reappear
2320008,2,BTHU102-18,A+,Reappear
2320008,2,BTMP101-18,A,Reappear
2320008,2,BTPS101-18,A,Reappear
2320008,2,BTPS102-18,O,Reappear
2320049,2,BMPD201-18,S,Reappear
2320049,2,BTAM201-23,C,Reappear
2320049,2,BTCH101-23,B+,Reappear
2320049,2,BTCH102-18,A,Reappear
2320049,2,BTHU101-18,A,Reappear
2320049,2,BTHU102-18,A+,Reappear
2320049,2,BTMP101-18,A+,Reappear
2320049,2,BTPS101-18,C,Reappear
2320049,2,BTPS102-18,A,Reappear
2320057,2,BMPD201-18,S,Reappear
2320057,2,BTAM201-23,P,Reappear
2320057,2,BTCH101-23,C,Reappear
2320057,2,BTCH102-18,B+,Reappear
2320057,2,BTHU101-18,B+,Reappear
2320057,2,BTHU102-18,B,Reappear
2320057,2,BTMP101-18,C,Reappear
2320057,2,BTPS101-18,B+,Reappear
2320057,2,BTPS102-18,A+,Reappear
2320073,1,BMPD-101-18,S,Reappear
2320073,1,BTAM101-23,P,Reappear
2320073,1,BTEE101-18,P,Reappear
2320073,1,BTEE102-18,A,Reappear
2320073,1,BTME101-21,F(Ext),Reappear
2320073,1,BTPH101-23,F(Ext),Reappear
2320073,1,BTPH102-23,B+,Reappear
2320073,2,BMPD201-18,S,Reappear
2320073,2,BTAM201-23,Ab(Ext),Reappear
2320073,2,BTCH101-23,P,Reappear
2320073,2,BTCH102-18,B+,Reappear
2320073,2,BTHU101-18,B+,Reappear
2320073,2,BTHU102-18,A+,Reappear
2320073,2,BTMP101-18,A+,Reappear
2320073,2,BTPS101-18,C,Reappear
2320073,2,BTPS102-18,A,Reappear
2320078,1,BMPD-101-18,S,Reappear
2320078,1,BTAM101-23,F(Ext),Reappear
2320078,1,BTEE101-18,B,Reappear
2320078,1,BTEE102-18,A,Reappear
2320078,1,BTME101-21,P,Reappear
2320078,1,BTPH101-23,B,Reappear
2320078,1,BTPH102-23,A,Reappear
2320135,2,BMPD201-18,S,Reappear
2320135,2,BTAM201-23,B,Reappear
2320135,2,BTCH101-23,B+,Reappear
2320135,2,BTCH102-18,A,Reappear
2320135,2,BTHU101-18,A,Reappear
2320135,2,BTHU102-18,A,Reappear
2320135,2,BTMP101-18,A,Reappear
2320135,2,BTPS101-18,B+,Reappear
2320135,2,BTPS102-18,A,Reappear
2320147,2,BMPD201-18,S,Reappear
2320147,2,BTAM201-23,Ab(Ext),Reappear
2320147,2,BTCH101-23,F(Ext),Reappear
2320147,2,BTCH102-18,B+,Reappear
2320147,2,BTHU101-18,B+,Reappear
2320147,2,BTHU102-18,A,Reappear
2320147,2,BTMP101-18,B,Reappear
2320147,2,BTPS101-18,B,Reappear
2320147,2,BTPS102-18,B,Reappear
2320148,2,BMPD201-18,S,Reappear
2320148,2,BTAM201-23,P,Reappear
2320148,2,BTCH101-23,F(Ext),Reappear
2320148,2,BTCH102-18,A,Reappear
2320148,2,BTHU101-18,A,Reappear
2320148,2,BTHU102-18,A+,Reappear
2320148,2,BTMP101-18,B,Reappear
2320148,2,BTPS101-18,B,Reappear
2320148,2,BTPS102-18,A+,Reappear
2320169,2,BMPD201-18,S,Reappear
2320169,2,BTAM201-23,F(Ext),Reappear
2320169,2,BTCH101-23,B,Reappear
2320169,2,BTCH102-18,A+,Reappear
2320169,2,BTHU101-18,A,Reappear
2320169,2,BTHU102-18,A+,Reappear
2320169,2,BTMP101-18,A+,Reappear
2320169,2,BTPS101-18,B,Reappear
2320169,2,BTPS102-18,B+,Reappear
2320174,2,BMPD201-18,S,Reappear
2320174,2,BTAM201-23,F(Ext),Reappear
2320174,2,BTCH101-23,B+,Reappear
2320174,2,BTCH102-18,O,Reappear
2320174,2,BTHU101-18,A,Reappear
2320174,2,BTHU102-18,O,Reappear
2320174,2,BTMP101-18,A+,Reappear
2320174,2,BTPS101-18,B,Reappear
2320174,2,BTPS102-18,A+,Reappear
2320181,2,BMPD201-18,S,Reappear
2320181,2,BTAM201-23,F(Ext),Reappear
2320181,2,BTCH101-23,C,Reappear
2320181,2,BTCH102-18,A,Reappear
2320181,2,BTHU101-18,B+,Reappear
2320181,2,BTHU102-18,A+,Reappear
2320181,2,BTMP101-18,C,Reappear
2320181,2,BTPS101-18,B,Reappear
2320181,2,BTPS102-18,B,Reappear
2320182,1,BMPD-101-18,S,Reappear
2320182,1,BTAM101-23,P,Reappear
2320182,1,BTEE101-18,Ab(Ext),Reappear
2320182,1,BTEE102-18,B+,Reappear
2320182,1,BTME101-21,B,Reappear
2320182,1,BTPH101-23,B,Reappear
2320182,1,BTPH102-23,A,Reappear
2320198,2,BMPD201-18,S,Reappear
2320198,2,BTAM201-23,F(Ext),Reappear
2320198,2,BTCH101-23,B+,Reappear
2320198,2,BTCH102-18,A+,Reappear
2320198,2,BTHU101-18,A,Reappear
2320198,2,BTHU102-18,A+,Reappear
2320198,2,BTMP101-18,B+,Reappear
2320198,2,BTPS101-18,P,Reappear
2320198,2,BTPS102-18,B+,Reappear
2320205,1,BMPD-101-18,S,Reappear
2320205,1,BTAM101-23,Ab(Ext),Reappear
2320205,1,BTEE101-18,C,Reappear
2320205,1,BTEE102-18,A,Reappear
2320205,1,BTME101-21,Ab(Ext),Reappear
2320205,1,BTPH101-23,Ab(Ext),Reappear
2320205,1,BTPH102-23,A,Reappear
2320207,2,BMPD201-18,S,Reappear
2320207,2,BTAM201-23,F(Ext),Reappear
2320207,2,BTCH101-23,P,Reappear
2320207,2,BTCH102-18,B,Reappear
2320207,2,BTHU101-18,B,Reappear
2320207,2,BTHU102-18,A+,Reappear
2320207,2,BTMP101-18,B,Reappear
2320207,2,BTPS101-18,P,Reappear
2320207,2,BTPS102-18,B,Reappear
2320219,2,BMPD201-18,S,Reappear
2320219,2,BTAM201-23,F(Ext),Reappear
2320219,2,BTCH101-23,P,Reappear
2320219,2,BTCH102-18,A,Reappear
2320219,2,BTHU101-18,B,Reappear
2320219,2,BTHU102-18,O,Reappear
2320219,2,BTMP101-18,A,Reappear
2320219,2,BTPS101-18,Ab(Ext),Reappear
2320219,2,BTPS102-18,B+,Reappear
2320221,2,BMPD201-18,S,Reappear
2320221,2,BTAM201-23,F(Ext),Reappear
2320221,2,BTCH101-23,C,Reappear
2320221,2,BTCH102-18,A+,Reappear
2320221,2,BTHU101-18,B+,Reappear
2320221,2,BTHU102-18,A+,Reappear
2320221,2,BTMP101-18,A,Reappear
2320221,2,BTPS101-18,B,Reappear
2320221,2,BTPS102-18,A,Reappear
2320222,2,BMPD201-18,S,Reappear
2320222,2,BTAM201-23,F(Ext),Reappear
2320222,2,BTCH101-23,F(Ext),Reappear
2320222,2,BTCH102-18,A,Reappear
2320222,2,BTHU101-18,A+,Reappear
2320222,2,BTHU102-18,A+,Reappear
2320222,2,BTMP101-18,A,Reappear
2320222,2,BTPS101-18,B+,Reappear
2320222,2,BTPS102-18,A,Reappear
2320223,2,BMPD201-18,S,Reappear
2320223,2,BTAM201-23,F(Ext),Reappear
2320223,2,BTCH101-23,F(Ext),Reappear
2320223,2,BTCH102-18,A,Reappear
2320223,2,BTHU101-18,A,Reappear
2320223,2,BTHU102-18,O,Reappear
2320223,2,BTMP101-18,B+,Reappear
2320223,2,BTPS101-18,P,Reappear
2320223,2,BTPS102-18,B+,Reappear
2320224,1,BMPD-101-18,S,Reappear
2320224,1,BTAM101-23,P,Reappear
2320224,1,BTEE101-18,P,Reappear
2320224,1,BTEE102-18,A+,Reappear
2320224,1,BTME101-21,B,Reappear
2320224,1,BTPH101-23,F(Ext),Reappear
2320224,1,BTPH102-23,A+,Reappear
2320224,2,BMPD201-18,S,Reappear
2320224,2,BTAM201-23,F(Ext),Reappear
2320224,2,BTCH101-23,P,Reappear
2320224,2,BTCH102-18,A+,Reappear
2320224,2,BTHU101-18,B+,Reappear
2320224,2,BTHU102-18,A+,Reappear
2320224,2,BTMP101-18,B+,Reappear
2320224,2,BTPS101-18,C,Reappear
2320224,2,BTPS102-18,A,Reappear
2320228,2,BMPD201-18,S,Reappear
2320228,2,BTAM201-23,B,Reappear
2320228,2,BTCH101-23,A+,Reappear
2320228,2,BTCH102-18,O,Reappear
2320228,2,BTHU101-18,A+,Reappear
2320228,2,BTHU102-18,A+,Reappear
2320228,2,BTMP101-18,O,Reappear
2320228,2,BTPS101-18,A+,Reappear
2320228,2,BTPS102-18,A+,Reappear
2416438,2,BMPD201-18,S,Regular
2416438,2,BTAM201-23,A,Regular
2416438,2,BTCH101-23,B+,Regular
2416438,2,BTCH102-18,O,Regular
2416438,2,BTHU101-18,A+,Regular
2416438,2,BTHU102-18,A+,Regular
2416438,2,BTMP101-18,A,Regular
2416438,2,BTPS101-18,B+,Regular
2416438,2,BTPS102-18,A+,Regular
2416438,3,BTAM-302-23,B+,Regular
2416438,3,BTCS301-18,A,Regular
2416438,3,BTCS302-18,F(Ext),Regular
2416438,3,BTCS303-18,O,Regular
2416438,3,BTCS304-18,A+,Regular
2416438,3,BTCS305-18,A+,Regular
2416438,3,BTES301-18,B,Regular
2416438,3,BTES302-18,A+,Regular
2416438,3,HSMC10 1/102-18,B+,Regular
2416438,3,SIT,S,Regular
2416438,4,BTCS-401-18,A,Regular
2416438,4,BTCS-402-18,A,Regular
2416438,4,BTCS-403-18,A,Regular
2416438,4,BTCS-404-18,O,Regular
2416438,4,BTCS-405-18,O,Regular
2416438,4,BTES-401-18,A,Regular
2416438,4,BTES-402-18,O,Regular
2416438,4,EVS 101-18,A+,Regular
2416438,4,HSMC-122-18,A,Regular
2416439,1,BMPD-101-18,S,Reappear
2416439,1,BTAM101-23,C,Reappear
2416439,1,BTEE101-18,B+,Reappear
2416439,1,BTEE102-18,A+,Reappear
2416439,1,BTME101-21,B+,Reappear
2416439,1,BTPH101-23,C,Reappear
2416439,1,BTPH102-23,A+,Reappear
2416439,2,BMPD201-18,S,Regular
2416439,2,BTAM201-23,B,Regular
2416439,2,BTCH101-23,B,Regular
2416439,2,BTCH102-18,A,Regular
2416439,2,BTHU101-18,A,Regular
2416439,2,BTHU102-18,A+,Regular
2416439,2,BTMP101-18,B,Regular
2416439,2,BTPS101-18,B+,Regular
2416439,2,BTPS102-18,A,Regular
2416439,3,BTAM-302-23,C,Regular
2416439,3,BTCS301-18,P,Regular
2416439,3,BTCS302-18,P,Regular
2416439,3,BTCS303-18,P,Regular
2416439,3,BTCS304-18,B,Regular
2416439,3,BTCS305-18,P,Regular
2416439,3,BTES301-18,C,Regular
2416439,3,BTES302-18,B+,Regular
2416439,3,HSMC10 1/102-18,B+,Regular
2416439,3,SIT,S,Regular
2416439,4,BTCS-401-18,Ab(Ext),Regular
2416439,4,BTCS-402-18,Ab(Ext),Regular
2416439,4,BTCS-403-18,B+,Regular
2416439,4,BTCS-404-18,P,Regular
2416439,4,BTCS-405-18,C,Regular
2416439,4,BTES-401-18,B+,Regular
2416439,4,BTES-402-18,P,Regular
2416439,4,EVS 101-18,B+,Regular
2416439,4,HSMC-122-18,A,Regular
2416440,1,BMPD-101-18,S,Reappear
2416440,1,BTAM101-23,B+,Reappear
2416440,1,BTEE101-18,B+,Reappear
2416440,1,BTEE102-18,A+,Reappear
2416440,1,BTME101-21,B+,Reappear
2416440,1,BTPH101-23,B,Reappear
2416440,1,BTPH102-23,A+,Reappear
2416440,2,BMPD201-18,S,Regular
2416440,2,BTAM201-23,B,Regular
2416440,2,BTCH101-23,B+,Regular
2416440,2,BTCH102-18,A,Regular
2416440,2,BTHU101-18,B+,Regular
2416440,2,BTHU102-18,A+,Regular
2416440,2,BTMP101-18,A+,Regular
2416440,2,BTPS101-18,A,Regular
2416440,2,BTPS102-18,A+,Regular
2416440,3,BTAM-302-23,B,Regular
2416440,3,BTCS301-18,A,Regular
2416440,3,BTCS302-18,B+,Regular
2416440,3,BTCS303-18,A,Regular
2416440,3,BTCS304-18,B,Regular
2416440,3,BTCS305-18,B+,Regular
2416440,3,BTES301-18,B,Regular
2416440,3,BTES302-18,B+,Regular
2416440,3,HSMC10 1/102-18,B+,Regular
2416440,3,SIT,S,Regular
2416440,4,BTCS-401-18,B+,Regular
2416440,4,BTCS-402-18,B+,Regular
2416440,4,BTCS-403-18,A,Regular
2416440,4,BTCS-404-18,A,Regular
2416440,4,BTCS-405-18,O,Regular
2416440,4,BTES-401-18,B,Regular
2416440,4,BTES-402-18,A+,Regular
2416440,4,EVS 101-18,A+,Regular
2416440,4,HSMC-122-18,B,Regular
2416441,1,BMPD-101-18,S,Regular
2416441,1,BTAM101-23,B+,Regular
2416441,1,BTEE101-18,B+,Regular
2416441,1,BTEE102-18,O,Regular
2416441,1,BTME101-21,A,Regular
2416441,1,BTPH101-23,B+,Regular
2416441,1,BTPH102-23,O,Regular
2416441,2,BMPD201-18,S,Regular
2416441,2,BTAM201-23,A,Regular
2416441,2,BTCH101-23,B+,Regular
2416441,2,BTCH102-18,A+,Regular
2416441,2,BTHU101-18,A,Regular
2416441,2,BTHU102-18,A+,Regular
2416441,2,BTMP101-18,A+,Regular
2416441,2,BTPS101-18,B+,Regular
2416441,2,BTPS102-18,O,Regular
2416441,3,BTAM-302-23,B+,Regular
2416441,3,BTCS301-18,A,Regular
2416441,3,BTCS302-18,A+,Regular
2416441,3,BTCS303-18,A+,Regular
2416441,3,BTCS304-18,A+,Regular
2416441,3,BTCS305-18,A,Regular
2416441,3,BTES301-18,B+,Regular
2416441,3,BTES302-18,A,Regular
2416441,3,HSMC10 1/102-18,A,Regular
2416441,3,SIT,S,Regular
2416441,4,BTCS-401-18,B+,Regular
2416441,4,BTCS-402-18,A,Regular
2416441,4,BTCS-403-18,A,Regular
2416441,4,BTCS-404-18,O,Regular
2416441,4,BTCS-405-18,O,Regular
2416441,4,BTES-401-18,B+,Regular
2416441,4,BTES-402-18,A+,Regular
2416441,4,EVS 101-18,O,Regular
2416441,4,HSMC-122-18,A,Regular
2416442,1,BMPD-101-18,S,Regular
2416442,1,BTAM101-23,A,Regular
2416442,1,BTEE101-18,A,Regular
2416442,1,BTEE102-18,O,Regular
2416442,1,BTME101-21,A+,Regular
2416442,1,BTPH101-23,A+,Regular
2416442,1,BTPH102-23,O,Regular
2416442,2,BMPD201-18,S,Regular
2416442,2,BTAM201-23,A,Regular
2416442,2,BTCH101-23,A+,Regular
2416442,2,BTCH102-18,O,Regular
2416442,2,BTHU101-18,A+,Regular
2416442,2,BTHU102-18,O,Regular
2416442,2,BTMP101-18,O,Regular
2416442,2,BTPS101-18,A+,Regular
2416442,2,BTPS102-18,O,Regular
2416442,3,BTAM-302-23,A,Regular
2416442,3,BTCS301-18,A+,Regular
2416442,3,BTCS302-18,A+,Regular
2416442,3,BTCS303-18,O,Regular
2416442,3,BTCS304-18,O,Regular
2416442,3,BTCS305-18,O,Regular
2416442,3,BTES301-18,A+,Regular
2416442,3,BTES302-18,O,Regular
2416442,3,HSMC10 1/102-18,A+,Regular
2416442,3,SIT,S,Regular
2416442,4,BTCS-401-18,A,Regular
2416442,4,BTCS-402-18,A+,Regular
2416442,4,BTCS-403-18,A+,Regular
2416442,4,BTCS-404-18,O,Regular
2416442,4,BTCS-405-18,O,Regular
2416442,4,BTES-401-18,A+,Regular
2416442,4,BTES-402-18,O,Regular
2416442,4,EVS 101-18,O,Regular
2416442,4,HSMC-122-18,A+,Regular
2416443,1,BMPD-101-18,S,Regular
2416443,1,BTAM101-23,B+,Regular
2416443,1,BTEE101-18,A,Regular
2416443,1,BTEE102-18,O,Regular
2416443,1,BTME101-21,A+,Regular
2416443,1,BTPH101-23,B+,Regular
2416443,1,BTPH102-23,A+,Regular
2416443,2,BMPD201-18,S,Regular
2416443,2,BTAM201-23,B+,Regular
2416443,2,BTCH101-23,A,Regular
2416443,2,BTCH102-18,A+,Regular
2416443,2,BTHU101-18,B+,Regular
2416443,2,BTHU102-18,A+,Regular
2416443,2,BTMP101-18,A+,Regular
2416443,2,BTPS101-18,A,Regular
2416443,2,BTPS102-18,O,Regular
2416443,3,BTAM-302-23,B+,Regular
2416443,3,BTCS301-18,A,Regular
2416443,3,BTCS302-18,A,Regular
2416443,3,BTCS303-18,A,Regular
2416443,3,BTCS304-18,B+,Regular
2416443,3,BTCS305-18,A,Regular
2416443,3,BTES301-18,B+,Regular
2416443,3,BTES302-18,A,Regular
2416443,3,HSMC10 1/102-18,A+,Regular
2416443,3,SIT,S,Regular
2416443,4,BTCS-401-18,A+,Regular
2416443,4,BTCS-402-18,A,Regular
2416443,4,BTCS-403-18,A+,Regular
2416443,4,BTCS-404-18,O,Regular
2416443,4,BTCS-405-18,O,Regular
2416443,4,BTES-401-18,A,Regular
2416443,4,BTES-402-18,O,Regular
2416443,4,EVS 101-18,O,Regular
2416443,4,HSMC-122-18,A+,Regular
2416444,1,BMPD-101-18,S,Regular
2416444,1,BTAM101-23,B,Regular
2416444,1,BTEE101-18,B+,Regular
2416444,1,BTEE102-18,O,Regular
2416444,1,BTME101-21,A,Regular
2416444,1,BTPH101-23,F(Ext),Regular
2416444,1,BTPH102-23,A+,Regular
2416444,2,BMPD201-18,S,Regular
2416444,2,BTAM201-23,B,Regular
2416444,2,BTCH101-23,A,Regular
2416444,2,BTCH102-18,A+,Regular
2416444,2,BTHU101-18,B+,Regular
2416444,2,BTHU102-18,A+,Regular
2416444,2,BTMP101-18,A,Regular
2416444,2,BTPS101-18,B+,Regular
2416444,2,BTPS102-18,A+,Regular
2416444,3,BTAM-302-23,B,Regular
2416444,3,BTCS301-18,B+,Regular
2416444,3,BTCS302-18,B,Regular
2416444,3,BTCS303-18,A+,Regular
2416444,3,BTCS304-18,A,Regular
2416444,3,BTCS305-18,B+,Regular
2416444,3,BTES301-18,B+,Regular
2416444,3,BTES302-18,A,Regular
2416444,3,HSMC10 1/102-18,A,Regular
2416444,3,SIT,S,Regular
2416445,1,BMPD-101-18,S,Reappear
2416445,1,BTAM101-23,P,Reappear
2416445,1,BTEE101-18,B+,Reappear
2416445,1,BTEE102-18,A+,Reappear
2416445,1,BTME101-21,B+,Reappear
2416445,1,BTPH101-23,C,Reappear
2416445,1,BTPH102-23,A+,Reappear
2416445,2,BMPD201-18,S,Regular
2416445,2,BTAM201-23,F(Ext),Regular
2416445,2,BTCH101-23,B,Regular
2416445,2,BTCH102-18,B+,Regular
2416445,2,BTHU101-18,A,Regular
2416445,2,BTHU102-18,A+,Regular
2416445,2,BTMP101-18,A,Regular
2416445,2,BTPS101-18,B+,Regular
2416445,2,BTPS102-18,A+,Regular
2416446,1,BMPD-101-18,S,Regular
2416446,1,BTAM101-23,B+,Regular
2416446,1,BTEE101-18,A,Regular
2416446,1,BTEE102-18,A,Regular
2416446,1,BTME101-21,A+,Regular
2416446,1,BTPH101-23,A,Regular
2416446,1,BTPH102-23,A+,Regular
2416446,2,BMPD201-18,S,Regular
2416446,2,BTAM201-23,B+,Regular
2416446,2,BTCH101-23,A,Regular
2416446,2,BTCH102-18,O,Regular
2416446,2,BTHU101-18,A+,Regular
2416446,2,BTHU102-18,O,Regular
2416446,2,BTMP101-18,A+,Regular
2416446,2,BTPS101-18,A,Regular
2416446,2,BTPS102-18,O,Regular
2416446,3,BTAM-302-23,B+,Regular
2416446,3,BTCS301-18,A+,Regular
2416446,3,BTCS302-18,A+,Regular
2416446,3,BTCS303-18,A+,Regular
2416446,3,BTCS304-18,A,Regular
2416446,3,BTCS305-18,A,Regular
2416446,3,BTES301-18,A,Regular
2416446,3,BTES302-18,A+,Regular
2416446,3,HSMC10 1/102-18,A+,Regular
2416446,3,SIT,S,Regular
2416446,4,BTCS-401-18,A,Regular
2416446,4,BTCS-402-18,A,Regular
2416446,4,BTCS-403-18,A+,Regular
2416446,4,BTCS-404-18,O,Regular
2416446,4,BTCS-405-18,O,Regular
2416446,4,BTES-401-18,A+,Regular
2416446,4,BTES-402-18,O,Regular
2416446,4,EVS 101-18,O,Regular
2416446,4,HSMC-122-18,A,Regular
2416447,1,BMPD-101-18,S,Regular
2416447,1,BTAM101-23,A,Regular
2416447,1,BTEE101-18,A,Regular
2416447,1,BTEE102-18,O,Regular
2416447,1,BTME101-21,O,Regular
2416447,1,BTPH101-23,A,Regular
2416447,1,BTPH102-23,O,Regular
2416447,2,BMPD201-18,S,Regular
2416447,2,BTAM201-23,B+,Regular
2416447,2,BTCH101-23,A,Regular
2416447,2,BTCH102-18,O,Regular
2416447,2,BTHU101-18,A,Regular
2416447,2,BTHU102-18,O,Regular
2416447,2,BTMP101-18,O,Regular
2416447,2,BTPS101-18,B+,Regular
2416447,2,BTPS102-18,O,Regular
2416447,3,BTAM-302-23,A,Regular
2416447,3,BTCS301-18,A,Regular
2416447,3,BTCS302-18,A+,Regular
2416447,3,BTCS303-18,O,Regular
2416447,3,BTCS304-18,O,Regular
2416447,3,BTCS305-18,O,Regular
2416447,3,BTES301-18,B+,Regular
2416447,3,BTES302-18,O,Regular
2416447,3,HSMC10 1/102-18,B+,Regular
2416447,3,SIT,S,Regular
2416447,4,BTCS-401-18,B,Regular
2416447,4,BTCS-402-18,B+,Regular
2416447,4,BTCS-403-18,B+,Regular
2416447,4,BTCS-404-18,O,Regular
2416447,4,BTCS-405-18,O,Regular
2416447,4,BTES-401-18,B+,Regular
2416447,4,BTES-402-18,A+,Regular
2416447,4,EVS 101-18,O,Regular
2416447,4,HSMC-122-18,B+,Regular
2416448,1,BMPD-101-18,S,Reappear
2416448,1,BTAM101-23,P,Reappear
2416448,1,BTEE101-18,C,Reappear
2416448,1,BTEE102-18,O,Reappear
2416448,1,BTME101-21,A,Reappear
2416448,1,BTPH101-23,B,Reappear
2416448,1,BTPH102-23,A+,Reappear
2416448,2,BMPD201-18,S,Reappear
2416448,2,BTAM201-23,P,Reappear
2416448,2,BTCH101-23,B,Reappear
2416448,2,BTCH102-18,A,Reappear
2416448,2,BTHU101-18,A,Reappear
2416448,2,BTHU102-18,A+,Reappear
2416448,2,BTMP101-18,A+,Reappear
2416448,2,BTPS101-18,B,Reappear
2416448,2,BTPS102-18,A+,Reappear
2416448,3,BTAM-302-23,C,Regular
2416448,3,BTCS301-18,B+,Regular
2416448,3,BTCS302-18,F(Ext),Regular
2416448,3,BTCS303-18,O,Regular
2416448,3,BTCS304-18,A+,Regular
2416448,3,BTCS305-18,A,Regular
2416448,3,BTES301-18,B,Regular
2416448,3,BTES302-18,A+,Regular
2416448,3,HSMC10 1/102-18,B+,Regular
2416448,3,SIT,S,Regular
2416448,4,BTCS-401-18,B,Regular
2416448,4,BTCS-402-18,B+,Regular
2416448,4,BTCS-403-18,B+,Regular
2416448,4,BTCS-404-18,O,Regular
2416448,4,BTCS-405-18,O,Regular
2416448,4,BTES-401-18,B,Regular
2416448,4,BTES-402-18,A+,Regular
2416448,4,EVS 101-18,O,Regular
2416448,4,HSMC-122-18,B+,Regular
2416449,1,BMPD-101-18,S,Reappear
2416449,1,BTAM101-23,P,Reappear
2416449,1,BTEE101-18,P,Reappear
2416449,1,BTEE102-18,A,Reappear
2416449,1,BTME101-21,B+,Reappear
2416449,1,BTPH101-23,F(Ext),Reappear
2416449,1,BTPH102-23,A+,Reappear
2416449,2,BMPD201-18,S,Reappear
2416449,2,BTAM201-23,F(Ext),Reappear
2416449,2,BTCH101-23,P,Reappear
2416449,2,BTCH102-18,A,Reappear
2416449,2,BTHU101-18,A,Reappear
2416449,2,BTHU102-18,A,Reappear
2416449,2,BTMP101-18,Ab(Ext),Reappear
2416449,2,BTPS101-18,B,Reappear
2416449,2,BTPS102-18,A+,Reappear
2416449,3,BTAM-302-23,C,Regular
2416449,3,BTCS301-18,B+,Regular
2416449,3,BTCS302-18,A,Regular
2416449,3,BTCS303-18,A+,Regular
2416449,3,BTCS304-18,A+,Regular
2416449,3,BTCS305-18,A,Regular
2416449,3,BTES301-18,B+,Regular
2416449,3,BTES302-18,A+,Regular
2416449,3,HSMC10 1/102-18,B,Regular
2416449,3,SIT,S,Regular
2416450,1,BMPD-101-18,S,Regular
2416450,1,BTAM101-23,B+,Regular
2416450,1,BTEE101-18,B+,Regular
2416450,1,BTEE102-18,O,Regular
2416450,1,BTME101-21,A,Regular
2416450,1,BTPH101-23,B,Regular
2416450,1,BTPH102-23,O,Regular
2416450,2,BMPD201-18,S,Regular
2416450,2,BTAM201-23,B,Regular
2416450,2,BTCH101-23,B,Regular
2416450,2,BTCH102-18,A+,Regular
2416450,2,BTHU101-18,B+,Regular
2416450,2,BTHU102-18,A+,Regular
2416450,2,BTMP101-18,A+,Regular
2416450,2,BTPS101-18,F(Ext),Regular
2416450,2,BTPS102-18,A,Regular
2416450,3,BTAM-302-23,B+,Regular
2416450,3,BTCS301-18,B+,Regular
2416450,3,BTCS302-18,B+,Regular
2416450,3,BTCS303-18,A+,Regular
2416450,3,BTCS304-18,A+,Regular
2416450,3,BTCS305-18,B+,Regular
2416450,3,BTES301-18,B+,Regular
2416450,3,BTES302-18,A,Regular
2416450,3,HSMC10 1/102-18,B+,Regular
2416450,3,SIT,S,Regular
2416450,4,BTCS-401-18,B+,Regular
2416450,4,BTCS-402-18,B+,Regular
2416450,4,BTCS-403-18,B+,Regular
2416450,4,BTCS-404-18,A+,Regular
2416450,4,BTCS-405-18,O,Regular
2416450,4,BTES-401-18,B,Regular
2416450,4,BTES-402-18,A+,Regular
2416450,4,EVS 101-18,A+,Regular
2416450,4,HSMC-122-18,B+,Regular
2416451,1,BMPD-101-18,S,Reappear
2416451,1,BTAM101-23,B+,Reappear
2416451,1,BTEE101-18,B+,Reappear
2416451,1,BTEE102-18,O,Reappear
2416451,1,BTME101-21,A+,Reappear
2416451,1,BTPH101-23,B,Reappear
2416451,1,BTPH102-23,A+,Reappear
2416451,2,BMPD201-18,S,Regular
2416451,2,BTAM201-23,B+,Regular
2416451,2,BTCH101-23,A,Regular
2416451,2,BTCH102-18,A+,Regular
2416451,2,BTHU101-18,A,Regular
2416451,2,BTHU102-18,A+,Regular
2416451,2,BTMP101-18,B+,Regular
2416451,2,BTPS101-18,B+,Regular
2416451,2,BTPS102-18,A+,Regular
2416451,3,BTAM-302-23,B+,Regular
2416451,3,BTCS301-18,A,Regular
2416451,3,BTCS302-18,A+,Regular
2416451,3,BTCS303-18,O,Regular
2416451,3,BTCS304-18,A,Regular
2416451,3,BTCS305-18,A,Regular
2416451,3,BTES301-18,B+,Regular
2416451,3,BTES302-18,B+,Regular
2416451,3,HSMC10 1/102-18,A,Regular
2416451,3,SIT,S,Regular
2416451,4,BTCS-401-18,A,Regular
2416451,4,BTCS-402-18,A,Regular
2416451,4,BTCS-403-18,A,Regular
2416451,4,BTCS-404-18,O,Regular
2416451,4,BTCS-405-18,O,Regular
2416451,4,BTES-401-18,A+,Regular
2416451,4,BTES-402-18,O,Regular
2416451,4,EVS 101-18,O,Regular
2416451,4,HSMC-122-18,B+,Regular
2416452,1,BMPD-101-18,S,Regular
2416452,1,BTAM101-23,A,Regular
2416452,1,BTEE101-18,B,Regular
2416452,1,BTEE102-18,O,Regular
2416452,1,BTME101-21,A+,Regular
2416452,1,BTPH101-23,B,Regular
2416452,1,BTPH102-23,O,Regular
2416452,2,BMPD201-18,S,Regular
2416452,2,BTAM201-23,A,Regular
2416452,2,BTCH101-23,A,Regular
2416452,2,BTCH102-18,A+,Regular
2416452,2,BTHU101-18,A,Regular
2416452,2,BTHU102-18,O,Regular
2416452,2,BTMP101-18,O,Regular
2416452,2,BTPS101-18,B+,Regular
2416452,2,BTPS102-18,A+,Regular
2416452,3,BTAM-302-23,B+,Regular
2416452,3,BTCS301-18,A+,Regular
2416452,3,BTCS302-18,A,Regular
2416452,3,BTCS303-18,A+,Regular
2416452,3,BTCS304-18,B+,Regular
2416452,3,BTCS305-18,B,Regular
2416452,3,BTES301-18,B+,Regular
2416452,3,BTES302-18,A,Regular
2416452,3,HSMC10 1/102-18,B+,Regular
2416452,3,SIT,S,Regular
2416452,4,BTCS-401-18,B,Regular
2416452,4,BTCS-402-18,A,Regular
2416452,4,BTCS-403-18,A,Regular
2416452,4,BTCS-404-18,A+,Regular
2416452,4,BTCS-405-18,O,Regular
2416452,4,BTES-401-18,A+,Regular
2416452,4,BTES-402-18,A,Regular
2416452,4,EVS 101-18,A+,Regular
2416452,4,HSMC-122-18,A,Regular
2416453,1,BMPD-101-18,S,Regular
2416453,1,BTAM101-23,B,Regular
2416453,1,BTEE101-18,B+,Regular
2416453,1,BTEE102-18,O,Regular
2416453,1,BTME101-21,A,Regular
2416453,1,BTPH101-23,B,Regular
2416453,1,BTPH102-23,O,Regular
2416453,2,BMPD201-18,S,Regular
2416453,2,BTAM201-23,B,Regular
2416453,2,BTCH101-23,B,Regular
2416453,2,BTCH102-18,A+,Regular
2416453,2,BTHU101-18,A,Regular
2416453,2,BTHU102-18,A+,Regular
2416453,2,BTMP101-18,A+,Regular
2416453,2,BTPS101-18,B,Regular
2416453,2,BTPS102-18,A,Regular
2416453,3,BTAM-302-23,B,Regular
2416453,3,BTCS301-18,B+,Regular
2416453,3,BTCS302-18,B+,Regular
2416453,3,BTCS303-18,A+,Regular
2416453,3,BTCS304-18,A+,Regular
2416453,3,BTCS305-18,B+,Regular
2416453,3,BTES301-18,B,Regular
2416453,3,BTES302-18,A,Regular
2416453,3,HSMC10 1/102-18,B+,Regular
2416453,3,SIT,S,Regular
2416453,4,BTCS-401-18,A,Regular
2416453,4,BTCS-402-18,B+,Regular
2416453,4,BTCS-403-18,A,Regular
2416453,4,BTCS-404-18,O,Regular
2416453,4,BTCS-405-18,A+,Regular
2416453,4,BTES-401-18,A,Regular
2416453,4,BTES-402-18,A,Regular
2416453,4,EVS 101-18,O,Regular
2416453,4,HSMC-122-18,B+,Regular
2416454,1,BMPD-101-18,S,Reappear
2416454,1,BTAM101-23,Ab(Ext),Reappear
2416454,1,BTEE101-18,P,Reappear
2416454,1,BTEE102-18,A+,Reappear
2416454,1,BTME101-21,B,Reappear
2416454,1,BTPH101-23,B,Reappear
2416454,1,BTPH102-23,A+,Reappear
2416454,2,BMPD201-18,S,Regular
2416454,2,BTAM201-23,B,Regular
2416454,2,BTCH101-23,Ab(Ext),Regular
2416454,2,BTCH102-18,Ab(Ext),Regular
2416454,2,BTHU101-18,Ab(Ext),Regular
2416454,2,BTHU102-18,Ab(Ext),Regular
2416454,2,BTMP101-18,Ab(Ext),Regular
2416454,2,BTPS101-18,Ab(Ext),Regular
2416454,2,BTPS102-18,Ab(Ext),Regular
2416454,3,BTAM-302-23,C,Regular
2416454,3,BTCS301-18,B+,Regular
2416454,3,BTCS302-18,C,Regular
2416454,3,BTCS303-18,B+,Regular
2416454,3,BTCS304-18,C,Regular
2416454,3,BTCS305-18,P,Regular
2416454,3,BTES301-18,C,Regular
2416454,3,BTES302-18,C,Regular
2416454,3,HSMC10 1/102-18,B,Regular
2416454,3,SIT,S,Regular
2416454,4,BTCS-401-18,F(Int)/Ab (Ext),Regular
2416454,4,BTCS-402-18,F(Int)/Ab (Ext),Regular
2416454,4,BTCS-403-18,C,Regular
2416454,4,BTCS-404-18,F(Int)/Ab (Ext),Regular
2416454,4,BTCS-405-18,Ab(Ext),Regular
2416454,4,BTES-401-18,C,Regular
2416454,4,BTES-402-18,F(Int)/Ab (Ext),Regular
2416454,4,EVS 101-18,B+,Regular
2416454,4,HSMC-122-18,C,Regular
2416455,1,BMPD-101-18,S,Reappear
2416455,1,BTAM101-23,C,Reappear
2416455,1,BTEE101-18,B,Reappear
2416455,1,BTEE102-18,A,Reappear
2416455,1,BTME101-21,B+,Reappear
2416455,1,BTPH101-23,C,Reappear
2416455,1,BTPH102-23,A+,Reappear
2416455,2,BMPD201-18,S,Regular
2416455,2,BTAM201-23,C,Regular
2416455,2,BTCH101-23,B,Regular
2416455,2,BTCH102-18,A,Regular
2416455,2,BTHU101-18,A,Regular
2416455,2,BTHU102-18,A+,Regular
2416455,2,BTMP101-18,A+,Regular
2416455,2,BTPS101-18,B,Regular
2416455,2,BTPS102-18,A+,Regular
2416455,3,BTAM-302-23,F(Ext),Regular
2416455,3,BTCS301-18,B,Regular
2416455,3,BTCS302-18,C,Regular
2416455,3,BTCS303-18,B+,Regular
2416455,3,BTCS304-18,B,Regular
2416455,3,BTCS305-18,P,Regular
2416455,3,BTES301-18,B+,Regular
2416455,3,BTES302-18,B+,Regular
2416455,3,HSMC10 1/102-18,B,Regular
2416455,3,SIT,S,Regular
2416455,4,BTCS-401-18,P,Regular
2416455,4,BTCS-402-18,F(Ext),Regular
2416455,4,BTCS-403-18,B,Regular
2416455,4,BTCS-404-18,P,Regular
2416455,4,BTCS-405-18,B,Regular
2416455,4,BTES-401-18,C,Regular
2416455,4,BTES-402-18,P,Regular
2416455,4,EVS 101-18,B,Regular
2416455,4,HSMC-122-18,B,Regular
2416456,1,BMPD-101-18,S,Regular
2416456,1,BTAM101-23,B,Regular
2416456,1,BTEE101-18,B+,Regular
2416456,1,BTEE102-18,A+,Regular
2416456,1,BTME101-21,A,Regular
2416456,1,BTPH101-23,B+,Regular
2416456,1,BTPH102-23,A+,Regular
2416456,2,BMPD201-18,S,Regular
2416456,2,BTAM201-23,B,Regular
2416456,2,BTCH101-23,B+,Regular
2416456,2,BTCH102-18,B+,Regular
2416456,2,BTHU101-18,A,Regular
2416456,2,BTHU102-18,A+,Regular
2416456,2,BTMP101-18,O,Regular
2416456,2,BTPS101-18,B+,Regular
2416456,2,BTPS102-18,A+,Regular
2416456,3,BTAM-302-23,B,Regular
2416456,3,BTCS301-18,B,Regular
2416456,3,BTCS302-18,A,Regular
2416456,3,BTCS303-18,A+,Regular
2416456,3,BTCS304-18,A,Regular
2416456,3,BTCS305-18,A+,Regular
2416456,3,BTES301-18,B+,Regular
2416456,3,BTES302-18,O,Regular
2416456,3,HSMC10 1/102-18,B+,Regular
2416456,3,SIT,S,Regular
2416456,4,BTCS-401-18,P,Regular
2416456,4,BTCS-402-18,B,Regular
2416456,4,BTCS-403-18,A,Regular
2416456,4,BTCS-404-18,O,Regular
2416456,4,BTCS-405-18,A+,Regular
2416456,4,BTES-401-18,B,Regular
2416456,4,BTES-402-18,A+,Regular
2416456,4,EVS 101-18,O,Regular
2416456,4,HSMC-122-18,B+,Regular
2416457,1,BMPD-101-18,S,Regular
2416457,1,BTAM101-23,F(Int)/Ab (Ext),Regular
2416457,1,BTEE101-18,F(Int)/Ab (Ext),Regular
2416457,1,BTEE102-18,A,Regular
2416457,1,BTME101-21,F(Int),Regular
2416457,1,BTPH101-23,F(Int)/Ab (Ext),Regular
2416457,1,BTPH102-23,B+,Regular
2416457,2,BMPD201-18,S,Regular
2416457,2,BTAM201-23,P,Regular
2416457,2,BTCH101-23,F(Ext),Regular
2416457,2,BTCH102-18,A,Regular
2416457,2,BTHU101-18,B,Regular
2416457,2,BTHU102-18,A+,Regular
2416457,2,BTMP101-18,B+,Regular
2416457,2,BTPS101-18,F(Ext),Regular
2416457,2,BTPS102-18,A+,Regular
2416457,3,BTAM-302-23,F(Ext),Regular
2416457,3,BTCS301-18,F(Ext),Regular
2416457,3,BTCS302-18,F(Ext),Regular
2416457,3,BTCS303-18,B+,Regular
2416457,3,BTCS304-18,P,Regular
2416457,3,BTCS305-18,C,Regular
2416457,3,BTES301-18,F(Ext),Regular
2416457,3,BTES302-18,P,Regular
2416457,3,HSMC10 1/102-18,B,Regular
2416457,3,SIT,S,Regular
2416457,4,BTCS-401-18,C,Regular
2416457,4,BTCS-402-18,F(Ext),Regular
2416457,4,BTCS-403-18,F(Ext),Regular
2416457,4,BTCS-404-18,A+,Regular
2416457,4,BTCS-405-18,O,Regular
2416457,4,BTES-401-18,F(Ext),Regular
2416457,4,BTES-402-18,A,Regular
2416457,4,EVS 101-18,B,Regular
2416457,4,HSMC-122-18,B,Regular
2416458,1,BMPD-101-18,S,Reappear
2416458,1,BTAM101-23,C,Reappear
2416458,1,BTEE101-18,B+,Reappear
2416458,1,BTEE102-18,O,Reappear
2416458,1,BTME101-21,A,Reappear
2416458,1,BTPH101-23,B,Reappear
2416458,1,BTPH102-23,A+,Reappear
2416458,2,BMPD201-18,S,Regular
2416458,2,BTAM201-23,B,Regular
2416458,2,BTCH101-23,B,Regular
2416458,2,BTCH102-18,A+,Regular
2416458,2,BTHU101-18,B+,Regular
2416458,2,BTHU102-18,A+,Regular
2416458,2,BTMP101-18,A+,Regular
2416458,2,BTPS101-18,B,Regular
2416458,2,BTPS102-18,A,Regular
2416458,3,BTAM-302-23,B,Regular
2416458,3,BTCS301-18,B+,Regular
2416458,3,BTCS302-18,C,Regular
2416458,3,BTCS303-18,A,Regular
2416458,3,BTCS304-18,A+,Regular
2416458,3,BTCS305-18,A,Regular
2416458,3,BTES301-18,B,Regular
2416458,3,BTES302-18,A,Regular
2416458,3,HSMC10 1/102-18,B,Regular
2416458,3,SIT,S,Regular
2416458,4,BTCS-401-18,B,Regular
2416458,4,BTCS-402-18,B+,Regular
2416458,4,BTCS-403-18,A,Regular
2416458,4,BTCS-404-18,O,Regular
2416458,4,BTCS-405-18,O,Regular
2416458,4,BTES-401-18,B+,Regular
2416458,4,BTES-402-18,A+,Regular
2416458,4,EVS 101-18,A+,Regular
2416458,4,HSMC-122-18,B,Regular
2416459,1,BMPD-101-18,S,Reappear
2416459,1,BTAM101-23,F(Ext/Int),Reappear
2416459,1,BTEE101-18,B,Reappear
2416459,1,BTEE102-18,A,Reappear
2416459,1,BTME101-21,C,Reappear
2416459,1,BTPH101-23,P,Reappear
2416459,1,BTPH102-23,A,Reappear
2416459,2,BMPD201-18,S,Reappear
2416459,2,BTAM201-23,F(Int)/Ab (Ext),Reappear
2416459,2,BTCH101-23,F(Ext),Reappear
2416459,2,BTCH102-18,A,Reappear
2416459,2,BTHU101-18,B+,Reappear
2416459,2,BTHU102-18,A+,Reappear
2416459,2,BTMP101-18,A,Reappear
2416459,2,BTPS101-18,F(Ext),Reappear
2416459,2,BTPS102-18,A,Reappear
2416459,3,BTAM-302-23,F(Ext),Regular
2416459,3,BTCS301-18,F(Ext),Regular
2416459,3,BTCS302-18,F(Ext),Regular
2416459,3,BTCS303-18,B,Regular
2416459,3,BTCS304-18,P,Regular
2416459,3,BTCS305-18,P,Regular
2416459,3,BTES301-18,P,Regular
2416459,3,BTES302-18,B+,Regular
2416459,3,HSMC10 1/102-18,B+,Regular
2416459,3,SIT,S,Regular
2416459,4,BTCS-401-18,F(Ext),Regular
2416459,4,BTCS-402-18,B,Regular
2416459,4,BTCS-403-18,B+,Regular
2416459,4,BTCS-404-18,A,Regular
2416459,4,BTCS-405-18,A+,Regular
2416459,4,BTES-401-18,B,Regular
2416459,4,BTES-402-18,A+,Regular
2416459,4,EVS 101-18,A+,Regular
2416459,4,HSMC-122-18,A,Regular
2416460,1,BMPD-101-18,S,Regular
2416460,1,BTAM101-23,B+,Regular
2416460,1,BTEE101-18,B,Regular
2416460,1,BTEE102-18,O,Regular
2416460,1,BTME101-21,A,Regular
2416460,1,BTPH101-23,B+,Regular
2416460,1,BTPH102-23,O,Regular
2416460,2,BMPD201-18,S,Regular
2416460,2,BTAM201-23,B+,Regular
2416460,2,BTCH101-23,A,Regular
2416460,2,BTCH102-18,A,Regular
2416460,2,BTHU101-18,A,Regular
2416460,2,BTHU102-18,A+,Regular
2416460,2,BTMP101-18,A,Regular
2416460,2,BTPS101-18,B+,Regular
2416460,2,BTPS102-18,A+,Regular
2416460,3,BTAM-302-23,B+,Regular
2416460,3,BTCS301-18,A,Regular
2416460,3,BTCS302-18,A+,Regular
2416460,3,BTCS303-18,A,Regular
2416460,3,BTCS304-18,A+,Regular
2416460,3,BTCS305-18,A,Regular
2416460,3,BTES301-18,B+,Regular
2416460,3,BTES302-18,A+,Regular
2416460,3,HSMC10 1/102-18,A,Regular
2416460,3,SIT,S,Regular
2416460,4,BTCS-401-18,A,Regular
2416460,4,BTCS-402-18,B+,Regular
2416460,4,BTCS-403-18,A+,Regular
2416460,4,BTCS-404-18,A+,Regular
2416460,4,BTCS-405-18,O,Regular
2416460,4,BTES-401-18,A+,Regular
2416460,4,BTES-402-18,A+,Regular
2416460,4,EVS 101-18,O,Regular
2416460,4,HSMC-122-18,A,Regular
2416461,1,BMPD-101-18,S,Reappear
2416461,1,BTAM101-23,C,Reappear
2416461,1,BTEE101-18,B,Reappear
2416461,1,BTEE102-18,O,Reappear
2416461,1,BTME101-21,A,Reappear
2416461,1,BTPH101-23,B,Reappear
2416461,1,BTPH102-23,O,Reappear
2416461,2,BMPD201-18,S,Reappear
2416461,2,BTAM201-23,B,Reappear
2416461,2,BTCH101-23,F(Ext),Reappear
2416461,2,BTCH102-18,A+,Reappear
2416461,2,BTHU101-18,A,Reappear
2416461,2,BTHU102-18,A+,Reappear
2416461,2,BTMP101-18,A,Reappear
2416461,2,BTPS101-18,B+,Reappear
2416461,2,BTPS102-18,A+,Reappear
2416461,3,BTAM-302-23,B,Regular
2416461,3,BTCS301-18,B,Regular
2416461,3,BTCS302-18,B+,Regular
2416461,3,BTCS303-18,A,Regular
2416461,3,BTCS304-18,A+,Regular
2416461,3,BTCS305-18,B+,Regular
2416461,3,BTES301-18,B,Regular
2416461,3,BTES302-18,B+,Regular
2416461,3,HSMC10 1/102-18,B+,Regular
2416461,3,SIT,S,Regular
2416461,4,BTCS-401-18,B,Regular
2416461,4,BTCS-402-18,A,Regular
2416461,4,BTCS-403-18,B+,Regular
2416461,4,BTCS-404-18,P,Regular
2416461,4,BTCS-405-18,B,Regular
2416461,4,BTES-401-18,B+,Regular
2416461,4,BTES-402-18,A,Regular
2416461,4,EVS 101-18,O,Regular
2416461,4,HSMC-122-18,B,Regular
2416462,1,BMPD-101-18,S,Reappear
2416462,1,BTAM101-23,B+,Reappear
2416462,1,BTEE101-18,B,Reappear
2416462,1,BTEE102-18,O,Reappear
2416462,1,BTME101-21,A+,Reappear
2416462,1,BTPH101-23,B,Reappear
2416462,1,BTPH102-23,A+,Reappear
2416462,2,BMPD201-18,S,Regular
2416462,2,BTAM201-23,A,Regular
2416462,2,BTCH101-23,B+,Regular
2416462,2,BTCH102-18,A+,Regular
2416462,2,BTHU101-18,B+,Regular
2416462,2,BTHU102-18,A+,Regular
2416462,2,BTMP101-18,A+,Regular
2416462,2,BTPS101-18,A,Regular
2416462,2,BTPS102-18,O,Regular
2416462,3,BTAM-302-23,B+,Regular
2416462,3,BTCS301-18,B+,Regular
2416462,3,BTCS302-18,A,Regular
2416462,3,BTCS303-18,A+,Regular
2416462,3,BTCS304-18,A+,Regular
2416462,3,BTCS305-18,B+,Regular
2416462,3,BTES301-18,B+,Regular
2416462,3,BTES302-18,A+,Regular
2416462,3,HSMC10 1/102-18,B+,Regular
2416462,3,SIT,S,Regular
2416462,4,BTCS-401-18,B,Regular
2416462,4,BTCS-402-18,B+,Regular
2416462,4,BTCS-403-18,A,Regular
2416462,4,BTCS-404-18,O,Regular
2416462,4,BTCS-405-18,A+,Regular
2416462,4,BTES-401-18,A,Regular
2416462,4,BTES-402-18,A+,Regular
2416462,4,EVS 101-18,B+,Regular
2416462,4,HSMC-122-18,B+,Regular
2416463,1,BMPD-101-18,S,Regular
2416463,1,BTAM101-23,B+,Regular
2416463,1,BTEE101-18,B+,Regular
2416463,1,BTEE102-18,A+,Regular
2416463,1,BTME101-21,B+,Regular
2416463,1,BTPH101-23,B+,Regular
2416463,1,BTPH102-23,A,Regular
2416463,2,BMPD201-18,S,Regular
2416463,2,BTAM201-23,B,Regular
2416463,2,BTCH101-23,A,Regular
2416463,2,BTCH102-18,A+,Regular
2416463,2,BTHU101-18,A,Regular
2416463,2,BTHU102-18,A+,Regular
2416463,2,BTMP101-18,A+,Regular
2416463,2,BTPS101-18,B+,Regular
2416463,2,BTPS102-18,A+,Regular
2416463,3,BTAM-302-23,B,Regular
2416463,3,BTCS301-18,A,Regular
2416463,3,BTCS302-18,A,Regular
2416463,3,BTCS303-18,A,Regular
2416463,3,BTCS304-18,B,Regular
2416463,3,BTCS305-18,A,Regular
2416463,3,BTES301-18,B+,Regular
2416463,3,BTES302-18,B+,Regular
2416463,3,HSMC10 1/102-18,B,Regular
2416463,3,SIT,S,Regular
2416464,1,BMPD-101-18,S,Regular
2416464,1,BTAM101-23,B+,Regular
2416464,1,BTEE101-18,B+,Regular
2416464,1,BTEE102-18,O,Regular
2416464,1,BTME101-21,A,Regular
2416464,1,BTPH101-23,B+,Regular
2416464,1,BTPH102-23,O,Regular
2416464,2,BMPD201-18,S,Regular
2416464,2,BTAM201-23,B+,Regular
2416464,2,BTCH101-23,B+,Regular
2416464,2,BTCH102-18,A,Regular
2416464,2,BTHU101-18,A,Regular
2416464,2,BTHU102-18,A+,Regular
2416464,2,BTMP101-18,A,Regular
2416464,2,BTPS101-18,B+,Regular
2416464,2,BTPS102-18,A+,Regular
2416464,3,BTAM-302-23,B,Regular
2416464,3,BTCS301-18,B,Regular
2416464,3,BTCS302-18,B+,Regular
2416464,3,BTCS303-18,A,Regular
2416464,3,BTCS304-18,A,Regular
2416464,3,BTCS305-18,B+,Regular
2416464,3,BTES301-18,B+,Regular
2416464,3,BTES302-18,A,Regular
2416464,3,HSMC10 1/102-18,B,Regular
2416464,3,SIT,S,Regular
2416464,4,BTCS-401-18,B,Regular
2416464,4,BTCS-402-18,B+,Regular
2416464,4,BTCS-403-18,A,Regular
2416464,4,BTCS-404-18,A+,Regular
2416464,4,BTCS-405-18,O,Regular
2416464,4,BTES-401-18,A,Regular
2416464,4,BTES-402-18,O,Regular
2416464,4,EVS 101-18,A+,Regular
2416464,4,HSMC-122-18,B+,Regular
2416465,1,BMPD-101-18,S,Reappear
2416465,1,BTAM101-23,B+,Reappear
2416465,1,BTEE101-18,C,Reappear
2416465,1,BTEE102-18,A+,Reappear
2416465,1,BTME101-21,B,Reappear
2416465,1,BTPH101-23,P,Reappear
2416465,1,BTPH102-23,A+,Reappear
2416465,2,BMPD201-18,S,Regular
2416465,2,BTAM201-23,A,Regular
2416465,2,BTCH101-23,B,Regular
2416465,2,BTCH102-18,A,Regular
2416465,2,BTHU101-18,A,Regular
2416465,2,BTHU102-18,A+,Regular
2416465,2,BTMP101-18,A+,Regular
2416465,2,BTPS101-18,B+,Regular
2416465,2,BTPS102-18,A+,Regular
2416465,4,BTCS-401-18,B+,Regular
2416465,4,BTCS-402-18,B+,Regular
2416465,4,BTCS-403-18,A,Regular
2416465,4,BTCS-404-18,O,Regular
2416465,4,BTCS-405-18,O,Regular
2416465,4,BTES-401-18,B+,Regular
2416465,4,BTES-402-18,O,Regular
2416465,4,EVS 101-18,A+,Regular
2416465,4,HSMC-122-18,A,Regular
2416466,1,BMPD-101-18,S,Regular
2416466,1,BTAM101-23,B+,Regular
2416466,1,BTEE101-18,B,Regular
2416466,1,BTEE102-18,A+,Regular
2416466,1,BTME101-21,B+,Regular
2416466,1,BTPH101-23,B,Regular
2416466,1,BTPH102-23,A+,Regular
2416466,2,BMPD201-18,S,Regular
2416466,2,BTAM201-23,B+,Regular
2416466,2,BTCH101-23,B,Regular
2416466,2,BTCH102-18,A,Regular
2416466,2,BTHU101-18,A,Regular
2416466,2,BTHU102-18,A+,Regular
2416466,2,BTMP101-18,A+,Regular
2416466,2,BTPS101-18,B+,Regular
2416466,2,BTPS102-18,A+,Regular
2416466,3,BTAM-302-23,B,Regular
2416466,3,BTCS301-18,A,Regular
2416466,3,BTCS302-18,B,Regular
2416466,3,BTCS303-18,A,Regular
2416466,3,BTCS304-18,A,Regular
2416466,3,BTCS305-18,A,Regular
2416466,3,BTES301-18,C,Regular
2416466,3,BTES302-18,A,Regular
2416466,3,HSMC10 1/102-18,A,Regular
2416466,3,SIT,S,Regular
2416466,4,BTCS-401-18,B+,Regular
2416466,4,BTCS-402-18,B+,Regular
2416466,4,BTCS-403-18,A+,Regular
2416466,4,BTCS-404-18,A+,Regular
2416466,4,BTCS-405-18,O,Regular
2416466,4,BTES-401-18,B+,Regular
2416466,4,BTES-402-18,A+,Regular
2416466,4,EVS 101-18,A+,Regular
2416466,4,HSMC-122-18,B+,Regular
2416467,1,BMPD-101-18,S,Regular
2416467,1,BTAM101-23,A,Regular
2416467,1,BTEE101-18,A,Regular
2416467,1,BTEE102-18,O,Regular
2416467,1,BTME101-21,A+,Regular
2416467,1,BTPH101-23,B+,Regular
2416467,1,BTPH102-23,A+,Regular
2416467,2,BMPD201-18,S,Regular
2416467,2,BTAM201-23,A,Regular
2416467,2,BTCH101-23,B+,Regular
2416467,2,BTCH102-18,A+,Regular
2416467,2,BTHU101-18,B+,Regular
2416467,2,BTHU102-18,A+,Regular
2416467,2,BTMP101-18,A+,Regular
2416467,2,BTPS101-18,A,Regular
2416467,2,BTPS102-18,A+,Regular
2416467,3,BTAM-302-23,B,Regular
2416467,3,BTCS301-18,A,Regular
2416467,3,BTCS302-18,A,Regular
2416467,3,BTCS303-18,A+,Regular
2416467,3,BTCS304-18,A+,Regular
2416467,3,BTCS305-18,A,Regular
2416467,3,BTES301-18,B+,Regular
2416467,3,BTES302-18,A+,Regular
2416467,3,HSMC10 1/102-18,A,Regular
2416467,3,SIT,S,Regular
2416467,4,BTCS-401-18,B+,Regular
2416467,4,BTCS-402-18,A,Regular
2416467,4,BTCS-403-18,A+,Regular
2416467,4,BTCS-404-18,O,Regular
2416467,4,BTCS-405-18,A+,Regular
2416467,4,BTES-401-18,A+,Regular
2416467,4,BTES-402-18,A+,Regular
2416467,4,EVS 101-18,O,Regular
2416467,4,HSMC-122-18,A,Regular
2416468,1,BMPD-101-18,S,Reappear
2416468,1,BTAM101-23,B+,Reappear
2416468,1,BTEE101-18,B+,Reappear
2416468,1,BTEE102-18,O,Reappear
2416468,1,BTME101-21,B+,Reappear
2416468,1,BTPH101-23,B,Reappear
2416468,1,BTPH102-23,O,Reappear
2416468,2,BMPD201-18,S,Regular
2416468,2,BTAM201-23,B,Regular
2416468,2,BTCH101-23,A,Regular
2416468,2,BTCH102-18,O,Regular
2416468,2,BTHU101-18,A+,Regular
2416468,2,BTHU102-18,A+,Regular
2416468,2,BTMP101-18,A+,Regular
2416468,2,BTPS101-18,A+,Regular
2416468,2,BTPS102-18,O,Regular
2416468,3,BTAM-302-23,B,Regular
2416468,3,BTCS301-18,B+,Regular
2416468,3,BTCS302-18,A,Regular
2416468,3,BTCS303-18,A,Regular
2416468,3,BTCS304-18,A+,Regular
2416468,3,BTCS305-18,A,Regular
2416468,3,BTES301-18,B,Regular
2416468,3,BTES302-18,A+,Regular
2416468,3,HSMC10 1/102-18,B+,Regular
2416468,3,SIT,S,Regular
2416468,4,BTCS-401-18,B+,Regular
2416468,4,BTCS-402-18,A,Regular
2416468,4,BTCS-403-18,A+,Regular
2416468,4,BTCS-404-18,O,Regular
2416468,4,BTCS-405-18,O,Regular
2416468,4,BTES-401-18,A+,Regular
2416468,4,BTES-402-18,O,Regular
2416468,4,EVS 101-18,O,Regular
2416468,4,HSMC-122-18,A,Regular
2416469,1,BMPD-101-18,S,Regular
2416469,1,BTAM101-23,A+,Regular
2416469,1,BTEE101-18,A,Regular
2416469,1,BTEE102-18,O,Regular
2416469,1,BTME101-21,O,Regular
2416469,1,BTPH101-23,A,Regular
2416469,1,BTPH102-23,O,Regular
2416469,2,BMPD201-18,S,Regular
2416469,2,BTAM201-23,A,Regular
2416469,2,BTCH101-23,O,Regular
2416469,2,BTCH102-18,O,Regular
2416469,2,BTHU101-18,A+,Regular
2416469,2,BTHU102-18,O,Regular
2416469,2,BTMP101-18,O,Regular
2416469,2,BTPS101-18,A,Regular
2416469,2,BTPS102-18,O,Regular
2416469,3,BTAM-302-23,A+,Regular
2416469,3,BTCS301-18,A+,Regular
2416469,3,BTCS302-18,A+,Regular
2416469,3,BTCS303-18,O,Regular
2416469,3,BTCS304-18,O,Regular
2416469,3,BTCS305-18,O,Regular
2416469,3,BTES301-18,B+,Regular
2416469,3,BTES302-18,O,Regular
2416469,3,HSMC10 1/102-18,A+,Regular
2416469,3,SIT,S,Regular
2416469,4,BTCS-401-18,A,Regular
2416469,4,BTCS-402-18,A+,Regular
2416469,4,BTCS-403-18,A+,Regular
2416469,4,BTCS-404-18,O,Regular
2416469,4,BTCS-405-18,O,Regular
2416469,4,BTES-401-18,A+,Regular
2416469,4,BTES-402-18,O,Regular
2416469,4,EVS 101-18,O,Regular
2416469,4,HSMC-122-18,A,Regular
2416470,1,BMPD-101-18,S,Regular
2416470,1,BTAM101-23,A,Regular
2416470,1,BTEE101-18,A,Regular
2416470,1,BTEE102-18,O,Regular
2416470,1,BTME101-21,A,Regular
2416470,1,BTPH101-23,A,Regular
2416470,1,BTPH102-23,A+,Regular
2416470,2,BMPD201-18,S,Regular
2416470,2,BTAM201-23,B+,Regular
2416470,2,BTCH101-23,B+,Regular
2416470,2,BTCH102-18,B+,Regular
2416470,2,BTHU101-18,A+,Regular
2416470,2,BTHU102-18,A+,Regular
2416470,2,BTMP101-18,A,Regular
2416470,2,BTPS101-18,A+,Regular
2416470,2,BTPS102-18,A,Regular
2416470,3,BTAM-302-23,A,Regular
2416470,3,BTCS301-18,A,Regular
2416470,3,BTCS302-18,A,Regular
2416470,3,BTCS303-18,A+,Regular
2416470,3,BTCS304-18,A,Regular
2416470,3,BTCS305-18,B+,Regular
2416470,3,BTES301-18,C,Regular
2416470,3,BTES302-18,A+,Regular
2416470,3,HSMC10 1/102-18,A,Regular
2416470,3,SIT,S,Regular
2416470,4,BTCS-401-18,A+,Regular
2416470,4,BTCS-402-18,A+,Regular
2416470,4,BTCS-403-18,A,Regular
2416470,4,BTCS-404-18,A+,Regular
2416470,4,BTCS-405-18,A+,Regular
2416470,4,BTES-401-18,A,Regular
2416470,4,BTES-402-18,O,Regular
2416470,4,EVS 101-18,O,Regular
2416470,4,HSMC-122-18,A,Regular
2416471,1,BMPD-101-18,S,Regular
2416471,1,BTAM101-23,A+,Regular
2416471,1,BTEE101-18,A,Regular
2416471,1,BTEE102-18,O,Regular
2416471,1,BTME101-21,A+,Regular
2416471,1,BTPH101-23,A+,Regular
2416471,1,BTPH102-23,O,Regular
2416471,2,BMPD201-18,S,Regular
2416471,2,BTAM201-23,A+,Regular
2416471,2,BTCH101-23,O,Regular
2416471,2,BTCH102-18,O,Regular
2416471,2,BTHU101-18,A+,Regular
2416471,2,BTHU102-18,O,Regular
2416471,2,BTMP101-18,O,Regular
2416471,2,BTPS101-18,A+,Regular
2416471,2,BTPS102-18,O,Regular
2416471,3,BTAM-302-23,A+,Regular
2416471,3,BTCS301-18,A+,Regular
2416471,3,BTCS302-18,A+,Regular
2416471,3,BTCS303-18,O,Regular
2416471,3,BTCS304-18,O,Regular
2416471,3,BTCS305-18,O,Regular
2416471,3,BTES301-18,A,Regular
2416471,3,BTES302-18,O,Regular
2416471,3,HSMC10 1/102-18,A+,Regular
2416471,3,SIT,S,Regular
2416471,4,BTCS-401-18,A,Regular
2416471,4,BTCS-402-18,A+,Regular
2416471,4,BTCS-403-18,A+,Regular
2416471,4,BTCS-404-18,O,Regular
2416471,4,BTCS-405-18,O,Regular
2416471,4,BTES-401-18,A+,Regular
2416471,4,BTES-402-18,O,Regular
2416471,4,EVS 101-18,O,Regular
2416471,4,HSMC-122-18,A+,Regular
2416472,1,BMPD-101-18,S,Regular
2416472,1,BTAM101-23,B+,Regular
2416472,1,BTEE101-18,B+,Regular
2416472,1,BTEE102-18,O,Regular
2416472,1,BTME101-21,A+,Regular
2416472,1,BTPH101-23,B,Regular
2416472,1,BTPH102-23,O,Regular
2416472,2,BMPD201-18,S,Regular
2416472,2,BTAM201-23,A,Regular
2416472,2,BTCH101-23,A+,Regular
2416472,2,BTCH102-18,A+,Regular
2416472,2,BTHU101-18,B+,Regular
2416472,2,BTHU102-18,A+,Regular
2416472,2,BTMP101-18,O,Regular
2416472,2,BTPS101-18,A,Regular
2416472,2,BTPS102-18,A+,Regular
2416472,3,BTAM-302-23,B,Regular
2416472,3,BTCS301-18,A,Regular
2416472,3,BTCS302-18,A,Regular
2416472,3,BTCS303-18,A+,Regular
2416472,3,BTCS304-18,A+,Regular
2416472,3,BTCS305-18,B+,Regular
2416472,3,BTES301-18,B+,Regular
2416472,3,BTES302-18,A,Regular
2416472,3,HSMC10 1/102-18,B+,Regular
2416472,3,SIT,S,Regular
2416472,4,BTCS-401-18,A,Regular
2416472,4,BTCS-402-18,A,Regular
2416472,4,BTCS-403-18,A,Regular
2416472,4,BTCS-404-18,A+,Regular
2416472,4,BTCS-405-18,O,Regular
2416472,4,BTES-401-18,A,Regular
2416472,4,BTES-402-18,A+,Regular
2416472,4,EVS 101-18,B,Regular
2416472,4,HSMC-122-18,B+,Regular
2416473,1,BMPD-101-18,S,Regular
2416473,1,BTAM101-23,B+,Regular
2416473,1,BTEE101-18,B+,Regular
2416473,1,BTEE102-18,O,Regular
2416473,1,BTME101-21,A,Regular
2416473,1,BTPH101-23,B+,Regular
2416473,1,BTPH102-23,O,Regular
2416473,2,BMPD201-18,S,Regular
2416473,2,BTAM201-23,C,Regular
2416473,2,BTCH101-23,B+,Regular
2416473,2,BTCH102-18,A+,Regular
2416473,2,BTHU101-18,A+,Regular
2416473,2,BTHU102-18,O,Regular
2416473,2,BTMP101-18,A+,Regular
2416473,2,BTPS101-18,A,Regular
2416473,2,BTPS102-18,A+,Regular
2416473,3,BTAM-302-23,B+,Regular
2416473,3,BTCS301-18,A,Regular
2416473,3,BTCS302-18,B,Regular
2416473,3,BTCS303-18,A+,Regular
2416473,3,BTCS304-18,B+,Regular
2416473,3,BTCS305-18,A,Regular
2416473,3,BTES301-18,B,Regular
2416473,3,BTES302-18,A+,Regular
2416473,3,HSMC10 1/102-18,A,Regular
2416473,3,SIT,S,Regular
2416473,4,BTCS-401-18,B+,Regular
2416473,4,BTCS-402-18,A,Regular
2416473,4,BTCS-403-18,A+,Regular
2416473,4,BTCS-404-18,O,Regular
2416473,4,BTCS-405-18,O,Regular
2416473,4,BTES-401-18,A+,Regular
2416473,4,BTES-402-18,O,Regular
2416473,4,EVS 101-18,O,Regular
2416473,4,HSMC-122-18,A,Regular
2416474,1,BMPD-101-18,S,Regular
2416474,1,BTAM101-23,B+,Regular
2416474,1,BTEE101-18,B+,Regular
2416474,1,BTEE102-18,O,Regular
2416474,1,BTME101-21,B+,Regular
2416474,1,BTPH101-23,F(Ext),Regular
2416474,1,BTPH102-23,O,Regular
2416474,2,BMPD201-18,S,Regular
2416474,2,BTAM201-23,B+,Regular
2416474,2,BTCH101-23,B+,Regular
2416474,2,BTCH102-18,A+,Regular
2416474,2,BTHU101-18,A+,Regular
2416474,2,BTHU102-18,A+,Regular
2416474,2,BTMP101-18,A+,Regular
2416474,2,BTPS101-18,B,Regular
2416474,2,BTPS102-18,A+,Regular
2416474,3,BTAM-302-23,B,Regular
2416474,3,BTCS301-18,B+,Regular
2416474,3,BTCS302-18,A+,Regular
2416474,3,BTCS303-18,O,Regular
2416474,3,BTCS304-18,A,Regular
2416474,3,BTCS305-18,A,Regular
2416474,3,BTES301-18,B,Regular
2416474,3,BTES302-18,A+,Regular
2416474,3,HSMC10 1/102-18,A,Regular
2416474,3,SIT,S,Regular
2416475,1,BMPD-101-18,S,Regular
2416475,1,BTAM101-23,B+,Regular
2416475,1,BTEE101-18,B+,Regular
2416475,1,BTEE102-18,O,Regular
2416475,1,BTME101-21,A,Regular
2416475,1,BTPH101-23,F(Ext),Regular
2416475,1,BTPH102-23,A+,Regular
2416475,2,BMPD201-18,S,Regular
2416475,2,BTAM201-23,C,Regular
2416475,2,BTCH101-23,F(Ext),Regular
2416475,2,BTCH102-18,A,Regular
2416475,2,BTHU101-18,A,Regular
2416475,2,BTHU102-18,A,Regular
2416475,2,BTMP101-18,A+,Regular
2416475,2,BTPS101-18,Ab(Ext),Regular
2416475,2,BTPS102-18,A,Regular
2416475,3,BTAM-302-23,B+,Regular
2416475,3,BTCS301-18,A,Regular
2416475,3,BTCS302-18,B+,Regular
2416475,3,BTCS303-18,A+,Regular
2416475,3,BTCS304-18,A,Regular
2416475,3,BTCS305-18,B+,Regular
2416475,3,BTES301-18,B,Regular
2416475,3,BTES302-18,B+,Regular
2416475,3,HSMC10 1/102-18,A,Regular
2416475,3,SIT,S,Regular
2416475,4,BTCS-401-18,B,Regular
2416475,4,BTCS-402-18,B+,Regular
2416475,4,BTCS-403-18,A,Regular
2416475,4,BTCS-404-18,P,Regular
2416475,4,BTCS-405-18,O,Regular
2416475,4,BTES-401-18,A,Regular
2416475,4,BTES-402-18,P,Regular
2416475,4,EVS 101-18,B,Regular
2416475,4,HSMC-122-18,B+,Regular
2416476,1,BMPD-101-18,S,Regular
2416476,1,BTAM101-23,A,Regular
2416476,1,BTEE101-18,A,Regular
2416476,1,BTEE102-18,O,Regular
2416476,1,BTME101-21,A+,Regular
2416476,1,BTPH101-23,B+,Regular
2416476,1,BTPH102-23,O,Regular
2416476,2,BMPD201-18,S,Regular
2416476,2,BTAM201-23,A,Regular
2416476,2,BTCH101-23,A,Regular
2416476,2,BTCH102-18,A+,Regular
2416476,2,BTHU101-18,A+,Regular
2416476,2,BTHU102-18,O,Regular
2416476,2,BTMP101-18,A,Regular
2416476,2,BTPS101-18,A,Regular
2416476,2,BTPS102-18,O,Regular
2416476,3,BTAM-302-23,A,Regular
2416476,3,BTCS301-18,A,Regular
2416476,3,BTCS302-18,O,Regular
2416476,3,BTCS303-18,A,Regular
2416476,3,BTCS304-18,A+,Regular
2416476,3,BTCS305-18,A+,Regular
2416476,3,BTES301-18,B+,Regular
2416476,3,BTES302-18,A+,Regular
2416476,3,HSMC10 1/102-18,A+,Regular
2416476,3,SIT,S,Regular
2416476,4,BTCS-401-18,B,Regular
2416476,4,BTCS-402-18,A+,Regular
2416476,4,BTCS-403-18,A+,Regular
2416476,4,BTCS-404-18,A+,Regular
2416476,4,BTCS-405-18,O,Regular
2416476,4,BTES-401-18,A+,Regular
2416476,4,BTES-402-18,A+,Regular
2416476,4,EVS 101-18,O,Regular
2416476,4,HSMC-122-18,A,Regular
2416477,1,BMPD-101-18,S,Regular
2416477,1,BTAM101-23,B,Regular
2416477,1,BTEE101-18,B+,Regular
2416477,1,BTEE102-18,A+,Regular
2416477,1,BTME101-21,A,Regular
2416477,1,BTPH101-23,B,Regular
2416477,1,BTPH102-23,A+,Regular
2416477,2,BMPD201-18,S,Regular
2416477,2,BTAM201-23,B+,Regular
2416477,2,BTCH101-23,B+,Regular
2416477,2,BTCH102-18,A+,Regular
2416477,2,BTHU101-18,A+,Regular
2416477,2,BTHU102-18,A+,Regular
2416477,2,BTMP101-18,A+,Regular
2416477,2,BTPS101-18,A,Regular
2416477,2,BTPS102-18,A+,Regular
2416477,3,BTAM-302-23,B,Regular
2416477,3,BTCS301-18,A,Regular
2416477,3,BTCS302-18,A,Regular
2416477,3,BTCS303-18,A,Regular
2416477,3,BTCS304-18,A,Regular
2416477,3,BTCS305-18,B+,Regular
2416477,3,BTES301-18,B,Regular
2416477,3,BTES302-18,A,Regular
2416477,3,HSMC10 1/102-18,A,Regular
2416477,3,SIT,S,Regular
2416477,4,BTCS-401-18,A,Regular
2416477,4,BTCS-402-18,A,Regular
2416477,4,BTCS-403-18,A+,Regular
2416477,4,BTCS-404-18,A+,Regular
2416477,4,BTCS-405-18,O,Regular
2416477,4,BTES-401-18,A,Regular
2416477,4,BTES-402-18,A+,Regular
2416477,4,EVS 101-18,O,Regular
2416477,4,HSMC-122-18,B+,Regular
2416478,1,BMPD-101-18,S,Regular
2416478,1,BTAM101-23,C,Regular
2416478,1,BTEE101-18,B+,Regular
2416478,1,BTEE102-18,A+,Regular
2416478,1,BTME101-21,A,Regular
2416478,1,BTPH101-23,F(Ext),Regular
2416478,1,BTPH102-23,A+,Regular
2416478,2,BMPD201-18,S,Regular
2416478,2,BTAM201-23,B,Regular
2416478,2,BTCH101-23,B+,Regular
2416478,2,BTCH102-18,A+,Regular
2416478,2,BTHU101-18,A+,Regular
2416478,2,BTHU102-18,A,Regular
2416478,2,BTMP101-18,A+,Regular
2416478,2,BTPS101-18,B+,Regular
2416478,2,BTPS102-18,A,Regular
2416478,3,BTAM-302-23,B,Regular
2416478,3,BTCS301-18,A,Regular
2416478,3,BTCS302-18,B+,Regular
2416478,3,BTCS303-18,A+,Regular
2416478,3,BTCS304-18,A+,Regular
2416478,3,BTCS305-18,A+,Regular
2416478,3,BTES301-18,B,Regular
2416478,3,BTES302-18,A,Regular
2416478,3,HSMC10 1/102-18,B+,Regular
2416478,3,SIT,S,Regular
2416478,4,BTCS-401-18,B,Regular
2416478,4,BTCS-402-18,B+,Regular
2416478,4,BTCS-403-18,A,Regular
2416478,4,BTCS-404-18,A+,Regular
2416478,4,BTCS-405-18,O,Regular
2416478,4,BTES-401-18,A,Regular
2416478,4,BTES-402-18,A,Regular
2416478,4,EVS 101-18,O,Regular
2416478,4,HSMC-122-18,B+,Regular
2416479,1,BMPD-101-18,S,Regular
2416479,1,BTAM101-23,B+,Regular
2416479,1,BTEE101-18,B+,Regular
2416479,1,BTEE102-18,O,Regular
2416479,1,BTME101-21,A,Regular
2416479,1,BTPH101-23,B,Regular
2416479,1,BTPH102-23,O,Regular
2416479,2,BMPD201-18,S,Regular
2416479,2,BTAM201-23,B+,Regular
2416479,2,BTCH101-23,B+,Regular
2416479,2,BTCH102-18,A+,Regular
2416479,2,BTHU101-18,B+,Regular
2416479,2,BTHU102-18,A+,Regular
2416479,2,BTMP101-18,A,Regular
2416479,2,BTPS101-18,A,Regular
2416479,2,BTPS102-18,A+,Regular
2416479,3,BTAM-302-23,A,Regular
2416479,3,BTCS301-18,A,Regular
2416479,3,BTCS302-18,A,Regular
2416479,3,BTCS303-18,A+,Regular
2416479,3,BTCS304-18,A+,Regular
2416479,3,BTCS305-18,B+,Regular
2416479,3,BTES301-18,B+,Regular
2416479,3,BTES302-18,A+,Regular
2416479,3,HSMC10 1/102-18,A,Regular
2416479,3,SIT,S,Regular
2416479,4,BTCS-401-18,A,Regular
2416479,4,BTCS-402-18,A,Regular
2416479,4,BTCS-403-18,A+,Regular
2416479,4,BTCS-404-18,O,Regular
2416479,4,BTCS-405-18,O,Regular
2416479,4,BTES-401-18,A,Regular
2416479,4,BTES-402-18,A+,Regular
2416479,4,EVS 101-18,A+,Regular
2416479,4,HSMC-122-18,B+,Regular
2416480,1,BMPD-101-18,S,Regular
2416480,1,BTAM101-23,F(Ext),Regular
2416480,1,BTEE101-18,B+,Regular
2416480,1,BTEE102-18,A+,Regular
2416480,1,BTME101-21,B+,Regular
2416480,1,BTPH101-23,F(Ext),Regular
2416480,1,BTPH102-23,A,Regular
2416480,3,BTAM-302-23,F(Ext),Regular
2416480,3,BTCS301-18,F(Ext),Regular
2416480,3,BTCS302-18,F(Ext),Regular
2416480,3,BTCS303-18,B,Regular
2416480,3,BTCS304-18,B,Regular
2416480,3,BTCS305-18,B,Regular
2416480,3,BTES301-18,F(Ext),Regular
2416480,3,BTES302-18,B,Regular
2416480,3,HSMC10 1/102-18,C,Regular
2416480,3,SIT,S,Regular
2416480,4,BTCS-401-18,C,Regular
2416480,4,BTCS-402-18,B+,Regular
2416480,4,BTCS-403-18,B+,Regular
2416480,4,BTCS-404-18,A+,Regular
2416480,4,BTCS-405-18,O,Regular
2416480,4,BTES-401-18,A,Regular
2416480,4,BTES-402-18,A,Regular
2416480,4,EVS 101-18,B+,Regular
2416480,4,HSMC-122-18,B+,Regular
2416481,1,BMPD-101-18,S,Regular
2416481,1,BTAM101-23,B,Regular
2416481,1,BTEE101-18,B,Regular
2416481,1,BTEE102-18,A+,Regular
2416481,1,BTME101-21,B+,Regular
2416481,1,BTPH101-23,C,Regular
2416481,1,BTPH102-23,A+,Regular
2416481,2,BMPD201-18,S,Regular
2416481,2,BTAM201-23,B+,Regular
2416481,2,BTCH101-23,B+,Regular
2416481,2,BTCH102-18,A,Regular
2416481,2,BTHU101-18,A+,Regular
2416481,2,BTHU102-18,O,Regular
2416481,2,BTMP101-18,A+,Regular
2416481,2,BTPS101-18,B+,Regular
2416481,2,BTPS102-18,A+,Regular
2416481,3,BTAM-302-23,B,Regular
2416481,3,BTCS301-18,A,Regular
2416481,3,BTCS302-18,B+,Regular
2416481,3,BTCS303-18,A+,Regular
2416481,3,BTCS304-18,A,Regular
2416481,3,BTCS305-18,B+,Regular
2416481,3,BTES301-18,B+,Regular
2416481,3,BTES302-18,B+,Regular
2416481,3,HSMC10 1/102-18,A+,Regular
2416481,3,SIT,S,Regular
2416481,4,BTCS-401-18,B,Regular
2416481,4,BTCS-402-18,A+,Regular
2416481,4,BTCS-403-18,A+,Regular
2416481,4,BTCS-404-18,A+,Regular
2416481,4,BTCS-405-18,O,Regular
2416481,4,BTES-401-18,A+,Regular
2416481,4,BTES-402-18,A+,Regular
2416481,4,EVS 101-18,O,Regular
2416481,4,HSMC-122-18,A+,Regular
2416482,1,BMPD-101-18,S,Reappear
2416482,1,BTAM101-23,B,Reappear
2416482,1,BTEE101-18,C,Reappear
2416482,1,BTEE102-18,A+,Reappear
2416482,1,BTME101-21,B+,Reappear
2416482,1,BTPH101-23,B,Reappear
2416482,1,BTPH102-23,A+,Reappear
2416482,2,BMPD201-18,S,Regular
2416482,2,BTAM201-23,B+,Regular
2416482,2,BTCH101-23,A,Regular
2416482,2,BTCH102-18,A,Regular
2416482,2,BTHU101-18,A,Regular
2416482,2,BTHU102-18,O,Regular
2416482,2,BTMP101-18,A+,Regular
2416482,2,BTPS101-18,A,Regular
2416482,2,BTPS102-18,A+,Regular
2416482,3,BTAM-302-23,B+,Regular
2416482,3,BTCS301-18,B+,Regular
2416482,3,BTCS302-18,A,Regular
2416482,3,BTCS303-18,O,Regular
2416482,3,BTCS304-18,A,Regular
2416482,3,BTCS305-18,B+,Regular
2416482,3,BTES301-18,B,Regular
2416482,3,BTES302-18,A,Regular
2416482,3,HSMC10 1/102-18,A,Regular
2416482,3,SIT,S,Regular
2416482,4,BTCS-401-18,B+,Regular
2416482,4,BTCS-402-18,A+,Regular
2416482,4,BTCS-403-18,A+,Regular
2416482,4,BTCS-404-18,A+,Regular
2416482,4,BTCS-405-18,O,Regular
2416482,4,BTES-401-18,A+,Regular
2416482,4,BTES-402-18,O,Regular
2416482,4,EVS 101-18,O,Regular
2416482,4,HSMC-122-18,A,Regular
2416483,1,BMPD-101-18,S,Regular
2416483,1,BTAM101-23,B+,Regular
2416483,1,BTEE101-18,B+,Regular
2416483,1,BTEE102-18,A+,Regular
2416483,1,BTME101-21,A,Regular
2416483,1,BTPH101-23,B+,Regular
2416483,1,BTPH102-23,A+,Regular
2416483,2,BMPD201-18,S,Regular
2416483,2,BTAM201-23,B,Regular
2416483,2,BTCH101-23,A,Regular
2416483,2,BTCH102-18,A+,Regular
2416483,2,BTHU101-18,A+,Regular
2416483,2,BTHU102-18,A+,Regular
2416483,2,BTMP101-18,O,Regular
2416483,2,BTPS101-18,A,Regular
2416483,2,BTPS102-18,A+,Regular
2416483,3,BTAM-302-23,A,Regular
2416483,3,BTCS301-18,A,Regular
2416483,3,BTCS302-18,A+,Regular
2416483,3,BTCS303-18,A+,Regular
2416483,3,BTCS304-18,A+,Regular
2416483,3,BTCS305-18,A,Regular
2416483,3,BTES301-18,B+,Regular
2416483,3,BTES302-18,A+,Regular
2416483,3,HSMC10 1/102-18,A+,Regular
2416483,3,SIT,S,Regular
2416483,4,BTCS-401-18,B+,Regular
2416483,4,BTCS-402-18,A+,Regular
2416483,4,BTCS-403-18,A+,Regular
2416483,4,BTCS-404-18,O,Regular
2416483,4,BTCS-405-18,O,Regular
2416483,4,BTES-401-18,A+,Regular
2416483,4,BTES-402-18,O,Regular
2416483,4,EVS 101-18,O,Regular
2416483,4,HSMC-122-18,A+,Regular
2416484,1,BMPD-101-18,S,Regular
2416484,1,BTAM101-23,B,Regular
2416484,1,BTEE101-18,B+,Regular
2416484,1,BTEE102-18,O,Regular
2416484,1,BTME101-21,A,Regular
2416484,1,BTPH101-23,B,Regular
2416484,1,BTPH102-23,A+,Regular
2416484,2,BMPD201-18,S,Regular
2416484,2,BTAM201-23,B+,Regular
2416484,2,BTCH101-23,A,Regular
2416484,2,BTCH102-18,O,Regular
2416484,2,BTHU101-18,A+,Regular
2416484,2,BTHU102-18,O,Regular
2416484,2,BTMP101-18,A+,Regular
2416484,2,BTPS101-18,B+,Regular
2416484,2,BTPS102-18,O,Regular
2416484,3,BTAM-302-23,A,Regular
2416484,3,BTCS301-18,A,Regular
2416484,3,BTCS302-18,B+,Regular
2416484,3,BTCS303-18,O,Regular
2416484,3,BTCS304-18,A+,Regular
2416484,3,BTCS305-18,A,Regular
2416484,3,BTES301-18,B+,Regular
2416484,3,BTES302-18,A+,Regular
2416484,3,HSMC10 1/102-18,A,Regular
2416484,3,SIT,S,Regular
2416485,1,BMPD-101-18,S,Reappear
2416485,1,BTAM101-23,B,Reappear
2416485,1,BTEE101-18,B,Reappear
2416485,1,BTEE102-18,O,Reappear
2416485,1,BTME101-21,A+,Reappear
2416485,1,BTPH101-23,B,Reappear
2416485,1,BTPH102-23,A,Reappear
2416485,2,BMPD201-18,S,Regular
2416485,2,BTAM201-23,B+,Regular
2416485,2,BTCH101-23,B+,Regular
2416485,2,BTCH102-18,A+,Regular
2416485,2,BTHU101-18,A,Regular
2416485,2,BTHU102-18,O,Regular
2416485,2,BTMP101-18,A+,Regular
2416485,2,BTPS101-18,B+,Regular
2416485,2,BTPS102-18,A+,Regular
2416485,3,BTAM-302-23,B,Regular
2416485,3,BTCS301-18,A,Regular
2416485,3,BTCS302-18,A,Regular
2416485,3,BTCS303-18,A+,Regular
2416485,3,BTCS304-18,A,Regular
2416485,3,BTCS305-18,B+,Regular
2416485,3,BTES301-18,B,Regular
2416485,3,BTES302-18,A,Regular
2416485,3,HSMC10 1/102-18,A,Regular
2416485,3,SIT,S,Regular
2416486,2,BMPD201-18,S,Regular
2416486,2,BTAM201-23,B+,Regular
2416486,2,BTCH101-23,A,Regular
2416486,2,BTCH102-18,A+,Regular
2416486,2,BTHU101-18,A,Regular
2416486,2,BTHU102-18,A+,Regular
2416486,2,BTMP101-18,A+,Regular
2416486,2,BTPS101-18,A,Regular
2416486,2,BTPS102-18,A+,Regular
2416486,3,BTAM-302-23,B+,Regular
2416486,3,BTCS301-18,A,Regular
2416486,3,BTCS302-18,A,Regular
2416486,3,BTCS303-18,B+,Regular
2416486,3,BTCS304-18,A+,Regular
2416486,3,BTCS305-18,B,Regular
2416486,3,BTES301-18,B+,Regular
2416486,3,BTES302-18,A,Regular
2416486,3,HSMC10 1/102-18,A,Regular
2416486,3,SIT,S,Regular
2416486,4,BTCS-401-18,A,Regular
2416486,4,BTCS-402-18,A+,Regular
2416486,4,BTCS-403-18,A+,Regular
2416486,4,BTCS-404-18,A+,Regular
2416486,4,BTCS-405-18,A+,Regular
2416486,4,BTES-401-18,A+,Regular
2416486,4,BTES-402-18,A+,Regular
2416486,4,EVS 101-18,A+,Regular
2416486,4,HSMC-122-18,A,Regular
2416487,1,BMPD-101-18,S,Regular
2416487,1,BTAM101-23,B+,Regular
2416487,1,BTEE101-18,B+,Regular
2416487,1,BTEE102-18,O,Regular
2416487,1,BTME101-21,A+,Regular
2416487,1,BTPH101-23,B,Regular
2416487,1,BTPH102-23,O,Regular
2416487,2,BMPD201-18,S,Regular
2416487,2,BTAM201-23,B+,Regular
2416487,2,BTCH101-23,B,Regular
2416487,2,BTCH102-18,A+,Regular
2416487,2,BTHU101-18,A,Regular
2416487,2,BTHU102-18,O,Regular
2416487,2,BTMP101-18,O,Regular
2416487,2,BTPS101-18,B+,Regular
2416487,2,BTPS102-18,A+,Regular
2416487,3,BTAM-302-23,B,Regular
2416487,3,BTCS301-18,A,Regular
2416487,3,BTCS302-18,F(Ext),Regular
2416487,3,BTCS303-18,O,Regular
2416487,3,BTCS304-18,A+,Regular
2416487,3,BTCS305-18,A+,Regular
2416487,3,BTES301-18,B+,Regular
2416487,3,BTES302-18,A+,Regular
2416487,3,HSMC10 1/102-18,A,Regular
2416487,3,SIT,S,Regular
2416487,4,BTCS-401-18,B+,Regular
2416487,4,BTCS-402-18,B+,Regular
2416487,4,BTCS-403-18,A+,Regular
2416487,4,BTCS-404-18,A+,Regular
2416487,4,BTCS-405-18,O,Regular
2416487,4,BTES-401-18,A,Regular
2416487,4,BTES-402-18,A+,Regular
2416487,4,EVS 101-18,O,Regular
2416487,4,HSMC-122-18,A,Regular
2416488,1,BMPD-101-18,S,Reappear
2416488,1,BTAM101-23,P,Reappear
2416488,1,BTEE101-18,B,Reappear
2416488,1,BTEE102-18,A+,Reappear
2416488,1,BTME101-21,A,Reappear
2416488,1,BTPH101-23,C,Reappear
2416488,1,BTPH102-23,A+,Reappear
2416488,2,BMPD201-18,S,Regular
2416488,2,BTAM201-23,F(Ext),Regular
2416488,2,BTCH101-23,F(Ext),Regular
2416488,2,BTCH102-18,B+,Regular
2416488,2,BTHU101-18,B+,Regular
2416488,2,BTHU102-18,A+,Regular
2416488,2,BTMP101-18,B+,Regular
2416488,2,BTPS101-18,F(Ext),Regular
2416488,2,BTPS102-18,A,Regular
2416488,3,BTAM-302-23,C,Regular
2416488,3,BTCS301-18,B,Regular
2416488,3,BTCS302-18,F(Ext),Regular
2416488,3,BTCS303-18,A,Regular
2416488,3,BTCS304-18,A+,Regular
2416488,3,BTCS305-18,A,Regular
2416488,3,BTES301-18,F(Ext),Regular
2416488,3,BTES302-18,A,Regular
2416488,3,HSMC10 1/102-18,A,Regular
2416488,3,SIT,S,Regular
2416488,4,BTCS-401-18,F(Ext),Regular
2416488,4,BTCS-402-18,B+,Regular
2416488,4,BTCS-403-18,B+,Regular
2416488,4,BTCS-404-18,A+,Regular
2416488,4,BTCS-405-18,A+,Regular
2416488,4,BTES-401-18,B+,Regular
2416488,4,BTES-402-18,A+,Regular
2416488,4,EVS 101-18,A+,Regular
2416488,4,HSMC-122-18,A,Regular
2416489,1,BMPD-101-18,S,Regular
2416489,1,BTAM101-23,A,Regular
2416489,1,BTEE101-18,B+,Regular
2416489,1,BTEE102-18,A+,Regular
2416489,1,BTME101-21,A,Regular
2416489,1,BTPH101-23,B,Regular
2416489,1,BTPH102-23,O,Regular
2416489,2,BMPD201-18,S,Regular
2416489,2,BTAM201-23,B,Regular
2416489,2,BTCH101-23,A,Regular
2416489,2,BTCH102-18,A+,Regular
2416489,2,BTHU101-18,A+,Regular
2416489,2,BTHU102-18,A+,Regular
2416489,2,BTMP101-18,A+,Regular
2416489,2,BTPS101-18,A,Regular
2416489,2,BTPS102-18,A+,Regular
2416489,3,BTAM-302-23,A,Regular
2416489,3,BTCS301-18,A,Regular
2416489,3,BTCS302-18,B,Regular
2416489,3,BTCS303-18,A+,Regular
2416489,3,BTCS304-18,A,Regular
2416489,3,BTCS305-18,B,Regular
2416489,3,BTES301-18,B,Regular
2416489,3,BTES302-18,A,Regular
2416489,3,HSMC10 1/102-18,A+,Regular
2416489,3,SIT,S,Regular
2416489,4,BTCS-401-18,B+,Regular
2416489,4,BTCS-402-18,B,Regular
2416489,4,BTCS-403-18,A,Regular
2416489,4,BTCS-404-18,P,Regular
2416489,4,BTCS-405-18,O,Regular
2416489,4,BTES-401-18,B+,Regular
2416489,4,BTES-402-18,P,Regular
2416489,4,EVS 101-18,B,Regular
2416489,4,HSMC-122-18,B+,Regular
2416490,1,BMPD-101-18,S,Regular
2416490,1,BTAM101-23,B+,Regular
2416490,1,BTEE101-18,B,Regular
2416490,1,BTEE102-18,O,Regular
2416490,1,BTME101-21,A,Regular
2416490,1,BTPH101-23,B,Regular
2416490,1,BTPH102-23,O,Regular
2416490,2,BMPD201-18,S,Regular
2416490,2,BTAM201-23,B,Regular
2416490,2,BTCH101-23,B+,Regular
2416490,2,BTCH102-18,A+,Regular
2416490,2,BTHU101-18,A,Regular
2416490,2,BTHU102-18,A+,Regular
2416490,2,BTMP101-18,A+,Regular
2416490,2,BTPS101-18,B+,Regular
2416490,2,BTPS102-18,A+,Regular
2416490,3,BTAM-302-23,B+,Regular
2416490,3,BTCS301-18,B+,Regular
2416490,3,BTCS302-18,C,Regular
2416490,3,BTCS303-18,A+,Regular
2416490,3,BTCS304-18,A,Regular
2416490,3,BTCS305-18,B+,Regular
2416490,3,BTES301-18,F(Ext),Regular
2416490,3,BTES302-18,B,Regular
2416490,3,HSMC10 1/102-18,B,Regular
2416490,3,SIT,S,Regular
2416490,4,BTCS-401-18,B+,Regular
2416490,4,BTCS-402-18,B+,Regular
2416490,4,BTCS-403-18,B+,Regular
2416490,4,BTCS-404-18,A+,Regular
2416490,4,BTCS-405-18,A+,Regular
2416490,4,BTES-401-18,B,Regular
2416490,4,BTES-402-18,A+,Regular
2416490,4,EVS 101-18,A,Regular
2416490,4,HSMC-122-18,B,Regular
2416491,1,BMPD-101-18,S,Regular
2416491,1,BTAM101-23,A,Regular
2416491,1,BTEE101-18,A,Regular
2416491,1,BTEE102-18,O,Regular
2416491,1,BTME101-21,A,Regular
2416491,1,BTPH101-23,B+,Regular
2416491,1,BTPH102-23,A+,Regular
2416491,2,BMPD201-18,S,Regular
2416491,2,BTAM201-23,A,Regular
2416491,2,BTCH101-23,A+,Regular
2416491,2,BTCH102-18,A+,Regular
2416491,2,BTHU101-18,A,Regular
2416491,2,BTHU102-18,A+,Regular
2416491,2,BTMP101-18,A+,Regular
2416491,2,BTPS101-18,B+,Regular
2416491,2,BTPS102-18,A+,Regular
2416491,3,BTAM-302-23,A,Regular
2416491,3,BTCS301-18,A+,Regular
2416491,3,BTCS302-18,O,Regular
2416491,3,BTCS303-18,A+,Regular
2416491,3,BTCS304-18,A,Regular
2416491,3,BTCS305-18,A,Regular
2416491,3,BTES301-18,B+,Regular
2416491,3,BTES302-18,A+,Regular
2416491,3,HSMC10 1/102-18,A+,Regular
2416491,3,SIT,S,Regular
2416491,4,BTCS-401-18,A,Regular
2416491,4,BTCS-402-18,B+,Regular
2416491,4,BTCS-403-18,A+,Regular
2416491,4,BTCS-404-18,O,Regular
2416491,4,BTCS-405-18,O,Regular
2416491,4,BTES-401-18,A,Regular
2416491,4,BTES-402-18,O,Regular
2416491,4,EVS 101-18,O,Regular
2416491,4,HSMC-122-18,A,Regular
2416492,1,BMPD-101-18,S,Regular
2416492,1,BTAM101-23,C,Regular
2416492,1,BTEE101-18,B+,Regular
2416492,1,BTEE102-18,A+,Regular
2416492,1,BTME101-21,A,Regular
2416492,1,BTPH101-23,F(Ext),Regular
2416492,1,BTPH102-23,A+,Regular
2416492,2,BMPD201-18,S,Reappear
2416492,2,BTAM201-23,Ab(Ext),Reappear
2416492,2,BTCH101-23,Ab(Ext),Reappear
2416492,2,BTCH102-18,A+,Reappear
2416492,2,BTHU101-18,B,Reappear
2416492,2,BTHU102-18,A+,Reappear
2416492,2,BTMP101-18,B+,Reappear
2416492,2,BTPS101-18,Ab(Ext),Reappear
2416492,2,BTPS102-18,A+,Reappear
2416492,3,BTAM-302-23,B+,Regular
2416492,3,BTCS301-18,B,Regular
2416492,3,BTCS302-18,F(Ext),Regular
2416492,3,BTCS303-18,C,Regular
2416492,3,BTCS304-18,C,Regular
2416492,3,BTCS305-18,F(Ext/Int),Regular
2416492,3,BTES301-18,P,Regular
2416492,3,BTES302-18,B+,Regular
2416492,3,HSMC10 1/102-18,C,Regular
2416492,3,SIT,S,Regular
2416492,4,BTCS-401-18,F(Ext),Regular
2416492,4,BTCS-402-18,P,Regular
2416492,4,BTCS-403-18,B,Regular
2416492,4,BTCS-404-18,P,Regular
2416492,4,BTCS-405-18,A+,Regular
2416492,4,BTES-401-18,C,Regular
2416492,4,BTES-402-18,P,Regular
2416492,4,EVS 101-18,A+,Regular
2416492,4,HSMC-122-18,B+,Regular
2416493,1,BMPD-101-18,S,Regular
2416493,1,BTAM101-23,P,Regular
2416493,1,BTEE101-18,B+,Regular
2416493,1,BTEE102-18,O,Regular
2416493,1,BTME101-21,A,Regular
2416493,1,BTPH101-23,B,Regular
2416493,1,BTPH102-23,O,Regular
2416493,2,BMPD201-18,S,Regular
2416493,2,BTAM201-23,P,Regular
2416493,2,BTCH101-23,B,Regular
2416493,2,BTCH102-18,A+,Regular
2416493,2,BTHU101-18,B+,Regular
2416493,2,BTHU102-18,A+,Regular
2416493,2,BTMP101-18,A+,Regular
2416493,2,BTPS101-18,F(Ext),Regular
2416493,2,BTPS102-18,A+,Regular
2416493,3,BTAM-302-23,B+,Regular
2416493,3,BTCS301-18,B,Regular
2416493,3,BTCS302-18,F(Ext),Regular
2416493,3,BTCS303-18,A+,Regular
2416493,3,BTCS304-18,A+,Regular
2416493,3,BTCS305-18,A,Regular
2416493,3,BTES301-18,F(Ext),Regular
2416493,3,BTES302-18,C,Regular
2416493,3,HSMC10 1/102-18,B+,Regular
2416493,3,SIT,S,Regular
2416493,4,BTCS-401-18,B+,Regular
2416493,4,BTCS-402-18,B,Regular
2416493,4,BTCS-403-18,B+,Regular
2416493,4,BTCS-404-18,A+,Regular
2416493,4,BTCS-405-18,A+,Regular
2416493,4,BTES-401-18,B+,Regular
2416493,4,BTES-402-18,A+,Regular
2416493,4,EVS 101-18,A+,Regular
2416493,4,HSMC-122-18,B,Regular
2416494,1,BMPD-101-18,S,Regular
2416494,1,BTAM101-23,B,Regular
2416494,1,BTEE101-18,B+,Regular
2416494,1,BTEE102-18,A+,Regular
2416494,1,BTME101-21,A,Regular
2416494,1,BTPH101-23,B,Regular
2416494,1,BTPH102-23,A+,Regular
2416494,2,BMPD201-18,S,Regular
2416494,2,BTAM201-23,A,Regular
2416494,2,BTCH101-23,B+,Regular
2416494,2,BTCH102-18,A+,Regular
2416494,2,BTHU101-18,A,Regular
2416494,2,BTHU102-18,A+,Regular
2416494,2,BTMP101-18,A,Regular
2416494,2,BTPS101-18,B+,Regular
2416494,2,BTPS102-18,A+,Regular
2416494,3,BTAM-302-23,B+,Regular
2416494,3,BTCS301-18,A,Regular
2416494,3,BTCS302-18,A,Regular
2416494,3,BTCS303-18,A,Regular
2416494,3,BTCS304-18,A+,Regular
2416494,3,BTCS305-18,B+,Regular
2416494,3,BTES301-18,B,Regular
2416494,3,BTES302-18,P,Regular
2416494,3,HSMC10 1/102-18,B+,Regular
2416494,3,SIT,S,Regular
2416494,4,BTCS-401-18,B+,Regular
2416494,4,BTCS-402-18,A,Regular
2416494,4,BTCS-403-18,A+,Regular
2416494,4,BTCS-404-18,O,Regular
2416494,4,BTCS-405-18,O,Regular
2416494,4,BTES-401-18,A,Regular
2416494,4,BTES-402-18,A+,Regular
2416494,4,EVS 101-18,O,Regular
2416494,4,HSMC-122-18,B+,Regular
2416495,1,BMPD-101-18,S,Regular
2416495,1,BTAM101-23,A,Regular
2416495,1,BTEE101-18,B+,Regular
2416495,1,BTEE102-18,O,Regular
2416495,1,BTME101-21,A+,Regular
2416495,1,BTPH101-23,B,Regular
2416495,1,BTPH102-23,O,Regular
2416495,2,BMPD201-18,S,Regular
2416495,2,BTAM201-23,A,Regular
2416495,2,BTCH101-23,B+,Regular
2416495,2,BTCH102-18,A+,Regular
2416495,2,BTHU101-18,A,Regular
2416495,2,BTHU102-18,O,Regular
2416495,2,BTMP101-18,A+,Regular
2416495,2,BTPS101-18,A,Regular
2416495,2,BTPS102-18,O,Regular
2416495,3,BTAM-302-23,F(Ext),Regular
2416495,3,BTCS301-18,B,Regular
2416495,3,BTCS302-18,A,Regular
2416495,3,BTCS303-18,A+,Regular
2416495,3,BTCS304-18,A+,Regular
2416495,3,BTCS305-18,A+,Regular
2416495,3,BTES301-18,F(Ext),Regular
2416495,3,BTES302-18,A,Regular
2416495,3,HSMC10 1/102-18,B+,Regular
2416495,3,SIT,S,Regular
2416495,4,BTCS-401-18,B,Regular
2416495,4,BTCS-402-18,B+,Regular
2416495,4,BTCS-403-18,A+,Regular
2416495,4,BTCS-404-18,O,Regular
2416495,4,BTCS-405-18,O,Regular
2416495,4,BTES-401-18,B+,Regular
2416495,4,BTES-402-18,A+,Regular
2416495,4,EVS 101-18,A+,Regular
2416495,4,HSMC-122-18,B+,Regular
2416496,1,BMPD-101-18,S,Regular
2416496,1,BTAM101-23,Ab(Ext),Regular
2416496,1,BTEE101-18,F(Int)/Ab (Ext),Regular
2416496,1,BTEE102-18,Ab(Ext),Regular
2416496,1,BTME101-21,Ab(Ext),Regular
2416496,1,BTPH101-23,F(Int)/Ab (Ext),Regular
2416496,1,BTPH102-23,Ab(Ext),Regular
2416497,1,BMPD-101-18,S,Regular
2416497,1,BTAM101-23,F(Int)/Ab (Ext),Regular
2416497,1,BTEE101-18,F(Ext),Regular
2416497,1,BTEE102-18,A,Regular
2416497,1,BTME101-21,B,Regular
2416497,1,BTPH101-23,Ab(Ext),Regular
2416497,1,BTPH102-23,B+,Regular
2416497,2,BMPD201-18,S,Regular
2416497,2,BTAM201-23,F(Ext),Regular
2416497,2,BTCH101-23,F(Ext),Regular
2416497,2,BTCH102-18,A+,Regular
2416497,2,BTHU101-18,A,Regular
2416497,2,BTHU102-18,A+,Regular
2416497,2,BTMP101-18,B,Regular
2416497,2,BTPS101-18,B,Regular
2416497,2,BTPS102-18,B+,Regular
2416497,3,BTAM-302-23,F(Ext/Int),Regular
2416497,3,BTCS301-18,F(Ext),Regular
2416497,3,BTCS302-18,F(Ext),Regular
2416497,3,BTCS303-18,B+,Regular
2416497,3,BTCS304-18,B+,Regular
2416497,3,BTCS305-18,B,Regular
2416497,3,BTES301-18,F(Int),Regular
2416497,3,BTES302-18,P,Regular
2416497,3,HSMC10 1/102-18,P,Regular
2416497,3,SIT,UN(Int),Regular
2416497,4,BTCS-401-18,F(Int)/Ab (Ext),Regular
2416497,4,BTCS-402-18,F(Int)/Ab (Ext),Regular
2416497,4,BTCS-403-18,F(Int)/Ab (Ext),Regular
2416497,4,BTCS-404-18,F(Int)/Ab (Ext),Regular
2416497,4,BTCS-405-18,F(Int)/Ab (Ext),Regular
2416497,4,BTES-401-18,F(Int)/Ab (Ext),Regular
2416497,4,BTES-402-18,F(Int)/Ab (Ext),Regular
2416497,4,EVS 101-18,F(Int),Regular
2416497,4,HSMC-122-18,F(Int)/Ab (Ext),Regular
2416498,1,BMPD-101-18,S,Regular
2416498,1,BTAM101-23,A,Regular
2416498,1,BTEE101-18,B+,Regular
2416498,1,BTEE102-18,O,Regular
2416498,1,BTME101-21,A,Regular
2416498,1,BTPH101-23,A+,Regular
2416498,1,BTPH102-23,A+,Regular
2416498,2,BMPD201-18,S,Regular
2416498,2,BTAM201-23,A,Regular
2416498,2,BTCH101-23,A,Regular
2416498,2,BTCH102-18,A+,Regular
2416498,2,BTHU101-18,A,Regular
2416498,2,BTHU102-18,O,Regular
2416498,2,BTMP101-18,A+,Regular
2416498,2,BTPS101-18,A,Regular
2416498,2,BTPS102-18,O,Regular
2416498,3,BTAM-302-23,B+,Regular
2416498,3,BTCS301-18,A,Regular
2416498,3,BTCS302-18,A,Regular
2416498,3,BTCS303-18,A+,Regular
2416498,3,BTCS304-18,A+,Regular
2416498,3,BTCS305-18,A+,Regular
2416498,3,BTES301-18,B+,Regular
2416498,3,BTES302-18,A+,Regular
2416498,3,HSMC10 1/102-18,A,Regular
2416498,3,SIT,S,Regular
2416498,4,BTCS-401-18,A,Regular
2416498,4,BTCS-402-18,A+,Regular
2416498,4,BTCS-403-18,A+,Regular
2416498,4,BTCS-404-18,O,Regular
2416498,4,BTCS-405-18,O,Regular
2416498,4,BTES-401-18,A+,Regular
2416498,4,BTES-402-18,O,Regular
2416498,4,EVS 101-18,O,Regular
2416498,4,HSMC-122-18,B+,Regular
2416499,1,BMPD-101-18,S,Reappear
2416499,1,BTAM101-23,B,Reappear
2416499,1,BTEE101-18,B+,Reappear
2416499,1,BTEE102-18,A+,Reappear
2416499,1,BTME101-21,B+,Reappear
2416499,1,BTPH101-23,F(Ext),Reappear
2416499,1,BTPH102-23,A+,Reappear
2416499,2,BMPD201-18,S,Regular
2416499,2,BTAM201-23,F(Ext),Regular
2416499,2,BTCH101-23,C,Regular
2416499,2,BTCH102-18,A+,Regular
2416499,2,BTHU101-18,B+,Regular
2416499,2,BTHU102-18,A+,Regular
2416499,2,BTMP101-18,A+,Regular
2416499,2,BTPS101-18,B+,Regular
2416499,2,BTPS102-18,A,Regular
2416499,3,BTAM-302-23,C,Regular
2416499,3,BTCS301-18,F(Ext),Regular
2416499,3,BTCS302-18,C,Regular
2416499,3,BTCS303-18,A+,Regular
2416499,3,BTCS304-18,A+,Regular
2416499,3,BTCS305-18,A,Regular
2416499,3,BTES301-18,P,Regular
2416499,3,BTES302-18,A,Regular
2416499,3,HSMC10 1/102-18,B,Regular
2416499,3,SIT,S,Regular
2416499,4,BTCS-401-18,B+,Regular
2416499,4,BTCS-402-18,B+,Regular
2416499,4,BTCS-403-18,A,Regular
2416499,4,BTCS-404-18,O,Regular
2416499,4,BTCS-405-18,O,Regular
2416499,4,BTES-401-18,B+,Regular
2416499,4,BTES-402-18,A+,Regular
2416499,4,EVS 101-18,A+,Regular
2416499,4,HSMC-122-18,B+,Regular
2416500,1,BMPD-101-18,S,Regular
2416500,1,BTAM101-23,B,Regular
2416500,1,BTEE101-18,B+,Regular
2416500,1,BTEE102-18,O,Regular
2416500,1,BTME101-21,B+,Regular
2416500,1,BTPH101-23,B+,Regular
2416500,1,BTPH102-23,O,Regular
2416500,2,BMPD201-18,S,Regular
2416500,2,BTAM201-23,F(Ext),Regular
2416500,2,BTCH101-23,B+,Regular
2416500,2,BTCH102-18,A+,Regular
2416500,2,BTHU101-18,A,Regular
2416500,2,BTHU102-18,A+,Regular
2416500,2,BTMP101-18,B+,Regular
2416500,2,BTPS101-18,B+,Regular
2416500,2,BTPS102-18,A+,Regular
2416501,1,BMPD-101-18,S,Regular
2416501,1,BTAM101-23,B+,Regular
2416501,1,BTEE101-18,B+,Regular
2416501,1,BTEE102-18,O,Regular
2416501,1,BTME101-21,A,Regular
2416501,1,BTPH101-23,B+,Regular
2416501,1,BTPH102-23,O,Regular
2416502,1,BMPD-101-18,S,Regular
2416502,1,BTAM101-23,C,Regular
2416502,1,BTEE101-18,B+,Regular
2416502,1,BTEE102-18,A+,Regular
2416502,1,BTME101-21,A,Regular
2416502,1,BTPH101-23,B+,Regular
2416502,1,BTPH102-23,O,Regular
2416502,2,BMPD201-18,S,Regular
2416502,2,BTAM201-23,C,Regular
2416502,2,BTCH101-23,B+,Regular
2416502,2,BTCH102-18,A+,Regular
2416502,2,BTHU101-18,A,Regular
2416502,2,BTHU102-18,B+,Regular
2416502,2,BTMP101-18,A+,Regular
2416502,2,BTPS101-18,A+,Regular
2416502,2,BTPS102-18,A+,Regular
2416502,3,BTAM-302-23,B,Regular
2416502,3,BTCS301-18,B+,Regular
2416502,3,BTCS302-18,B+,Regular
2416502,3,BTCS303-18,A,Regular
2416502,3,BTCS304-18,A+,Regular
2416502,3,BTCS305-18,A+,Regular
2416502,3,BTES301-18,B+,Regular
2416502,3,BTES302-18,A+,Regular
2416502,3,HSMC10 1/102-18,A,Regular
2416502,3,SIT,S,Regular
2416502,4,BTCS-401-18,B,Regular
2416502,4,BTCS-402-18,A,Regular
2416502,4,BTCS-403-18,A+,Regular
2416502,4,BTCS-404-18,A+,Regular
2416502,4,BTCS-405-18,A+,Regular
2416502,4,BTES-401-18,A+,Regular
2416502,4,BTES-402-18,A+,Regular
2416502,4,EVS 101-18,O,Regular
2416502,4,HSMC-122-18,A,Regular
2416503,1,BMPD-101-18,S,Regular
2416503,1,BTAM101-23,B,Regular
2416503,1,BTEE101-18,B+,Regular
2416503,1,BTEE102-18,O,Regular
2416503,1,BTME101-21,A,Regular
2416503,1,BTPH101-23,B,Regular
2416503,1,BTPH102-23,O,Regular
2416503,2,BMPD201-18,S,Reappear
2416503,2,BTAM201-23,P,Reappear
2416503,2,BTCH101-23,B+,Reappear
2416503,2,BTCH102-18,A+,Reappear
2416503,2,BTHU101-18,A,Reappear
2416503,2,BTHU102-18,A+,Reappear
2416503,2,BTMP101-18,A+,Reappear
2416503,2,BTPS101-18,A+,Reappear
2416503,2,BTPS102-18,A+,Reappear
2416503,3,BTAM-302-23,B,Regular
2416503,3,BTCS301-18,A,Regular
2416503,3,BTCS302-18,A+,Regular
2416503,3,BTCS303-18,A+,Regular
2416503,3,BTCS304-18,A+,Regular
2416503,3,BTCS305-18,A,Regular
2416503,3,BTES301-18,B,Regular
2416503,3,BTES302-18,A+,Regular
2416503,3,HSMC10 1/102-18,A,Regular
2416503,3,SIT,S,Regular
2416503,4,BTCS-401-18,A,Regular
2416503,4,BTCS-402-18,A,Regular
2416503,4,BTCS-403-18,A,Regular
2416503,4,BTCS-404-18,O,Regular
2416503,4,BTCS-405-18,A+,Regular
2416503,4,BTES-401-18,A+,Regular
2416503,4,BTES-402-18,A+,Regular
2416503,4,EVS 101-18,O,Regular
2416503,4,HSMC-122-18,A,Regular
2416504,1,BMPD-101-18,S,Regular
2416504,1,BTAM101-23,B+,Regular
2416504,1,BTEE101-18,B+,Regular
2416504,1,BTEE102-18,O,Regular
2416504,1,BTME101-21,A,Regular
2416504,1,BTPH101-23,B+,Regular
2416504,1,BTPH102-23,A+,Regular
2416504,2,BMPD201-18,S,Regular
2416504,2,BTAM201-23,B,Regular
2416504,2,BTCH101-23,A,Regular
2416504,2,BTCH102-18,A+,Regular
2416504,2,BTHU101-18,A,Regular
2416504,2,BTHU102-18,A,Regular
2416504,2,BTMP101-18,A+,Regular
2416504,2,BTPS101-18,A,Regular
2416504,2,BTPS102-18,A+,Regular
2416504,3,BTAM-302-23,B+,Regular
2416504,3,BTCS301-18,A,Regular
2416504,3,BTCS302-18,A+,Regular
2416504,3,BTCS303-18,A+,Regular
2416504,3,BTCS304-18,A+,Regular
2416504,3,BTCS305-18,A+,Regular
2416504,3,BTES301-18,B,Regular
2416504,3,BTES302-18,A+,Regular
2416504,3,HSMC10 1/102-18,A,Regular
2416504,3,SIT,S,Regular
2416504,4,BTCS-401-18,B+,Regular
2416504,4,BTCS-402-18,A,Regular
2416504,4,BTCS-403-18,B+,Regular
2416504,4,BTCS-404-18,O,Regular
2416504,4,BTCS-405-18,A+,Regular
2416504,4,BTES-401-18,A,Regular
2416504,4,BTES-402-18,A+,Regular
2416504,4,EVS 101-18,O,Regular
2416504,4,HSMC-122-18,B+,Regular
2416505,1,BMPD-101-18,S,Regular
2416505,1,BTAM101-23,A+,Regular
2416505,1,BTEE101-18,B+,Regular
2416505,1,BTEE102-18,A+,Regular
2416505,1,BTME101-21,A+,Regular
2416505,1,BTPH101-23,B+,Regular
2416505,1,BTPH102-23,O,Regular
2416505,2,BMPD201-18,S,Regular
2416505,2,BTAM201-23,B,Regular
2416505,2,BTCH101-23,A+,Regular
2416505,2,BTCH102-18,O,Regular
2416505,2,BTHU101-18,A,Regular
2416505,2,BTHU102-18,A+,Regular
2416505,2,BTMP101-18,O,Regular
2416505,2,BTPS101-18,A,Regular
2416505,2,BTPS102-18,A+,Regular
2416505,3,BTAM-302-23,A,Regular
2416505,3,BTCS301-18,A+,Regular
2416505,3,BTCS302-18,A,Regular
2416505,3,BTCS303-18,A+,Regular
2416505,3,BTCS304-18,A+,Regular
2416505,3,BTCS305-18,A+,Regular
2416505,3,BTES301-18,B,Regular
2416505,3,BTES302-18,A+,Regular
2416505,3,HSMC10 1/102-18,A,Regular
2416505,3,SIT,S,Regular
2416506,1,BMPD-101-18,S,Regular
2416506,1,BTAM101-23,B+,Regular
2416506,1,BTEE101-18,B+,Regular
2416506,1,BTEE102-18,A+,Regular
2416506,1,BTME101-21,A+,Regular
2416506,1,BTPH101-23,B+,Regular
2416506,1,BTPH102-23,A+,Regular
2416506,2,BMPD201-18,S,Regular
2416506,2,BTAM201-23,B+,Regular
2416506,2,BTCH101-23,A,Regular
2416506,2,BTCH102-18,A+,Regular
2416506,2,BTHU101-18,B+,Regular
2416506,2,BTHU102-18,O,Regular
2416506,2,BTMP101-18,O,Regular
2416506,2,BTPS101-18,A,Regular
2416506,2,BTPS102-18,A+,Regular
2416506,3,BTAM-302-23,B+,Regular
2416506,3,BTCS301-18,A+,Regular
2416506,3,BTCS302-18,A+,Regular
2416506,3,BTCS303-18,O,Regular
2416506,3,BTCS304-18,A+,Regular
2416506,3,BTCS305-18,A,Regular
2416506,3,BTES301-18,B+,Regular
2416506,3,BTES302-18,A+,Regular
2416506,3,HSMC10 1/102-18,A,Regular
2416506,3,SIT,S,Regular
2416506,4,BTCS-401-18,A,Regular
2416506,4,BTCS-402-18,A,Regular
2416506,4,BTCS-403-18,A+,Regular
2416506,4,BTCS-404-18,O,Regular
2416506,4,BTCS-405-18,A+,Regular
2416506,4,BTES-401-18,A+,Regular
2416506,4,BTES-402-18,O,Regular
2416506,4,EVS 101-18,O,Regular
2416506,4,HSMC-122-18,A,Regular
2416507,1,BMPD-101-18,S,Regular
2416507,1,BTAM101-23,B+,Regular
2416507,1,BTEE101-18,B,Regular
2416507,1,BTEE102-18,A+,Regular
2416507,1,BTME101-21,A+,Regular
2416507,1,BTPH101-23,B,Regular
2416507,1,BTPH102-23,A+,Regular
2416507,2,BMPD201-18,S,Regular
2416507,2,BTAM201-23,B,Regular
2416507,2,BTCH101-23,B+,Regular
2416507,2,BTCH102-18,A+,Regular
2416507,2,BTHU101-18,B+,Regular
2416507,2,BTHU102-18,A+,Regular
2416507,2,BTMP101-18,A,Regular
2416507,2,BTPS101-18,B+,Regular
2416507,2,BTPS102-18,A,Regular
2416507,3,BTAM-302-23,F(Ext),Regular
2416507,3,BTCS301-18,B+,Regular
2416507,3,BTCS302-18,B,Regular
2416507,3,BTCS303-18,A,Regular
2416507,3,BTCS304-18,B+,Regular
2416507,3,BTCS305-18,A+,Regular
2416507,3,BTES301-18,F(Ext),Regular
2416507,3,BTES302-18,A,Regular
2416507,3,HSMC10 1/102-18,A,Regular
2416507,3,SIT,S,Regular
2416507,4,BTCS-401-18,B,Regular
2416507,4,BTCS-402-18,B+,Regular
2416507,4,BTCS-403-18,B+,Regular
2416507,4,BTCS-404-18,A+,Regular
2416507,4,BTCS-405-18,A,Regular
2416507,4,BTES-401-18,A,Regular
2416507,4,BTES-402-18,B+,Regular
2416507,4,EVS 101-18,O,Regular
2416507,4,HSMC-122-18,A+,Regular
2416508,1,BMPD-101-18,S,Regular
2416508,1,BTAM101-23,B+,Regular
2416508,1,BTEE101-18,B+,Regular
2416508,1,BTEE102-18,O,Regular
2416508,1,BTME101-21,A+,Regular
2416508,1,BTPH101-23,A,Regular
2416508,1,BTPH102-23,A+,Regular
2416508,2,BMPD201-18,S,Regular
2416508,2,BTAM201-23,B,Regular
2416508,2,BTCH101-23,B+,Regular
2416508,2,BTCH102-18,A+,Regular
2416508,2,BTHU101-18,B+,Regular
2416508,2,BTHU102-18,A+,Regular
2416508,2,BTMP101-18,A,Regular
2416508,2,BTPS101-18,B+,Regular
2416508,2,BTPS102-18,O,Regular
2416508,3,BTAM-302-23,B+,Regular
2416508,3,BTCS301-18,A,Regular
2416508,3,BTCS302-18,A+,Regular
2416508,3,BTCS303-18,A+,Regular
2416508,3,BTCS304-18,A,Regular
2416508,3,BTCS305-18,A,Regular
2416508,3,BTES301-18,B,Regular
2416508,3,BTES302-18,A+,Regular
2416508,3,HSMC10 1/102-18,A,Regular
2416508,3,SIT,S,Regular
2416508,4,BTCS-401-18,B+,Regular
2416508,4,BTCS-402-18,B+,Regular
2416508,4,BTCS-403-18,B+,Regular
2416508,4,BTCS-404-18,A+,Regular
2416508,4,BTCS-405-18,O,Regular
2416508,4,BTES-401-18,B+,Regular
2416508,4,BTES-402-18,A,Regular
2416508,4,EVS 101-18,O,Regular
2416508,4,HSMC-122-18,A,Regular
2416509,1,BMPD-101-18,S,Regular
2416509,1,BTAM101-23,A,Regular
2416509,1,BTEE101-18,A,Regular
2416509,1,BTEE102-18,O,Regular
2416509,1,BTME101-21,O,Regular
2416509,1,BTPH101-23,A+,Regular
2416509,1,BTPH102-23,O,Regular
2416509,2,BMPD201-18,S,Regular
2416509,2,BTAM201-23,A,Regular
2416509,2,BTCH101-23,A+,Regular
2416509,2,BTCH102-18,O,Regular
2416509,2,BTHU101-18,A+,Regular
2416509,2,BTHU102-18,O,Regular
2416509,2,BTMP101-18,O,Regular
2416509,2,BTPS101-18,A+,Regular
2416509,2,BTPS102-18,O,Regular
2416509,3,BTAM-302-23,A+,Regular
2416509,3,BTCS301-18,O,Regular
2416509,3,BTCS302-18,O,Regular
2416509,3,BTCS303-18,O,Regular
2416509,3,BTCS304-18,O,Regular
2416509,3,BTCS305-18,O,Regular
2416509,3,BTES301-18,B+,Regular
2416509,3,BTES302-18,O,Regular
2416509,3,HSMC10 1/102-18,A+,Regular
2416509,3,SIT,S,Regular
2416510,1,BMPD-101-18,S,Regular
2416510,1,BTAM101-23,A,Regular
2416510,1,BTEE101-18,B,Regular
2416510,1,BTEE102-18,O,Regular
2416510,1,BTME101-21,A+,Regular
2416510,1,BTPH101-23,B,Regular
2416510,1,BTPH102-23,A+,Regular
2416510,2,BMPD201-18,S,Regular
2416510,2,BTAM201-23,B+,Regular
2416510,2,BTCH101-23,B,Regular
2416510,2,BTCH102-18,A+,Regular
2416510,2,BTHU101-18,A,Regular
2416510,2,BTHU102-18,A+,Regular
2416510,2,BTMP101-18,O,Regular
2416510,2,BTPS101-18,A,Regular
2416510,2,BTPS102-18,A+,Regular
2416510,3,BTAM-302-23,B+,Regular
2416510,3,BTCS301-18,B+,Regular
2416510,3,BTCS302-18,B+,Regular
2416510,3,BTCS303-18,A,Regular
2416510,3,BTCS304-18,A,Regular
2416510,3,BTCS305-18,A+,Regular
2416510,3,BTES301-18,B,Regular
2416510,3,BTES302-18,A,Regular
2416510,3,HSMC10 1/102-18,B,Regular
2416510,3,SIT,S,Regular
2416510,4,BTCS-401-18,B+,Regular
2416510,4,BTCS-402-18,B,Regular
2416510,4,BTCS-403-18,B+,Regular
2416510,4,BTCS-404-18,A+,Regular
2416510,4,BTCS-405-18,O,Regular
2416510,4,BTES-401-18,B+,Regular
2416510,4,BTES-402-18,A+,Regular
2416510,4,EVS 101-18,A,Regular
2416510,4,HSMC-122-18,B,Regular
2416511,1,BMPD-101-18,S,Regular
2416511,1,BTAM101-23,A,Regular
2416511,1,BTEE101-18,B+,Regular
2416511,1,BTEE102-18,O,Regular
2416511,1,BTME101-21,A,Regular
2416511,1,BTPH101-23,B,Regular
2416511,1,BTPH102-23,A+,Regular
2416511,2,BMPD201-18,S,Regular
2416511,2,BTAM201-23,B+,Regular
2416511,2,BTCH101-23,B+,Regular
2416511,2,BTCH102-18,A,Regular
2416511,2,BTHU101-18,A,Regular
2416511,2,BTHU102-18,A+,Regular
2416511,2,BTMP101-18,A+,Regular
2416511,2,BTPS101-18,B+,Regular
2416511,2,BTPS102-18,A+,Regular
2416511,3,BTAM-302-23,B,Regular
2416511,3,BTCS301-18,B,Regular
2416511,3,BTCS302-18,B,Regular
2416511,3,BTCS303-18,B+,Regular
2416511,3,BTCS304-18,A+,Regular
2416511,3,BTCS305-18,A,Regular
2416511,3,BTES301-18,C,Regular
2416511,3,BTES302-18,B+,Regular
2416511,3,HSMC10 1/102-18,A,Regular
2416511,3,SIT,S,Regular
2416511,4,BTCS-401-18,B,Regular
2416511,4,BTCS-402-18,A+,Regular
2416511,4,BTCS-403-18,A+,Regular
2416511,4,BTCS-404-18,A+,Regular
2416511,4,BTCS-405-18,A,Regular
2416511,4,BTES-401-18,A+,Regular
2416511,4,BTES-402-18,B+,Regular
2416511,4,EVS 101-18,O,Regular
2416511,4,HSMC-122-18,A+,Regular
2416512,2,BMPD201-18,S,Reappear
2416512,2,BTAM201-23,P,Reappear
2416512,2,BTCH101-23,C,Reappear
2416512,2,BTCH102-18,A+,Reappear
2416512,2,BTHU101-18,B+,Reappear
2416512,2,BTHU102-18,A+,Reappear
2416512,2,BTMP101-18,A,Reappear
2416512,2,BTPS101-18,A,Reappear
2416512,2,BTPS102-18,O,Reappear
2416512,3,BTAM-302-23,B,Regular
2416512,3,BTCS301-18,B+,Regular
2416512,3,BTCS302-18,B+,Regular
2416512,3,BTCS303-18,A,Regular
2416512,3,BTCS304-18,A,Regular
2416512,3,BTCS305-18,A,Regular
2416512,3,BTES301-18,C,Regular
2416512,3,BTES302-18,B+,Regular
2416512,3,HSMC10 1/102-18,A,Regular
2416512,3,SIT,S,Regular
2416512,4,BTCS-401-18,B+,Regular
2416512,4,BTCS-402-18,A,Regular
2416512,4,BTCS-403-18,A,Regular
2416512,4,BTCS-404-18,A+,Regular
2416512,4,BTCS-405-18,A,Regular
2416512,4,BTES-401-18,A+,Regular
2416512,4,BTES-402-18,B+,Regular
2416512,4,EVS 101-18,O,Regular
2416512,4,HSMC-122-18,A,Regular
2416513,1,BMPD-101-18,S,Regular
2416513,1,BTAM101-23,B+,Regular
2416513,1,BTEE101-18,B,Regular
2416513,1,BTEE102-18,A+,Regular
2416513,1,BTME101-21,A,Regular
2416513,1,BTPH101-23,B,Regular
2416513,1,BTPH102-23,A+,Regular
2416513,2,BMPD201-18,S,Regular
2416513,2,BTAM201-23,B,Regular
2416513,2,BTCH101-23,B,Regular
2416513,2,BTCH102-18,B+,Regular
2416513,2,BTHU101-18,A,Regular
2416513,2,BTHU102-18,A,Regular
2416513,2,BTMP101-18,A,Regular
2416513,2,BTPS101-18,B+,Regular
2416513,2,BTPS102-18,A+,Regular
2416513,3,BTAM-302-23,B,Regular
2416513,3,BTCS301-18,A,Regular
2416513,3,BTCS302-18,B,Regular
2416513,3,BTCS303-18,A,Regular
2416513,3,BTCS304-18,B+,Regular
2416513,3,BTCS305-18,A,Regular
2416513,3,BTES301-18,B+,Regular
2416513,3,BTES302-18,A+,Regular
2416513,3,HSMC10 1/102-18,A,Regular
2416513,3,SIT,S,Regular
2416513,4,BTCS-401-18,A,Regular
2416513,4,BTCS-402-18,B+,Regular
2416513,4,BTCS-403-18,A+,Regular
2416513,4,BTCS-404-18,A+,Regular
2416513,4,BTCS-405-18,O,Regular
2416513,4,BTES-401-18,A+,Regular
2416513,4,BTES-402-18,A+,Regular
2416513,4,EVS 101-18,A+,Regular
2416513,4,HSMC-122-18,A,Regular
2416514,1,BMPD-101-18,S,Regular
2416514,1,BTAM101-23,A,Regular
2416514,1,BTEE101-18,B+,Regular
2416514,1,BTEE102-18,A+,Regular
2416514,1,BTME101-21,A+,Regular
2416514,1,BTPH101-23,B,Regular
2416514,1,BTPH102-23,A+,Regular
2416514,2,BMPD201-18,S,Regular
2416514,2,BTAM201-23,B+,Regular
2416514,2,BTCH101-23,B+,Regular
2416514,2,BTCH102-18,A,Regular
2416514,2,BTHU101-18,A,Regular
2416514,2,BTHU102-18,A+,Regular
2416514,2,BTMP101-18,A+,Regular
2416514,2,BTPS101-18,A,Regular
2416514,2,BTPS102-18,A+,Regular
2416514,3,BTAM-302-23,B+,Regular
2416514,3,BTCS301-18,A,Regular
2416514,3,BTCS302-18,A,Regular
2416514,3,BTCS303-18,A+,Regular
2416514,3,BTCS304-18,A,Regular
2416514,3,BTCS305-18,A+,Regular
2416514,3,BTES301-18,B+,Regular
2416514,3,BTES302-18,A+,Regular
2416514,3,HSMC10 1/102-18,B+,Regular
2416514,3,SIT,S,Regular
2416514,4,BTCS-401-18,B+,Regular
2416514,4,BTCS-402-18,A,Regular
2416514,4,BTCS-403-18,A,Regular
2416514,4,BTCS-404-18,A+,Regular
2416514,4,BTCS-405-18,A+,Regular
2416514,4,BTES-401-18,A,Regular
2416514,4,BTES-402-18,A+,Regular
2416514,4,EVS 101-18,A+,Regular
2416514,4,HSMC-122-18,A,Regular
2416515,1,BMPD-101-18,S,Reappear
2416515,1,BTAM101-23,B+,Reappear
2416515,1,BTEE101-18,B,Reappear
2416515,1,BTEE102-18,A+,Reappear
2416515,1,BTME101-21,A+,Reappear
2416515,1,BTPH101-23,F(Ext),Reappear
2416515,1,BTPH102-23,A+,Reappear
2416515,2,BMPD201-18,S,Regular
2416515,2,BTAM201-23,B,Regular
2416515,2,BTCH101-23,B,Regular
2416515,2,BTCH102-18,A+,Regular
2416515,2,BTHU101-18,A,Regular
2416515,2,BTHU102-18,A+,Regular
2416515,2,BTMP101-18,A+,Regular
2416515,2,BTPS101-18,B+,Regular
2416515,2,BTPS102-18,O,Regular
2416515,3,BTAM-302-23,F(Ext),Regular
2416515,3,BTCS301-18,B,Regular
2416515,3,BTCS302-18,B+,Regular
2416515,3,BTCS303-18,A+,Regular
2416515,3,BTCS304-18,A+,Regular
2416515,3,BTCS305-18,A+,Regular
2416515,3,BTES301-18,F(Ext),Regular
2416515,3,BTES302-18,A+,Regular
2416515,3,HSMC10 1/102-18,B+,Regular
2416515,3,SIT,S,Regular
2416515,4,BTCS-401-18,B,Regular
2416515,4,BTCS-402-18,B,Regular
2416515,4,BTCS-403-18,B+,Regular
2416515,4,BTCS-404-18,Ab(Ext),Regular
2416515,4,BTCS-405-18,Ab(Ext),Regular
2416515,4,BTES-401-18,B+,Regular
2416515,4,BTES-402-18,A+,Regular
2416515,4,EVS 101-18,O,Regular
2416515,4,HSMC-122-18,A,Regular
2416516,1,BMPD-101-18,S,Regular
2416516,1,BTAM101-23,A+,Regular
2416516,1,BTEE101-18,A+,Regular
2416516,1,BTEE102-18,O,Regular
2416516,1,BTME101-21,A+,Regular
2416516,1,BTPH101-23,A+,Regular
2416516,1,BTPH102-23,O,Regular
2416516,2,BMPD201-18,S,Regular
2416516,2,BTAM201-23,A+,Regular
2416516,2,BTCH101-23,O,Regular
2416516,2,BTCH102-18,O,Regular
2416516,2,BTHU101-18,A+,Regular
2416516,2,BTHU102-18,O,Regular
2416516,2,BTMP101-18,O,Regular
2416516,2,BTPS101-18,A+,Regular
2416516,2,BTPS102-18,O,Regular
2416516,3,BTAM-302-23,A+,Regular
2416516,3,BTCS301-18,A+,Regular
2416516,3,BTCS302-18,A+,Regular
2416516,3,BTCS303-18,O,Regular
2416516,3,BTCS304-18,O,Regular
2416516,3,BTCS305-18,O,Regular
2416516,3,BTES301-18,A,Regular
2416516,3,BTES302-18,O,Regular
2416516,3,HSMC10 1/102-18,A+,Regular
2416516,3,SIT,S,Regular
2416516,4,BTCS-401-18,A,Regular
2416516,4,BTCS-402-18,A+,Regular
2416516,4,BTCS-403-18,A,Regular
2416516,4,BTCS-404-18,O,Regular
2416516,4,BTCS-405-18,O,Regular
2416516,4,BTES-401-18,A,Regular
2416516,4,BTES-402-18,O,Regular
2416516,4,EVS 101-18,O,Regular
2416516,4,HSMC-122-18,A,Regular
2416517,1,BMPD-101-18,S,Regular
2416517,1,BTAM101-23,B,Regular
2416517,1,BTEE101-18,B+,Regular
2416517,1,BTEE102-18,A+,Regular
2416517,1,BTME101-21,A,Regular
2416517,1,BTPH101-23,B+,Regular
2416517,1,BTPH102-23,A+,Regular
2416517,2,BMPD201-18,S,Regular
2416517,2,BTAM201-23,B+,Regular
2416517,2,BTCH101-23,B+,Regular
2416517,2,BTCH102-18,A+,Regular
2416517,2,BTHU101-18,A,Regular
2416517,2,BTHU102-18,A+,Regular
2416517,2,BTMP101-18,A+,Regular
2416517,2,BTPS101-18,B+,Regular
2416517,2,BTPS102-18,A,Regular
2416517,3,BTAM-302-23,B,Regular
2416517,3,BTCS301-18,B+,Regular
2416517,3,BTCS302-18,B+,Regular
2416517,3,BTCS303-18,B+,Regular
2416517,3,BTCS304-18,B+,Regular
2416517,3,BTCS305-18,B,Regular
2416517,3,BTES301-18,B,Regular
2416517,3,BTES302-18,B+,Regular
2416517,3,HSMC10 1/102-18,B+,Regular
2416517,3,SIT,S,Regular
2416517,4,BTCS-401-18,B,Regular
2416517,4,BTCS-402-18,B,Regular
2416517,4,BTCS-403-18,B+,Regular
2416517,4,BTCS-404-18,A+,Regular
2416517,4,BTCS-405-18,A,Regular
2416517,4,BTES-401-18,B,Regular
2416517,4,BTES-402-18,A,Regular
2416517,4,EVS 101-18,O,Regular
2416517,4,HSMC-122-18,A,Regular
2416519,1,BMPD-101-18,S,Regular
2416519,1,BTAM101-23,A,Regular
2416519,1,BTEE101-18,A,Regular
2416519,1,BTEE102-18,O,Regular
2416519,1,BTME101-21,O,Regular
2416519,1,BTPH101-23,B+,Regular
2416519,1,BTPH102-23,O,Regular
2416519,2,BMPD201-18,S,Regular
2416519,2,BTAM201-23,A,Regular
2416519,2,BTCH101-23,B+,Regular
2416519,2,BTCH102-18,A+,Regular
2416519,2,BTHU101-18,B+,Regular
2416519,2,BTHU102-18,A+,Regular
2416519,2,BTMP101-18,O,Regular
2416519,2,BTPS101-18,A+,Regular
2416519,2,BTPS102-18,A+,Regular
2416519,3,BTAM-302-23,A+,Regular
2416519,3,BTCS301-18,A+,Regular
2416519,3,BTCS302-18,A+,Regular
2416519,3,BTCS303-18,O,Regular
2416519,3,BTCS304-18,A+,Regular
2416519,3,BTCS305-18,A,Regular
2416519,3,BTES301-18,B+,Regular
2416519,3,BTES302-18,O,Regular
2416519,3,HSMC10 1/102-18,A+,Regular
2416519,3,SIT,S,Regular
2416519,4,BTCS-401-18,A+,Regular
2416519,4,BTCS-402-18,A+,Regular
2416519,4,BTCS-403-18,A,Regular
2416519,4,BTCS-404-18,O,Regular
2416519,4,BTCS-405-18,O,Regular
2416519,4,BTES-401-18,A,Regular
2416519,4,BTES-402-18,O,Regular
2416519,4,EVS 101-18,O,Regular
2416519,4,HSMC-122-18,A+,Regular
2416520,1,BMPD-101-18,S,Reappear
2416520,1,BTAM101-23,B,Reappear
2416520,1,BTEE101-18,B+,Reappear
2416520,1,BTEE102-18,O,Reappear
2416520,1,BTME101-21,A,Reappear
2416520,1,BTPH101-23,C,Reappear
2416520,1,BTPH102-23,O,Reappear
2416520,2,BMPD201-18,S,Regular
2416520,2,BTAM201-23,B,Regular
2416520,2,BTCH101-23,B,Regular
2416520,2,BTCH102-18,B+,Regular
2416520,2,BTHU101-18,B+,Regular
2416520,2,BTHU102-18,A,Regular
2416520,2,BTMP101-18,B+,Regular
2416520,2,BTPS101-18,F(Ext),Regular
2416520,2,BTPS102-18,A+,Regular
2416520,3,BTAM-302-23,B,Regular
2416520,3,BTCS301-18,B,Regular
2416520,3,BTCS302-18,C,Regular
2416520,3,BTCS303-18,B,Regular
2416520,3,BTCS304-18,P,Regular
2416520,3,BTCS305-18,C,Regular
2416520,3,BTES301-18,F(Ext),Regular
2416520,3,BTES302-18,B,Regular
2416520,3,HSMC10 1/102-18,B+,Regular
2416520,3,SIT,S,Regular
2416520,4,BTCS-401-18,B,Regular
2416520,4,BTCS-402-18,B,Regular
2416520,4,BTCS-403-18,B,Regular
2416520,4,BTCS-404-18,A+,Regular
2416520,4,BTCS-405-18,A,Regular
2416520,4,BTES-401-18,B,Regular
2416520,4,BTES-402-18,A,Regular
2416520,4,EVS 101-18,O,Regular
2416520,4,HSMC-122-18,B+,Regular
2416521,1,BMPD-101-18,S,Regular
2416521,1,BTAM101-23,O,Regular
2416521,1,BTEE101-18,A+,Regular
2416521,1,BTEE102-18,O,Regular
2416521,1,BTME101-21,O,Regular
2416521,1,BTPH101-23,A+,Regular
2416521,1,BTPH102-23,O,Regular
2416521,2,BMPD201-18,S,Regular
2416521,2,BTAM201-23,A,Regular
2416521,2,BTCH101-23,A+,Regular
2416521,2,BTCH102-18,O,Regular
2416521,2,BTHU101-18,A+,Regular
2416521,2,BTHU102-18,O,Regular
2416521,2,BTMP101-18,O,Regular
2416521,2,BTPS101-18,A+,Regular
2416521,2,BTPS102-18,O,Regular
2416521,3,BTAM-302-23,O,Regular
2416521,3,BTCS301-18,O,Regular
2416521,3,BTCS302-18,O,Regular
2416521,3,BTCS303-18,O,Regular
2416521,3,BTCS304-18,O,Regular
2416521,3,BTCS305-18,O,Regular
2416521,3,BTES301-18,A,Regular
2416521,3,BTES302-18,O,Regular
2416521,3,HSMC10 1/102-18,A+,Regular
2416521,3,SIT,S,Regular
2416521,4,BTCS-401-18,A+,Regular
2416521,4,BTCS-402-18,A+,Regular
2416521,4,BTCS-403-18,A+,Regular
2416521,4,BTCS-404-18,O,Regular
2416521,4,BTCS-405-18,O,Regular
2416521,4,BTES-401-18,A+,Regular
2416521,4,BTES-402-18,O,Regular
2416521,4,EVS 101-18,O,Regular
2416521,4,HSMC-122-18,A+,Regular
2416522,1,BMPD-101-18,S,Regular
2416522,1,BTAM101-23,B+,Regular
2416522,1,BTEE101-18,B+,Regular
2416522,1,BTEE102-18,A+,Regular
2416522,1,BTME101-21,A+,Regular
2416522,1,BTPH101-23,B+,Regular
2416522,1,BTPH102-23,O,Regular
2416522,2,BMPD201-18,S,Regular
2416522,2,BTAM201-23,B+,Regular
2416522,2,BTCH101-23,A,Regular
2416522,2,BTCH102-18,A,Regular
2416522,2,BTHU101-18,B+,Regular
2416522,2,BTHU102-18,A+,Regular
2416522,2,BTMP101-18,O,Regular
2416522,2,BTPS101-18,B,Regular
2416522,2,BTPS102-18,A+,Regular
2416522,3,BTAM-302-23,B,Regular
2416522,3,BTCS301-18,B+,Regular
2416522,3,BTCS302-18,B+,Regular
2416522,3,BTCS303-18,B,Regular
2416522,3,BTCS304-18,A,Regular
2416522,3,BTCS305-18,C,Regular
2416522,3,BTES301-18,C,Regular
2416522,3,BTES302-18,A+,Regular
2416522,3,HSMC10 1/102-18,B,Regular
2416522,3,SIT,S,Regular
2416522,4,BTCS-401-18,F(Ext),Regular
2416522,4,BTCS-402-18,B,Regular
2416522,4,BTCS-403-18,B+,Regular
2416522,4,BTCS-404-18,A,Regular
2416522,4,BTCS-405-18,A,Regular
2416522,4,BTES-401-18,A,Regular
2416522,4,BTES-402-18,A,Regular
2416522,4,EVS 101-18,A+,Regular
2416522,4,HSMC-122-18,B+,Regular
2416523,1,BMPD-101-18,S,Regular
2416523,1,BTAM101-23,B,Regular
2416523,1,BTEE101-18,B+,Regular
2416523,1,BTEE102-18,A+,Regular
2416523,1,BTME101-21,A,Regular
2416523,1,BTPH101-23,B+,Regular
2416523,1,BTPH102-23,O,Regular
2416523,2,BMPD201-18,S,Regular
2416523,2,BTAM201-23,B,Regular
2416523,2,BTCH101-23,B,Regular
2416523,2,BTCH102-18,A+,Regular
2416523,2,BTHU101-18,A,Regular
2416523,2,BTHU102-18,A+,Regular
2416523,2,BTMP101-18,A,Regular
2416523,2,BTPS101-18,A,Regular
2416523,2,BTPS102-18,A+,Regular
2416523,3,BTAM-302-23,F(Ext),Regular
2416523,3,BTCS301-18,B,Regular
2416523,3,BTCS302-18,B,Regular
2416523,3,BTCS303-18,B+,Regular
2416523,3,BTCS304-18,B+,Regular
2416523,3,BTCS305-18,A,Regular
2416523,3,BTES301-18,F(Ext),Regular
2416523,3,BTES302-18,A,Regular
2416523,3,HSMC10 1/102-18,B+,Regular
2416523,3,SIT,S,Regular
2416523,4,BTCS-401-18,P,Regular
2416523,4,BTCS-402-18,B,Regular
2416523,4,BTCS-403-18,C,Regular
2416523,4,BTCS-404-18,O,Regular
2416523,4,BTCS-405-18,B+,Regular
2416523,4,BTES-401-18,B,Regular
2416523,4,BTES-402-18,A,Regular
2416523,4,EVS 101-18,A,Regular
2416523,4,HSMC-122-18,B+,Regular
2416524,1,BMPD-101-18,S,Regular
2416524,1,BTAM101-23,A+,Regular
2416524,1,BTEE101-18,A,Regular
2416524,1,BTEE102-18,O,Regular
2416524,1,BTME101-21,O,Regular
2416524,1,BTPH101-23,A+,Regular
2416524,1,BTPH102-23,O,Regular
2416524,2,BMPD201-18,S,Regular
2416524,2,BTAM201-23,A,Regular
2416524,2,BTCH101-23,O,Regular
2416524,2,BTCH102-18,O,Regular
2416524,2,BTHU101-18,A,Regular
2416524,2,BTHU102-18,O,Regular
2416524,2,BTMP101-18,O,Regular
2416524,2,BTPS101-18,A+,Regular
2416524,2,BTPS102-18,O,Regular
2416524,3,BTAM-302-23,A+,Regular
2416524,3,BTCS301-18,A+,Regular
2416524,3,BTCS302-18,O,Regular
2416524,3,BTCS303-18,O,Regular
2416524,3,BTCS304-18,O,Regular
2416524,3,BTCS305-18,O,Regular
2416524,3,BTES301-18,A,Regular
2416524,3,BTES302-18,O,Regular
2416524,3,HSMC10 1/102-18,A,Regular
2416524,3,SIT,S,Regular
2416524,4,BTCS-401-18,B+,Regular
2416524,4,BTCS-402-18,A+,Regular
2416524,4,BTCS-403-18,A+,Regular
2416524,4,BTCS-404-18,O,Regular
2416524,4,BTCS-405-18,O,Regular
2416524,4,BTES-401-18,A,Regular
2416524,4,BTES-402-18,O,Regular
2416524,4,EVS 101-18,O,Regular
2416524,4,HSMC-122-18,B+,Regular
2416525,2,BMPD201-18,S,Regular
2416525,2,BTAM201-23,B,Regular
2416525,2,BTCH101-23,B,Regular
2416525,2,BTCH102-18,A+,Regular
2416525,2,BTHU101-18,A,Regular
2416525,2,BTHU102-18,A+,Regular
2416525,2,BTMP101-18,A+,Regular
2416525,2,BTPS101-18,B+,Regular
2416525,2,BTPS102-18,A,Regular
2416525,3,BTAM-302-23,B,Regular
2416525,3,BTCS301-18,B+,Regular
2416525,3,BTCS302-18,B+,Regular
2416525,3,BTCS303-18,A,Regular
2416525,3,BTCS304-18,A,Regular
2416525,3,BTCS305-18,A,Regular
2416525,3,BTES301-18,C,Regular
2416525,3,BTES302-18,A,Regular
2416525,3,HSMC10 1/102-18,B+,Regular
2416525,3,SIT,S,Regular
2416525,4,BTCS-401-18,B,Regular
2416525,4,BTCS-402-18,B+,Regular
2416525,4,BTCS-403-18,A,Regular
2416525,4,BTCS-404-18,A,Regular
2416525,4,BTCS-405-18,A,Regular
2416525,4,BTES-401-18,B+,Regular
2416525,4,BTES-402-18,A,Regular
2416525,4,EVS 101-18,O,Regular
2416525,4,HSMC-122-18,B+,Regular
2416526,1,BMPD-101-18,S,Reappear
2416526,1,BTAM101-23,P,Reappear
2416526,1,BTEE101-18,F(Ext),Reappear
2416526,1,BTEE102-18,A+,Reappear
2416526,1,BTME101-21,B+,Reappear
2416526,1,BTPH101-23,P,Reappear
2416526,1,BTPH102-23,A+,Reappear
2416526,2,BMPD201-18,S,Regular
2416526,2,BTAM201-23,P,Regular
2416526,2,BTCH101-23,B,Regular
2416526,2,BTCH102-18,A,Regular
2416526,2,BTHU101-18,B+,Regular
2416526,2,BTHU102-18,A,Regular
2416526,2,BTMP101-18,A,Regular
2416526,2,BTPS101-18,B+,Regular
2416526,2,BTPS102-18,A,Regular
2416526,3,BTAM-302-23,C,Regular
2416526,3,BTCS301-18,C,Regular
2416526,3,BTCS302-18,F(Ext),Regular
2416526,3,BTCS303-18,B+,Regular
2416526,3,BTCS304-18,B,Regular
2416526,3,BTCS305-18,B+,Regular
2416526,3,BTES301-18,F(Ext),Regular
2416526,3,BTES302-18,B+,Regular
2416526,3,HSMC10 1/102-18,B,Regular
2416526,3,SIT,S,Regular
2416526,4,BTCS-401-18,C,Regular
2416526,4,BTCS-402-18,F(Int),Regular
2416526,4,BTCS-403-18,C,Regular
2416526,4,BTCS-404-18,A,Regular
2416526,4,BTCS-405-18,A,Regular
2416526,4,BTES-401-18,C,Regular
2416526,4,BTES-402-18,B,Regular
2416526,4,EVS 101-18,B+,Regular
2416526,4,HSMC-122-18,P,Regular
2416527,1,BMPD-101-18,S,Regular
2416527,1,BTAM101-23,A,Regular
2416527,1,BTEE101-18,B+,Regular
2416527,1,BTEE102-18,O,Regular
2416527,1,BTME101-21,A+,Regular
2416527,1,BTPH101-23,B+,Regular
2416527,1,BTPH102-23,O,Regular
2416527,2,BMPD201-18,S,Regular
2416527,2,BTAM201-23,B+,Regular
2416527,2,BTCH101-23,B+,Regular
2416527,2,BTCH102-18,A,Regular
2416527,2,BTHU101-18,A,Regular
2416527,2,BTHU102-18,A+,Regular
2416527,2,BTMP101-18,A+,Regular
2416527,2,BTPS101-18,A,Regular
2416527,2,BTPS102-18,A+,Regular
2416527,3,BTAM-302-23,B+,Regular
2416527,3,BTCS301-18,A+,Regular
2416527,3,BTCS302-18,A,Regular
2416527,3,BTCS303-18,A+,Regular
2416527,3,BTCS304-18,A,Regular
2416527,3,BTCS305-18,A+,Regular
2416527,3,BTES301-18,A,Regular
2416527,3,BTES302-18,A+,Regular
2416527,3,HSMC10 1/102-18,A+,Regular
2416527,3,SIT,S,Regular
2416527,4,BTCS-401-18,B+,Regular
2416527,4,BTCS-402-18,A,Regular
2416527,4,BTCS-403-18,A+,Regular
2416527,4,BTCS-404-18,A+,Regular
2416527,4,BTCS-405-18,O,Regular
2416527,4,BTES-401-18,A+,Regular
2416527,4,BTES-402-18,A+,Regular
2416527,4,EVS 101-18,O,Regular
2416527,4,HSMC-122-18,A+,Regular
2416528,1,BMPD-101-18,S,Reappear
2416528,1,BTAM101-23,B+,Reappear
2416528,1,BTEE101-18,B,Reappear
2416528,1,BTEE102-18,O,Reappear
2416528,1,BTME101-21,A+,Reappear
2416528,1,BTPH101-23,B,Reappear
2416528,1,BTPH102-23,O,Reappear
2416528,2,BMPD201-18,S,Regular
2416528,2,BTAM201-23,B+,Regular
2416528,2,BTCH101-23,B+,Regular
2416528,2,BTCH102-18,A+,Regular
2416528,2,BTHU101-18,B+,Regular
2416528,2,BTHU102-18,A+,Regular
2416528,2,BTMP101-18,A+,Regular
2416528,2,BTPS101-18,A,Regular
2416528,2,BTPS102-18,A+,Regular
2416528,3,BTAM-302-23,B,Regular
2416528,3,BTCS301-18,A,Regular
2416528,3,BTCS302-18,A,Regular
2416528,3,BTCS303-18,A+,Regular
2416528,3,BTCS304-18,A+,Regular
2416528,3,BTCS305-18,A,Regular
2416528,3,BTES301-18,B+,Regular
2416528,3,BTES302-18,A+,Regular
2416528,3,HSMC10 1/102-18,B+,Regular
2416528,3,SIT,S,Regular
2416528,4,BTCS-401-18,B+,Regular
2416528,4,BTCS-402-18,B+,Regular
2416528,4,BTCS-403-18,B+,Regular
2416528,4,BTCS-404-18,O,Regular
2416528,4,BTCS-405-18,O,Regular
2416528,4,BTES-401-18,B+,Regular
2416528,4,BTES-402-18,A+,Regular
2416528,4,EVS 101-18,A+,Regular
2416528,4,HSMC-122-18,B+,Regular
2416529,1,BMPD-101-18,S,Regular
2416529,1,BTAM101-23,B+,Regular
2416529,1,BTEE101-18,B+,Regular
2416529,1,BTEE102-18,O,Regular
2416529,1,BTME101-21,A+,Regular
2416529,1,BTPH101-23,B+,Regular
2416529,1,BTPH102-23,O,Regular
2416529,2,BMPD201-18,S,Regular
2416529,2,BTAM201-23,B+,Regular
2416529,2,BTCH101-23,A,Regular
2416529,2,BTCH102-18,A+,Regular
2416529,2,BTHU101-18,A,Regular
2416529,2,BTHU102-18,O,Regular
2416529,2,BTMP101-18,A+,Regular
2416529,2,BTPS101-18,A+,Regular
2416529,2,BTPS102-18,A+,Regular
2416529,3,BTAM-302-23,A,Regular
2416529,3,BTCS301-18,A+,Regular
2416529,3,BTCS302-18,A+,Regular
2416529,3,BTCS303-18,A+,Regular
2416529,3,BTCS304-18,A+,Regular
2416529,3,BTCS305-18,B+,Regular
2416529,3,BTES301-18,A,Regular
2416529,3,BTES302-18,A+,Regular
2416529,3,HSMC10 1/102-18,A+,Regular
2416529,3,SIT,S,Regular
2416529,4,BTCS-401-18,A+,Regular
2416529,4,BTCS-402-18,A+,Regular
2416529,4,BTCS-403-18,A+,Regular
2416529,4,BTCS-404-18,A+,Regular
2416529,4,BTCS-405-18,O,Regular
2416529,4,BTES-401-18,A+,Regular
2416529,4,BTES-402-18,A+,Regular
2416529,4,EVS 101-18,O,Regular
2416529,4,HSMC-122-18,O,Regular
2416530,1,BMPD-101-18,S,Regular
2416530,1,BTAM101-23,A,Regular
2416530,1,BTEE101-18,A,Regular
2416530,1,BTEE102-18,O,Regular
2416530,1,BTME101-21,O,Regular
2416530,1,BTPH101-23,O,Regular
2416530,1,BTPH102-23,O,Regular
2416530,2,BMPD201-18,S,Regular
2416530,2,BTAM201-23,A+,Regular
2416530,2,BTCH101-23,O,Regular
2416530,2,BTCH102-18,O,Regular
2416530,2,BTHU101-18,A,Regular
2416530,2,BTHU102-18,O,Regular
2416530,2,BTMP101-18,A+,Regular
2416530,2,BTPS101-18,A+,Regular
2416530,2,BTPS102-18,O,Regular
2416530,3,BTAM-302-23,A+,Regular
2416530,3,BTCS301-18,O,Regular
2416530,3,BTCS302-18,O,Regular
2416530,3,BTCS303-18,O,Regular
2416530,3,BTCS304-18,O,Regular
2416530,3,BTCS305-18,O,Regular
2416530,3,BTES301-18,A+,Regular
2416530,3,BTES302-18,O,Regular
2416530,3,HSMC10 1/102-18,A+,Regular
2416530,3,SIT,S,Regular
2416530,4,BTCS-401-18,A+,Regular
2416530,4,BTCS-402-18,A+,Regular
2416530,4,BTCS-403-18,A,Regular
2416530,4,BTCS-404-18,O,Regular
2416530,4,BTCS-405-18,O,Regular
2416530,4,BTES-401-18,A+,Regular
2416530,4,BTES-402-18,A+,Regular
2416530,4,EVS 101-18,O,Regular
2416530,4,HSMC-122-18,A,Regular
2416531,1,BMPD-101-18,S,Regular
2416531,1,BTAM101-23,B+,Regular
2416531,1,BTEE101-18,B+,Regular
2416531,1,BTEE102-18,O,Regular
2416531,1,BTME101-21,A+,Regular
2416531,1,BTPH101-23,A,Regular
2416531,1,BTPH102-23,O,Regular
2416531,2,BMPD201-18,S,Regular
2416531,2,BTAM201-23,A,Regular
2416531,2,BTCH101-23,A+,Regular
2416531,2,BTCH102-18,A+,Regular
2416531,2,BTHU101-18,A+,Regular
2416531,2,BTHU102-18,A+,Regular
2416531,2,BTMP101-18,O,Regular
2416531,2,BTPS101-18,A,Regular
2416531,2,BTPS102-18,A+,Regular
2416531,3,BTAM-302-23,A,Regular
2416531,3,BTCS301-18,A+,Regular
2416531,3,BTCS302-18,A+,Regular
2416531,3,BTCS303-18,O,Regular
2416531,3,BTCS304-18,A+,Regular
2416531,3,BTCS305-18,A,Regular
2416531,3,BTES301-18,A,Regular
2416531,3,BTES302-18,A,Regular
2416531,3,HSMC10 1/102-18,A,Regular
2416531,3,SIT,S,Regular
2416531,4,BTCS-401-18,A+,Regular
2416531,4,BTCS-402-18,A+,Regular
2416531,4,BTCS-403-18,A+,Regular
2416531,4,BTCS-404-18,A+,Regular
2416531,4,BTCS-405-18,O,Regular
2416531,4,BTES-401-18,A+,Regular
2416531,4,BTES-402-18,A+,Regular
2416531,4,EVS 101-18,O,Regular
2416531,4,HSMC-122-18,A+,Regular
2416532,1,BMPD-101-18,S,Reappear
2416532,1,BTAM101-23,P,Reappear
2416532,1,BTEE101-18,B,Reappear
2416532,1,BTEE102-18,A+,Reappear
2416532,1,BTME101-21,B+,Reappear
2416532,1,BTPH101-23,C,Reappear
2416532,1,BTPH102-23,A+,Reappear
2416532,2,BMPD201-18,S,Regular
2416532,2,BTAM201-23,F(Int)/Ab (Ext),Regular
2416532,2,BTCH101-23,F(Int),Regular
2416532,2,BTCH102-18,B+,Regular
2416532,2,BTHU101-18,F(Int),Regular
2416532,2,BTHU102-18,B,Regular
2416532,2,BTMP101-18,B,Regular
2416532,2,BTPS101-18,F(Int),Regular
2416532,2,BTPS102-18,B,Regular
2416532,3,BTAM-302-23,F(Ext),Regular
2416532,3,BTCS301-18,F(Ext),Regular
2416532,3,BTCS302-18,F(Ext),Regular
2416532,3,BTCS303-18,A,Regular
2416532,3,BTCS304-18,B+,Regular
2416532,3,BTCS305-18,B+,Regular
2416532,3,BTES301-18,P,Regular
2416532,3,BTES302-18,B,Regular
2416532,3,HSMC10 1/102-18,B+,Regular
2416532,3,SIT,S,Regular
2416532,4,BTCS-401-18,B+,Regular
2416532,4,BTCS-402-18,B,Regular
2416532,4,BTCS-403-18,B,Regular
2416532,4,BTCS-404-18,A+,Regular
2416532,4,BTCS-405-18,A,Regular
2416532,4,BTES-401-18,A,Regular
2416532,4,BTES-402-18,A+,Regular
2416532,4,EVS 101-18,O,Regular
2416532,4,HSMC-122-18,A+,Regular
2416533,1,BMPD-101-18,S,Regular
2416533,1,BTAM101-23,P,Regular
2416533,1,BTEE101-18,B,Regular
2416533,1,BTEE102-18,A+,Regular
2416533,1,BTME101-21,B,Regular
2416533,1,BTPH101-23,B,Regular
2416533,1,BTPH102-23,A,Regular
2416533,2,BMPD201-18,S,Reappear
2416533,2,BTAM201-23,Ab(Ext),Reappear
2416533,2,BTCH101-23,B,Reappear
2416533,2,BTCH102-18,B+,Reappear
2416533,2,BTHU101-18,B+,Reappear
2416533,2,BTHU102-18,A+,Reappear
2416533,2,BTMP101-18,B,Reappear
2416533,2,BTPS101-18,B,Reappear
2416533,2,BTPS102-18,B+,Reappear
2416533,3,BTAM-302-23,C,Regular
2416533,3,BTCS301-18,B+,Regular
2416533,3,BTCS302-18,B,Regular
2416533,3,BTCS303-18,B+,Regular
2416533,3,BTCS304-18,Ab(Ext),Regular
2416533,3,BTCS305-18,Ab(Ext),Regular
2416533,3,BTES301-18,C,Regular
2416533,3,BTES302-18,Ab(Ext),Regular
2416533,3,HSMC10 1/102-18,B+,Regular
2416533,3,SIT,S,Regular
2416534,1,BMPD-101-18,S,Regular
2416534,1,BTAM101-23,B,Regular
2416534,1,BTEE101-18,B+,Regular
2416534,1,BTEE102-18,O,Regular
2416534,1,BTME101-21,A,Regular
2416534,1,BTPH101-23,B+,Regular
2416534,1,BTPH102-23,A+,Regular
2416534,2,BMPD201-18,S,Regular
2416534,2,BTAM201-23,B,Regular
2416534,2,BTCH101-23,B+,Regular
2416534,2,BTCH102-18,A+,Regular
2416534,2,BTHU101-18,A,Regular
2416534,2,BTHU102-18,A+,Regular
2416534,2,BTMP101-18,A,Regular
2416534,2,BTPS101-18,A,Regular
2416534,2,BTPS102-18,A,Regular
2416534,3,BTAM-302-23,B,Regular
2416534,3,BTCS301-18,A,Regular
2416534,3,BTCS302-18,A,Regular
2416534,3,BTCS303-18,B+,Regular
2416534,3,BTCS304-18,A,Regular
2416534,3,BTCS305-18,B,Regular
2416534,3,BTES301-18,B,Regular
2416534,3,BTES302-18,A,Regular
2416534,3,HSMC10 1/102-18,A,Regular
2416534,3,SIT,S,Regular
2416535,1,BMPD-101-18,S,Reappear
2416535,1,BTAM101-23,P,Reappear
2416535,1,BTEE101-18,B,Reappear
2416535,1,BTEE102-18,A+,Reappear
2416535,1,BTME101-21,B+,Reappear
2416535,1,BTPH101-23,C,Reappear
2416535,1,BTPH102-23,A+,Reappear
2416535,2,BMPD201-18,S,Regular
2416535,2,BTAM201-23,F(Ext/Int),Regular
2416535,2,BTCH101-23,F(Ext),Regular
2416535,2,BTCH102-18,A,Regular
2416535,2,BTHU101-18,B+,Regular
2416535,2,BTHU102-18,A,Regular
2416535,2,BTMP101-18,B,Regular
2416535,2,BTPS101-18,F(Ext),Regular
2416535,2,BTPS102-18,A,Regular
2416535,3,BTAM-302-23,B,Regular
2416535,3,BTCS301-18,F(Ext),Regular
2416535,3,BTCS302-18,F(Ext),Regular
2416535,3,BTCS303-18,B,Regular
2416535,3,BTCS304-18,B+,Regular
2416535,3,BTCS305-18,C,Regular
2416535,3,BTES301-18,F(Ext),Regular
2416535,3,BTES302-18,B,Regular
2416535,3,HSMC10 1/102-18,B,Regular
2416535,3,SIT,S,Regular
2416535,4,BTCS-401-18,B,Regular
2416535,4,BTCS-402-18,P,Regular
2416535,4,BTCS-403-18,C,Regular
2416535,4,BTCS-404-18,P,Regular
2416535,4,BTCS-405-18,C,Regular
2416535,4,BTES-401-18,F(Ext),Regular
2416535,4,BTES-402-18,P,Regular
2416535,4,EVS 101-18,B,Regular
2416535,4,HSMC-122-18,B,Regular
2416536,1,BMPD-101-18,S,Regular
2416536,1,BTAM101-23,B,Regular
2416536,1,BTEE101-18,A,Regular
2416536,1,BTEE102-18,O,Regular
2416536,1,BTME101-21,A+,Regular
2416536,1,BTPH101-23,B+,Regular
2416536,1,BTPH102-23,A+,Regular
2416536,2,BMPD201-18,S,Regular
2416536,2,BTAM201-23,A,Regular
2416536,2,BTCH101-23,B+,Regular
2416536,2,BTCH102-18,A+,Regular
2416536,2,BTHU101-18,B+,Regular
2416536,2,BTHU102-18,A,Regular
2416536,2,BTMP101-18,A,Regular
2416536,2,BTPS101-18,A,Regular
2416536,2,BTPS102-18,A+,Regular
2416536,3,BTAM-302-23,A,Regular
2416536,3,BTCS301-18,A+,Regular
2416536,3,BTCS302-18,A,Regular
2416536,3,BTCS303-18,A+,Regular
2416536,3,BTCS304-18,A+,Regular
2416536,3,BTCS305-18,A,Regular
2416536,3,BTES301-18,B+,Regular
2416536,3,BTES302-18,A+,Regular
2416536,3,HSMC10 1/102-18,B+,Regular
2416536,3,SIT,S,Regular
2416537,1,BMPD-101-18,S,Regular
2416537,1,BTAM101-23,C,Regular
2416537,1,BTEE101-18,B+,Regular
2416537,1,BTEE102-18,O,Regular
2416537,1,BTME101-21,A,Regular
2416537,1,BTPH101-23,C,Regular
2416537,1,BTPH102-23,O,Regular
2416537,2,BMPD201-18,S,Regular
2416537,2,BTAM201-23,P,Regular
2416537,2,BTCH101-23,B,Regular
2416537,2,BTCH102-18,A,Regular
2416537,2,BTHU101-18,B+,Regular
2416537,2,BTHU102-18,A,Regular
2416537,2,BTMP101-18,A,Regular
2416537,2,BTPS101-18,B+,Regular
2416537,2,BTPS102-18,A,Regular
2416537,3,BTAM-302-23,B,Regular
2416537,3,BTCS301-18,A,Regular
2416537,3,BTCS302-18,F(Ext),Regular
2416537,3,BTCS303-18,B+,Regular
2416537,3,BTCS304-18,B+,Regular
2416537,3,BTCS305-18,P,Regular
2416537,3,BTES301-18,B,Regular
2416537,3,BTES302-18,A,Regular
2416537,3,HSMC10 1/102-18,B,Regular
2416537,3,SIT,S,Regular
2416537,4,BTCS-401-18,A,Regular
2416537,4,BTCS-402-18,A,Regular
2416537,4,BTCS-403-18,A+,Regular
2416537,4,BTCS-404-18,A+,Regular
2416537,4,BTCS-405-18,A+,Regular
2416537,4,BTES-401-18,A+,Regular
2416537,4,BTES-402-18,A,Regular
2416537,4,EVS 101-18,A+,Regular
2416537,4,HSMC-122-18,A,Regular
2416538,2,BMPD201-18,S,Reappear
2416538,2,BTAM201-23,P,Reappear
2416538,2,BTCH101-23,B,Reappear
2416538,2,BTCH102-18,A+,Reappear
2416538,2,BTHU101-18,A,Reappear
2416538,2,BTHU102-18,A+,Reappear
2416538,2,BTMP101-18,A,Reappear
2416538,2,BTPS101-18,A,Reappear
2416538,2,BTPS102-18,A+,Reappear
2416538,3,BTAM-302-23,C,Regular
2416538,3,BTCS301-18,P,Regular
2416538,3,BTCS302-18,B+,Regular
2416538,3,BTCS303-18,A,Regular
2416538,3,BTCS304-18,A,Regular
2416538,3,BTCS305-18,B+,Regular
2416538,3,BTES301-18,C,Regular
2416538,3,BTES302-18,B+,Regular
2416538,3,HSMC10 1/102-18,B+,Regular
2416538,3,SIT,S,Regular
2416538,4,BTCS-401-18,B,Regular
2416538,4,BTCS-402-18,A,Regular
2416538,4,BTCS-403-18,A,Regular
2416538,4,BTCS-404-18,A+,Regular
2416538,4,BTCS-405-18,A+,Regular
2416538,4,BTES-401-18,B,Regular
2416538,4,BTES-402-18,B+,Regular
2416538,4,EVS 101-18,A+,Regular
2416538,4,HSMC-122-18,B+,Regular
2416539,1,BMPD-101-18,S,Regular
2416539,1,BTAM101-23,P,Regular
2416539,1,BTEE101-18,B,Regular
2416539,1,BTEE102-18,O,Regular
2416539,1,BTME101-21,A,Regular
2416539,1,BTPH101-23,B,Regular
2416539,1,BTPH102-23,O,Regular
2416539,2,BMPD201-18,S,Regular
2416539,2,BTAM201-23,B,Regular
2416539,2,BTCH101-23,B+,Regular
2416539,2,BTCH102-18,O,Regular
2416539,2,BTHU101-18,A,Regular
2416539,2,BTHU102-18,O,Regular
2416539,2,BTMP101-18,A,Regular
2416539,2,BTPS101-18,B+,Regular
2416539,2,BTPS102-18,A+,Regular
2416539,3,BTAM-302-23,P,Regular
2416539,3,BTCS301-18,A,Regular
2416539,3,BTCS302-18,B+,Regular
2416539,3,BTCS303-18,A+,Regular
2416539,3,BTCS304-18,A,Regular
2416539,3,BTCS305-18,B+,Regular
2416539,3,BTES301-18,B,Regular
2416539,3,BTES302-18,B+,Regular
2416539,3,HSMC10 1/102-18,B+,Regular
2416539,3,SIT,S,Regular
2416539,4,BTCS-401-18,B,Regular
2416539,4,BTCS-402-18,B+,Regular
2416539,4,BTCS-403-18,A,Regular
2416539,4,BTCS-404-18,O,Regular
2416539,4,BTCS-405-18,O,Regular
2416539,4,BTES-401-18,B+,Regular
2416539,4,BTES-402-18,B+,Regular
2416539,4,EVS 101-18,B+,Regular
2416539,4,HSMC-122-18,B+,Regular
2416540,1,BMPD-101-18,S,Regular
2416540,1,BTAM101-23,B,Regular
2416540,1,BTEE101-18,B,Regular
2416540,1,BTEE102-18,O,Regular
2416540,1,BTME101-21,A+,Regular
2416540,1,BTPH101-23,B+,Regular
2416540,1,BTPH102-23,O,Regular
2416540,2,BMPD201-18,S,Regular
2416540,2,BTAM201-23,B,Regular
2416540,2,BTCH101-23,A,Regular
2416540,2,BTCH102-18,A+,Regular
2416540,2,BTHU101-18,A+,Regular
2416540,2,BTHU102-18,O,Regular
2416540,2,BTMP101-18,A,Regular
2416540,2,BTPS101-18,A+,Regular
2416540,2,BTPS102-18,O,Regular
2416540,3,BTAM-302-23,B,Regular
2416540,3,BTCS301-18,B+,Regular
2416540,3,BTCS302-18,B+,Regular
2416540,3,BTCS303-18,A+,Regular
2416540,3,BTCS304-18,A,Regular
2416540,3,BTCS305-18,A+,Regular
2416540,3,BTES301-18,B,Regular
2416540,3,BTES302-18,A+,Regular
2416540,3,HSMC10 1/102-18,A,Regular
2416540,3,SIT,S,Regular
2416540,4,BTCS-401-18,B+,Regular
2416540,4,BTCS-402-18,A,Regular
2416540,4,BTCS-403-18,A,Regular
2416540,4,BTCS-404-18,B,Regular
2416540,4,BTCS-405-18,B,Regular
2416540,4,BTES-401-18,A,Regular
2416540,4,BTES-402-18,P,Regular
2416540,4,EVS 101-18,O,Regular
2416540,4,HSMC-122-18,A,Regular
2416541,1,BMPD-101-18,S,Reappear
2416541,1,BTAM101-23,C,Reappear
2416541,1,BTEE101-18,C,Reappear
2416541,1,BTEE102-18,O,Reappear
2416541,1,BTME101-21,B+,Reappear
2416541,1,BTPH101-23,F(Ext),Reappear
2416541,1,BTPH102-23,A+,Reappear
2416541,2,BMPD201-18,S,Reappear
2416541,2,BTAM201-23,P,Reappear
2416541,2,BTCH101-23,F(Ext),Reappear
2416541,2,BTCH102-18,A+,Reappear
2416541,2,BTHU101-18,B+,Reappear
2416541,2,BTHU102-18,A,Reappear
2416541,2,BTMP101-18,B,Reappear
2416541,2,BTPS101-18,C,Reappear
2416541,2,BTPS102-18,A+,Reappear
2416541,3,BTAM-302-23,F(Ext),Regular
2416541,3,BTCS301-18,F(Ext),Regular
2416541,3,BTCS302-18,F(Ext),Regular
2416541,3,BTCS303-18,P,Regular
2416541,3,BTCS304-18,B+,Regular
2416541,3,BTCS305-18,P,Regular
2416541,3,BTES301-18,F(Ext/Int),Regular
2416541,3,BTES302-18,B,Regular
2416541,3,HSMC10 1/102-18,F(Ext),Regular
2416541,3,SIT,S,Regular
2416541,4,BTCS-401-18,B,Regular
2416541,4,BTCS-402-18,P,Regular
2416541,4,BTCS-403-18,P,Regular
2416541,4,BTCS-404-18,O,Regular
2416541,4,BTCS-405-18,A,Regular
2416541,4,BTES-401-18,B,Regular
2416541,4,BTES-402-18,P,Regular
2416541,4,EVS 101-18,A,Regular
2416541,4,HSMC-122-18,A,Regular
2416542,1,BMPD-101-18,S,Regular
2416542,1,BTAM101-23,C,Regular
2416542,1,BTEE101-18,B,Regular
2416542,1,BTEE102-18,A+,Regular
2416542,1,BTME101-21,A,Regular
2416542,1,BTPH101-23,B,Regular
2416542,1,BTPH102-23,O,Regular
2416542,2,BMPD201-18,S,Regular
2416542,2,BTAM201-23,C,Regular
2416542,2,BTCH101-23,B,Regular
2416542,2,BTCH102-18,O,Regular
2416542,2,BTHU101-18,A,Regular
2416542,2,BTHU102-18,A+,Regular
2416542,2,BTMP101-18,A,Regular
2416542,2,BTPS101-18,A,Regular
2416542,2,BTPS102-18,A+,Regular
2416542,3,BTAM-302-23,B+,Regular
2416542,3,BTCS301-18,B+,Regular
2416542,3,BTCS302-18,B+,Regular
2416542,3,BTCS303-18,O,Regular
2416542,3,BTCS304-18,A+,Regular
2416542,3,BTCS305-18,A+,Regular
2416542,3,BTES301-18,B+,Regular
2416542,3,BTES302-18,A+,Regular
2416542,3,HSMC10 1/102-18,B+,Regular
2416542,3,SIT,S,Regular
2416542,4,BTCS-401-18,A,Regular
2416542,4,BTCS-402-18,A,Regular
2416542,4,BTCS-403-18,A+,Regular
2416542,4,BTCS-404-18,O,Regular
2416542,4,BTCS-405-18,A+,Regular
2416542,4,BTES-401-18,A,Regular
2416542,4,BTES-402-18,O,Regular
2416542,4,EVS 101-18,A,Regular
2416542,4,HSMC-122-18,A,Regular
2416543,1,BMPD-101-18,S,Regular
2416543,1,BTAM101-23,A+,Regular
2416543,1,BTEE101-18,A,Regular
2416543,1,BTEE102-18,O,Regular
2416543,1,BTME101-21,O,Regular
2416543,1,BTPH101-23,A+,Regular
2416543,1,BTPH102-23,O,Regular
2416543,2,BMPD201-18,S,Regular
2416543,2,BTAM201-23,A+,Regular
2416543,2,BTCH101-23,O,Regular
2416543,2,BTCH102-18,O,Regular
2416543,2,BTHU101-18,A+,Regular
2416543,2,BTHU102-18,O,Regular
2416543,2,BTMP101-18,O,Regular
2416543,2,BTPS101-18,O,Regular
2416543,2,BTPS102-18,O,Regular
2416543,3,BTAM-302-23,O,Regular
2416543,3,BTCS301-18,O,Regular
2416543,3,BTCS302-18,O,Regular
2416543,3,BTCS303-18,O,Regular
2416543,3,BTCS304-18,O,Regular
2416543,3,BTCS305-18,O,Regular
2416543,3,BTES301-18,A+,Regular
2416543,3,BTES302-18,O,Regular
2416543,3,HSMC10 1/102-18,A+,Regular
2416543,3,SIT,S,Regular
2416543,4,BTCS-401-18,A+,Regular
2416543,4,BTCS-402-18,A+,Regular
2416543,4,BTCS-403-18,A+,Regular
2416543,4,BTCS-404-18,O,Regular
2416543,4,BTCS-405-18,O,Regular
2416543,4,BTES-401-18,A+,Regular
2416543,4,BTES-402-18,O,Regular
2416543,4,EVS 101-18,O,Regular
2416543,4,HSMC-122-18,A+,Regular
2416544,3,BTAM-302-23,F(Ext),Regular
2416544,3,BTCS301-18,C,Regular
2416544,3,BTCS302-18,F(Ext),Regular
2416544,3,BTCS303-18,B,Regular
2416544,3,BTCS304-18,P,Regular
2416544,3,BTCS305-18,P,Regular
2416544,3,BTES301-18,P,Regular
2416544,3,BTES302-18,P,Regular
2416544,3,HSMC10 1/102-18,B+,Regular
2416544,3,SIT,S,Regular
2416544,4,BTCS-401-18,B,Regular
2416544,4,BTCS-402-18,B,Regular
2416544,4,BTCS-403-18,B+,Regular
2416544,4,BTCS-404-18,A+,Regular
2416544,4,BTCS-405-18,A,Regular
2416544,4,BTES-401-18,B+,Regular
2416544,4,BTES-402-18,B,Regular
2416544,4,EVS 101-18,A+,Regular
2416544,4,HSMC-122-18,B+,Regular
2416545,1,BMPD-101-18,S,Regular
2416545,1,BTAM101-23,B,Regular
2416545,1,BTEE101-18,C,Regular
2416545,1,BTEE102-18,A+,Regular
2416545,1,BTME101-21,A,Regular
2416545,1,BTPH101-23,C,Regular
2416545,1,BTPH102-23,A+,Regular
2416545,2,BMPD201-18,S,Regular
2416545,2,BTAM201-23,P,Regular
2416545,2,BTCH101-23,B,Regular
2416545,2,BTCH102-18,A+,Regular
2416545,2,BTHU101-18,B+,Regular
2416545,2,BTHU102-18,A+,Regular
2416545,2,BTMP101-18,B+,Regular
2416545,2,BTPS101-18,B+,Regular
2416545,2,BTPS102-18,A+,Regular
2416545,4,BTCS-401-18,P,Regular
2416545,4,BTCS-402-18,B,Regular
2416545,4,BTCS-403-18,B,Regular
2416545,4,BTCS-404-18,C,Regular
2416545,4,BTCS-405-18,C,Regular
2416545,4,BTES-401-18,B,Regular
2416545,4,BTES-402-18,P,Regular
2416545,4,EVS 101-18,B,Regular
2416545,4,HSMC-122-18,B+,Regular
2416546,1,BMPD-101-18,S,Reappear
2416546,1,BTAM101-23,B,Reappear
2416546,1,BTEE101-18,B,Reappear
2416546,1,BTEE102-18,A+,Reappear
2416546,1,BTME101-21,B+,Reappear
2416546,1,BTPH101-23,C,Reappear
2416546,1,BTPH102-23,O,Reappear
2416546,2,BMPD201-18,S,Regular
2416546,2,BTAM201-23,F(Ext),Regular
2416546,2,BTCH101-23,B,Regular
2416546,2,BTCH102-18,A+,Regular
2416546,2,BTHU101-18,B,Regular
2416546,2,BTHU102-18,A+,Regular
2416546,2,BTMP101-18,B+,Regular
2416546,2,BTPS101-18,F(Ext),Regular
2416546,2,BTPS102-18,A+,Regular
2416546,3,BTAM-302-23,P,Regular
2416546,3,BTCS301-18,P,Regular
2416546,3,BTCS302-18,F(Ext),Regular
2416546,3,BTCS303-18,B+,Regular
2416546,3,BTCS304-18,B+,Regular
2416546,3,BTCS305-18,C,Regular
2416546,3,BTES301-18,F(Ext),Regular
2416546,3,BTES302-18,B+,Regular
2416546,3,HSMC10 1/102-18,C,Regular
2416546,3,SIT,S,Regular
2416546,4,BTCS-401-18,P,Regular
2416546,4,BTCS-402-18,P,Regular
2416546,4,BTCS-403-18,F(Ext),Regular
2416546,4,BTCS-404-18,A,Regular
2416546,4,BTCS-405-18,A,Regular
2416546,4,BTES-401-18,F(Ext),Regular
2416546,4,BTES-402-18,B,Regular
2416546,4,EVS 101-18,C,Regular
2416546,4,HSMC-122-18,F(Ext),Regular
2416547,1,BMPD-101-18,S,Regular
2416547,1,BTAM101-23,F(Ext),Regular
2416547,1,BTEE101-18,B,Regular
2416547,1,BTEE102-18,O,Regular
2416547,1,BTME101-21,B+,Regular
2416547,1,BTPH101-23,F(Ext),Regular
2416547,1,BTPH102-23,A+,Regular
2416547,2,BMPD201-18,S,Regular
2416547,2,BTAM201-23,B,Regular
2416547,2,BTCH101-23,B,Regular
2416547,2,BTCH102-18,A,Regular
2416547,2,BTHU101-18,B+,Regular
2416547,2,BTHU102-18,O,Regular
2416547,2,BTMP101-18,A,Regular
2416547,2,BTPS101-18,B+,Regular
2416547,2,BTPS102-18,A+,Regular
2416547,3,BTAM-302-23,B,Regular
2416547,3,BTCS301-18,B,Regular
2416547,3,BTCS302-18,F(Ext),Regular
2416547,3,BTCS303-18,A+,Regular
2416547,3,BTCS304-18,A,Regular
2416547,3,BTCS305-18,A+,Regular
2416547,3,BTES301-18,C,Regular
2416547,3,BTES302-18,A,Regular
2416547,3,HSMC10 1/102-18,C,Regular
2416547,3,SIT,S,Regular
2416547,4,BTCS-401-18,F(Ext),Regular
2416547,4,BTCS-402-18,B,Regular
2416547,4,BTCS-403-18,B+,Regular
2416547,4,BTCS-404-18,A+,Regular
2416547,4,BTCS-405-18,A+,Regular
2416547,4,BTES-401-18,C,Regular
2416547,4,BTES-402-18,A+,Regular
2416547,4,EVS 101-18,A,Regular
2416547,4,HSMC-122-18,B,Regular
2416548,1,BMPD-101-18,S,Regular
2416548,1,BTAM101-23,C,Regular
2416548,1,BTEE101-18,B,Regular
2416548,1,BTEE102-18,O,Regular
2416548,1,BTME101-21,B+,Regular
2416548,1,BTPH101-23,B,Regular
2416548,1,BTPH102-23,A+,Regular
2416548,2,BMPD201-18,S,Regular
2416548,2,BTAM201-23,B,Regular
2416548,2,BTCH101-23,C,Regular
2416548,2,BTCH102-18,A,Regular
2416548,2,BTHU101-18,F(Ext),Regular
2416548,2,BTHU102-18,A+,Regular
2416548,2,BTMP101-18,B+,Regular
2416548,2,BTPS101-18,B+,Regular
2416548,2,BTPS102-18,A+,Regular
2416548,3,BTAM-302-23,F(Ext),Regular
2416548,3,BTCS301-18,B,Regular
2416548,3,BTCS302-18,F(Ext),Regular
2416548,3,BTCS303-18,C,Regular
2416548,3,BTCS304-18,B+,Regular
2416548,3,BTCS305-18,P,Regular
2416548,3,BTES301-18,C,Regular
2416548,3,BTES302-18,P,Regular
2416548,3,HSMC10 1/102-18,B+,Regular
2416548,3,SIT,S,Regular
2416548,4,BTCS-401-18,B+,Regular
2416548,4,BTCS-402-18,B+,Regular
2416548,4,BTCS-403-18,B+,Regular
2416548,4,BTCS-404-18,Ab(Ext),Regular
2416548,4,BTCS-405-18,F(Int)/Ab (Ext),Regular
2416548,4,BTES-401-18,B,Regular
2416548,4,BTES-402-18,F(Int)/Ab (Ext),Regular
2416548,4,EVS 101-18,A,Regular
2416548,4,HSMC-122-18,B+,Regular
2416549,1,BMPD-101-18,S,Regular
2416549,1,BTAM101-23,B+,Regular
2416549,1,BTEE101-18,B,Regular
2416549,1,BTEE102-18,O,Regular
2416549,1,BTME101-21,A,Regular
2416549,1,BTPH101-23,B,Regular
2416549,1,BTPH102-23,O,Regular
2416549,2,BMPD201-18,S,Regular
2416549,2,BTAM201-23,B+,Regular
2416549,2,BTCH101-23,B,Regular
2416549,2,BTCH102-18,A+,Regular
2416549,2,BTHU101-18,B+,Regular
2416549,2,BTHU102-18,A,Regular
2416549,2,BTMP101-18,B+,Regular
2416549,2,BTPS101-18,B+,Regular
2416549,2,BTPS102-18,O,Regular
2416549,3,BTAM-302-23,B,Regular
2416549,3,BTCS301-18,B,Regular
2416549,3,BTCS302-18,B,Regular
2416549,3,BTCS303-18,A,Regular
2416549,3,BTCS304-18,A,Regular
2416549,3,BTCS305-18,P,Regular
2416549,3,BTES301-18,B,Regular
2416549,3,BTES302-18,A,Regular
2416549,3,HSMC10 1/102-18,B,Regular
2416549,3,SIT,S,Regular
2416549,4,BTCS-401-18,B+,Regular
2416549,4,BTCS-402-18,C,Regular
2416549,4,BTCS-403-18,A,Regular
2416549,4,BTCS-404-18,O,Regular
2416549,4,BTCS-405-18,A+,Regular
2416549,4,BTES-401-18,C,Regular
2416549,4,BTES-402-18,A+,Regular
2416549,4,EVS 101-18,B+,Regular
2416549,4,HSMC-122-18,B+,Regular
2416550,1,BMPD-101-18,S,Regular
2416550,1,BTAM101-23,F(Ext),Regular
2416550,1,BTEE101-18,C,Regular
2416550,1,BTEE102-18,A+,Regular
2416550,1,BTME101-21,A,Regular
2416550,1,BTPH101-23,F(Ext),Regular
2416550,1,BTPH102-23,A,Regular
2416550,2,BMPD201-18,S,Reappear
2416550,2,BTAM201-23,F(Ext),Reappear
2416550,2,BTCH101-23,F(Ext),Reappear
2416550,2,BTCH102-18,B+,Reappear
2416550,2,BTHU101-18,B+,Reappear
2416550,2,BTHU102-18,A,Reappear
2416550,2,BTMP101-18,B,Reappear
2416550,2,BTPS101-18,B,Reappear
2416550,2,BTPS102-18,A+,Reappear
2416550,3,BTCS301-18,F(Int)/Ab (Ext),Regular
2416550,3,BTCS302-18,F(Int)/Ab (Ext),Regular
2416550,3,BTCS303-18,P,Regular
2416550,3,BTCS304-18,Ab(Ext),Regular
2416550,3,BTCS305-18,F(Int)/Ab (Ext),Regular
2416550,3,BTES301-18,F(Int)/Ab (Ext),Regular
2416550,3,BTES302-18,F(Int)/Ab (Ext),Regular
2416550,3,HSMC10 1/102-18,F(Int)/Ab (Ext),Regular
2416550,3,SIT,S,Regular
2416550,4,BTCS-401-18,P,Regular
2416550,4,BTCS-402-18,F(Ext),Regular
2416550,4,BTCS-403-18,F(Ext),Regular
2416550,4,BTCS-404-18,P,Regular
2416550,4,BTCS-405-18,C,Regular
2416550,4,BTES-401-18,F(Ext),Regular
2416550,4,BTES-402-18,P,Regular
2416550,4,EVS 101-18,B+,Regular
2416550,4,HSMC-122-18,F(Ext),Regular
2416551,1,BMPD-101-18,S,Reappear
2416551,1,BTAM101-23,B,Reappear
2416551,1,BTEE101-18,A,Reappear
2416551,1,BTEE102-18,O,Reappear
2416551,1,BTME101-21,A+,Reappear
2416551,1,BTPH101-23,B,Reappear
2416551,1,BTPH102-23,O,Reappear
2416551,2,BMPD201-18,S,Regular
2416551,2,BTAM201-23,B,Regular
2416551,2,BTCH101-23,B,Regular
2416551,2,BTCH102-18,A+,Regular
2416551,2,BTHU101-18,B+,Regular
2416551,2,BTHU102-18,A+,Regular
2416551,2,BTMP101-18,A+,Regular
2416551,2,BTPS101-18,B+,Regular
2416551,2,BTPS102-18,A+,Regular
2416551,3,BTAM-302-23,B+,Regular
2416551,3,BTCS301-18,A,Regular
2416551,3,BTCS302-18,A,Regular
2416551,3,BTCS303-18,O,Regular
2416551,3,BTCS304-18,A,Regular
2416551,3,BTCS305-18,A,Regular
2416551,3,BTES301-18,B+,Regular
2416551,3,BTES302-18,A+,Regular
2416551,3,HSMC10 1/102-18,A,Regular
2416551,3,SIT,S,Regular
2416551,4,BTCS-401-18,A,Regular
2416551,4,BTCS-402-18,A,Regular
2416551,4,BTCS-403-18,A+,Regular
2416551,4,BTCS-404-18,O,Regular
2416551,4,BTCS-405-18,O,Regular
2416551,4,BTES-401-18,A,Regular
2416551,4,BTES-402-18,A+,Regular
2416551,4,EVS 101-18,A+,Regular
2416551,4,HSMC-122-18,A,Regular
2416552,1,BMPD-101-18,S,Reappear
2416552,1,BTAM101-23,B,Reappear
2416552,1,BTEE101-18,B+,Reappear
2416552,1,BTEE102-18,A+,Reappear
2416552,1,BTME101-21,A,Reappear
2416552,1,BTPH101-23,B,Reappear
2416552,1,BTPH102-23,O,Reappear
2416552,2,BMPD201-18,S,Regular
2416552,2,BTAM201-23,C,Regular
2416552,2,BTCH101-23,B,Regular
2416552,2,BTCH102-18,A+,Regular
2416552,2,BTHU101-18,A,Regular
2416552,2,BTHU102-18,A+,Regular
2416552,2,BTMP101-18,A+,Regular
2416552,2,BTPS101-18,B,Regular
2416552,2,BTPS102-18,A+,Regular
2416552,3,BTAM-302-23,B,Regular
2416552,3,BTCS301-18,B,Regular
2416552,3,BTCS302-18,F(Ext),Regular
2416552,3,BTCS303-18,B+,Regular
2416552,3,BTCS304-18,A,Regular
2416552,3,BTCS305-18,B,Regular
2416552,3,BTES301-18,C,Regular
2416552,3,BTES302-18,A,Regular
2416552,3,HSMC10 1/102-18,B,Regular
2416552,3,SIT,S,Regular
2416552,4,BTCS-401-18,A,Regular
2416552,4,BTCS-402-18,B,Regular
2416552,4,BTCS-403-18,P,Regular
2416552,4,BTCS-404-18,A+,Regular
2416552,4,BTCS-405-18,A+,Regular
2416552,4,BTES-401-18,B,Regular
2416552,4,BTES-402-18,B+,Regular
2416552,4,EVS 101-18,B+,Regular
2416552,4,HSMC-122-18,B+,Regular
2416553,1,BMPD-101-18,S,Regular
2416553,1,BTAM101-23,A,Regular
2416553,1,BTEE101-18,A,Regular
2416553,1,BTEE102-18,O,Regular
2416553,1,BTME101-21,O,Regular
2416553,1,BTPH101-23,B+,Regular
2416553,1,BTPH102-23,O,Regular
2416553,2,BMPD201-18,S,Regular
2416553,2,BTAM201-23,A,Regular
2416553,2,BTCH101-23,A,Regular
2416553,2,BTCH102-18,O,Regular
2416553,2,BTHU101-18,A+,Regular
2416553,2,BTHU102-18,O,Regular
2416553,2,BTMP101-18,A,Regular
2416553,2,BTPS101-18,A,Regular
2416553,2,BTPS102-18,O,Regular
2416553,3,BTAM-302-23,B,Regular
2416553,3,BTCS301-18,A,Regular
2416553,3,BTCS302-18,B,Regular
2416553,3,BTCS303-18,A,Regular
2416553,3,BTCS304-18,A,Regular
2416553,3,BTCS305-18,A+,Regular
2416553,3,BTES301-18,B,Regular
2416553,3,BTES302-18,A+,Regular
2416553,3,HSMC10 1/102-18,B,Regular
2416553,3,SIT,S,Regular
2416554,1,BMPD-101-18,S,Reappear
2416554,1,BTAM101-23,P,Reappear
2416554,1,BTEE101-18,B,Reappear
2416554,1,BTEE102-18,A+,Reappear
2416554,1,BTME101-21,B+,Reappear
2416554,1,BTPH101-23,P,Reappear
2416554,1,BTPH102-23,A+,Reappear
2416554,2,BMPD201-18,S,Regular
2416554,2,BTAM201-23,P,Regular
2416554,2,BTCH101-23,F(Ext),Regular
2416554,2,BTCH102-18,B+,Regular
2416554,2,BTHU101-18,B+,Regular
2416554,2,BTHU102-18,A,Regular
2416554,2,BTMP101-18,B,Regular
2416554,2,BTPS101-18,F(Ext),Regular
2416554,2,BTPS102-18,A,Regular
2416554,3,BTCS301-18,F(Int)/Ab (Ext),Regular
2416554,3,BTCS302-18,F(Ext/Int),Regular
2416554,3,BTCS303-18,F(Int)/Ab (Ext),Regular
2416554,3,BTCS304-18,F(Int)/Ab (Ext),Regular
2416554,3,BTCS305-18,F(Int)/Ab (Ext),Regular
2416554,3,BTES301-18,F(Int)/Ab (Ext),Regular
2416554,3,BTES302-18,F(Int)/Ab (Ext),Regular
2416554,3,HSMC10 1/102-18,F(Int)/Ab (Ext),Regular
2416554,3,SIT,S,Regular
2416554,4,BTCS-401-18,F(Int)/Ab (Ext),Regular
2416554,4,BTCS-402-18,F(Int)/Ab (Ext),Regular
2416554,4,BTCS-403-18,F(Int)/Ab (Ext),Regular
2416554,4,BTCS-404-18,F(Int)/Ab (Ext),Regular
2416554,4,BTCS-405-18,F(Int)/Ab (Ext),Regular
2416554,4,BTES-401-18,F(Int)/Ab (Ext),Regular
2416554,4,BTES-402-18,F(Int)/Ab (Ext),Regular
2416554,4,EVS 101-18,F(Int),Regular
2416554,4,HSMC-122-18,F(Ext/Int),Regular
2416555,1,BMPD-101-18,S,Reappear
2416555,1,BTAM101-23,B,Reappear
2416555,1,BTEE101-18,C,Reappear
2416555,1,BTEE102-18,A+,Reappear
2416555,1,BTME101-21,B+,Reappear
2416555,1,BTPH101-23,B,Reappear
2416555,1,BTPH102-23,O,Reappear
2416555,2,BMPD201-18,S,Regular
2416555,2,BTAM201-23,P,Regular
2416555,2,BTCH101-23,C,Regular
2416555,2,BTCH102-18,A,Regular
2416555,2,BTHU101-18,B+,Regular
2416555,2,BTHU102-18,A+,Regular
2416555,2,BTMP101-18,B+,Regular
2416555,2,BTPS101-18,F(Ext),Regular
2416555,2,BTPS102-18,A+,Regular
2416555,3,BTAM-302-23,C,Regular
2416555,3,BTCS301-18,B,Regular
2416555,3,BTCS302-18,F(Ext),Regular
2416555,3,BTCS303-18,A,Regular
2416555,3,BTCS304-18,A,Regular
2416555,3,BTCS305-18,A+,Regular
2416555,3,BTES301-18,F(Ext),Regular
2416555,3,BTES302-18,B,Regular
2416555,3,HSMC10 1/102-18,P,Regular
2416555,3,SIT,S,Regular
2416555,4,BTCS-401-18,Ab(Ext),Regular
2416555,4,BTCS-402-18,P,Regular
2416555,4,BTCS-403-18,Ab(Ext),Regular
2416555,4,BTCS-404-18,P,Regular
2416555,4,BTCS-405-18,C,Regular
2416555,4,BTES-401-18,F(Ext),Regular
2416555,4,BTES-402-18,P,Regular
2416555,4,EVS 101-18,C,Regular
2416555,4,HSMC-122-18,P,Regular
2416556,1,BMPD-101-18,S,Regular
2416556,1,BTAM101-23,C,Regular
2416556,1,BTEE101-18,B,Regular
2416556,1,BTEE102-18,A+,Regular
2416556,1,BTME101-21,B+,Regular
2416556,1,BTPH101-23,F(Ext),Regular
2416556,1,BTPH102-23,A+,Regular
2416556,2,BMPD201-18,S,Regular
2416556,2,BTAM201-23,B,Regular
2416556,2,BTCH101-23,B+,Regular
2416556,2,BTCH102-18,A,Regular
2416556,2,BTHU101-18,B+,Regular
2416556,2,BTHU102-18,A+,Regular
2416556,2,BTMP101-18,A,Regular
2416556,2,BTPS101-18,A,Regular
2416556,2,BTPS102-18,A+,Regular
2416556,4,BTCS-401-18,B+,Regular
2416556,4,BTCS-402-18,B+,Regular
2416556,4,BTCS-403-18,B+,Regular
2416556,4,BTCS-404-18,A+,Regular
2416556,4,BTCS-405-18,A+,Regular
2416556,4,BTES-401-18,B+,Regular
2416556,4,BTES-402-18,B+,Regular
2416556,4,EVS 101-18,A,Regular
2416556,4,HSMC-122-18,B+,Regular
2416557,1,BMPD-101-18,S,Regular
2416557,1,BTAM101-23,A+,Regular
2416557,1,BTEE101-18,B+,Regular
2416557,1,BTEE102-18,O,Regular
2416557,1,BTME101-21,A,Regular
2416557,1,BTPH101-23,A,Regular
2416557,1,BTPH102-23,O,Regular
2416557,2,BMPD201-18,S,Regular
2416557,2,BTAM201-23,A,Regular
2416557,2,BTCH101-23,A,Regular
2416557,2,BTCH102-18,O,Regular
2416557,2,BTHU101-18,A,Regular
2416557,2,BTHU102-18,A+,Regular
2416557,2,BTMP101-18,A+,Regular
2416557,2,BTPS101-18,A+,Regular
2416557,2,BTPS102-18,O,Regular
2416557,3,BTAM-302-23,B+,Regular
2416557,3,BTCS301-18,A+,Regular
2416557,3,BTCS302-18,A+,Regular
2416557,3,BTCS303-18,A,Regular
2416557,3,BTCS304-18,A,Regular
2416557,3,BTCS305-18,B+,Regular
2416557,3,BTES301-18,A+,Regular
2416557,3,BTES302-18,A+,Regular
2416557,3,HSMC10 1/102-18,A,Regular
2416557,3,SIT,S,Regular
2416557,4,BTCS-401-18,A,Regular
2416557,4,BTCS-402-18,A,Regular
2416557,4,BTCS-403-18,A+,Regular
2416557,4,BTCS-404-18,O,Regular
2416557,4,BTCS-405-18,O,Regular
2416557,4,BTES-401-18,A,Regular
2416557,4,BTES-402-18,A+,Regular
2416557,4,EVS 101-18,O,Regular
2416557,4,HSMC-122-18,A,Regular
2416558,1,BMPD-101-18,S,Regular
2416558,1,BTAM101-23,A,Regular
2416558,1,BTEE101-18,B+,Regular
2416558,1,BTEE102-18,A+,Regular
2416558,1,BTME101-21,A+,Regular
2416558,1,BTPH101-23,B+,Regular
2416558,1,BTPH102-23,A+,Regular
2416558,2,BMPD201-18,S,Regular
2416558,2,BTAM201-23,A,Regular
2416558,2,BTCH101-23,A,Regular
2416558,2,BTCH102-18,A+,Regular
2416558,2,BTHU101-18,A+,Regular
2416558,2,BTHU102-18,A,Regular
2416558,2,BTMP101-18,A+,Regular
2416558,2,BTPS101-18,A+,Regular
2416558,2,BTPS102-18,A+,Regular
2416558,3,BTAM-302-23,B+,Regular
2416558,3,BTCS301-18,A+,Regular
2416558,3,BTCS302-18,A+,Regular
2416558,3,BTCS303-18,B+,Regular
2416558,3,BTCS304-18,A,Regular
2416558,3,BTCS305-18,B,Regular
2416558,3,BTES301-18,B+,Regular
2416558,3,BTES302-18,A+,Regular
2416558,3,HSMC10 1/102-18,A,Regular
2416558,3,SIT,S,Regular
2416558,4,BTCS-401-18,A+,Regular
2416558,4,BTCS-402-18,A,Regular
2416558,4,BTCS-403-18,A+,Regular
2416558,4,BTCS-404-18,O,Regular
2416558,4,BTCS-405-18,A+,Regular
2416558,4,BTES-401-18,A+,Regular
2416558,4,BTES-402-18,A,Regular
2416558,4,EVS 101-18,A+,Regular
2416558,4,HSMC-122-18,A+,Regular
2416559,1,BMPD-101-18,S,Regular
2416559,1,BTAM101-23,B+,Regular
2416559,1,BTEE101-18,B+,Regular
2416559,1,BTEE102-18,A+,Regular
2416559,1,BTME101-21,A,Regular
2416559,1,BTPH101-23,B,Regular
2416559,1,BTPH102-23,A+,Regular
2416559,2,BMPD201-18,S,Regular
2416559,2,BTAM201-23,B+,Regular
2416559,2,BTCH101-23,B+,Regular
2416559,2,BTCH102-18,A+,Regular
2416559,2,BTHU101-18,A,Regular
2416559,2,BTHU102-18,A,Regular
2416559,2,BTMP101-18,A,Regular
2416559,2,BTPS101-18,A,Regular
2416559,2,BTPS102-18,O,Regular
2416559,3,BTAM-302-23,B,Regular
2416559,3,BTCS301-18,A,Regular
2416559,3,BTCS302-18,B,Regular
2416559,3,BTCS303-18,B+,Regular
2416559,3,BTCS304-18,A,Regular
2416559,3,BTCS305-18,B,Regular
2416559,3,BTES301-18,B,Regular
2416559,3,BTES302-18,A,Regular
2416559,3,HSMC10 1/102-18,B,Regular
2416559,3,SIT,S,Regular
2416559,4,BTCS-401-18,B+,Regular
2416559,4,BTCS-402-18,B,Regular
2416559,4,BTCS-403-18,B+,Regular
2416559,4,BTCS-404-18,A+,Regular
2416559,4,BTCS-405-18,B,Regular
2416559,4,BTES-401-18,B,Regular
2416559,4,BTES-402-18,B+,Regular
2416559,4,EVS 101-18,A+,Regular
2416559,4,HSMC-122-18,B+,Regular
2416560,1,BMPD-101-18,S,Regular
2416560,1,BTAM101-23,A,Regular
2416560,1,BTEE101-18,B,Regular
2416560,1,BTEE102-18,A+,Regular
2416560,1,BTME101-21,A+,Regular
2416560,1,BTPH101-23,A,Regular
2416560,1,BTPH102-23,O,Regular
2416560,2,BMPD201-18,S,Regular
2416560,2,BTAM201-23,B+,Regular
2416560,2,BTCH101-23,A,Regular
2416560,2,BTCH102-18,A+,Regular
2416560,2,BTHU101-18,A,Regular
2416560,2,BTHU102-18,A+,Regular
2416560,2,BTMP101-18,A+,Regular
2416560,2,BTPS101-18,A,Regular
2416560,2,BTPS102-18,O,Regular
2416560,3,BTAM-302-23,A,Regular
2416560,3,BTCS301-18,A+,Regular
2416560,3,BTCS302-18,A,Regular
2416560,3,BTCS303-18,A+,Regular
2416560,3,BTCS304-18,A,Regular
2416560,3,BTCS305-18,B+,Regular
2416560,3,BTES301-18,B+,Regular
2416560,3,BTES302-18,A+,Regular
2416560,3,HSMC10 1/102-18,A,Regular
2416560,3,SIT,S,Regular
2416560,4,BTCS-401-18,A,Regular
2416560,4,BTCS-402-18,A,Regular
2416560,4,BTCS-403-18,A+,Regular
2416560,4,BTCS-404-18,O,Regular
2416560,4,BTCS-405-18,O,Regular
2416560,4,BTES-401-18,A+,Regular
2416560,4,BTES-402-18,A+,Regular
2416560,4,EVS 101-18,O,Regular
2416560,4,HSMC-122-18,A,Regular
2416561,1,BMPD-101-18,S,Reappear
2416561,1,BTAM101-23,C,Reappear
2416561,1,BTEE101-18,B,Reappear
2416561,1,BTEE102-18,A+,Reappear
2416561,1,BTME101-21,A,Reappear
2416561,1,BTPH101-23,B,Reappear
2416561,1,BTPH102-23,A+,Reappear
2416561,2,BMPD201-18,S,Regular
2416561,2,BTAM201-23,B,Regular
2416561,2,BTCH101-23,B+,Regular
2416561,2,BTCH102-18,A+,Regular
2416561,2,BTHU101-18,B,Regular
2416561,2,BTHU102-18,A,Regular
2416561,2,BTMP101-18,B+,Regular
2416561,2,BTPS101-18,B+,Regular
2416561,2,BTPS102-18,A+,Regular
2416561,3,BTAM-302-23,B+,Regular
2416561,3,BTCS301-18,A,Regular
2416561,3,BTCS302-18,A,Regular
2416561,3,BTCS303-18,A,Regular
2416561,3,BTCS304-18,A+,Regular
2416561,3,BTCS305-18,B,Regular
2416561,3,BTES301-18,B,Regular
2416561,3,BTES302-18,B+,Regular
2416561,3,HSMC10 1/102-18,B+,Regular
2416561,3,SIT,S,Regular
2416561,4,BTCS-401-18,B+,Regular
2416561,4,BTCS-402-18,B+,Regular
2416561,4,BTCS-403-18,A,Regular
2416561,4,BTCS-404-18,A+,Regular
2416561,4,BTCS-405-18,A+,Regular
2416561,4,BTES-401-18,A,Regular
2416561,4,BTES-402-18,A,Regular
2416561,4,EVS 101-18,A,Regular
2416561,4,HSMC-122-18,B+,Regular
2416562,1,BMPD-101-18,S,Reappear
2416562,1,BTAM101-23,P,Reappear
2416562,1,BTEE101-18,F(Ext),Reappear
2416562,1,BTEE102-18,A,Reappear
2416562,1,BTME101-21,F(Ext),Reappear
2416562,1,BTPH101-23,Ab(Ext),Reappear
2416562,1,BTPH102-23,A+,Reappear
2416562,2,BMPD201-18,S,Reappear
2416562,2,BTAM201-23,P,Reappear
2416562,2,BTCH101-23,B,Reappear
2416562,2,BTCH102-18,B+,Reappear
2416562,2,BTHU101-18,A,Reappear
2416562,2,BTHU102-18,A,Reappear
2416562,2,BTMP101-18,B,Reappear
2416562,2,BTPS101-18,B+,Reappear
2416562,2,BTPS102-18,A+,Reappear
2416562,3,BTCS301-18,F(Int)/Ab (Ext),Regular
2416562,3,BTCS302-18,F(Int)/Ab (Ext),Regular
2416562,3,BTCS303-18,F(Int)/Ab (Ext),Regular
2416562,3,BTCS304-18,Ab(Ext),Regular
2416562,3,BTCS305-18,F(Int)/Ab (Ext),Regular
2416562,3,BTES301-18,F(Int)/Ab (Ext),Regular
2416562,3,BTES302-18,F(Int)/Ab (Ext),Regular
2416562,3,HSMC10 1/102-18,F(Int)/Ab (Ext),Regular
2416562,3,SIT,S,Regular
2416562,4,BTCS-401-18,P,Regular
2416562,4,BTCS-402-18,B,Regular
2416562,4,BTCS-403-18,B+,Regular
2416562,4,BTCS-404-18,Ab(Ext),Regular
2416562,4,BTCS-405-18,Ab(Ext),Regular
2416562,4,BTES-401-18,B,Regular
2416562,4,BTES-402-18,F(Int)/Ab (Ext),Regular
2416562,4,EVS 101-18,A,Regular
2416562,4,HSMC-122-18,B+,Regular
2416563,1,BMPD-101-18,S,Reappear
2416563,1,BTAM101-23,B,Reappear
2416563,1,BTEE101-18,B,Reappear
2416563,1,BTEE102-18,O,Reappear
2416563,1,BTME101-21,A,Reappear
2416563,1,BTPH101-23,C,Reappear
2416563,1,BTPH102-23,A+,Reappear
2416563,2,BMPD201-18,S,Regular
2416563,2,BTAM201-23,B,Regular
2416563,2,BTCH101-23,B,Regular
2416563,2,BTCH102-18,A+,Regular
2416563,2,BTHU101-18,B+,Regular
2416563,2,BTHU102-18,A+,Regular
2416563,2,BTMP101-18,B+,Regular
2416563,2,BTPS101-18,F(Ext),Regular
2416563,2,BTPS102-18,A+,Regular
2416563,3,BTAM-302-23,B,Regular
2416563,3,BTCS301-18,B+,Regular
2416563,3,BTCS302-18,B,Regular
2416563,3,BTCS303-18,A+,Regular
2416563,3,BTCS304-18,A+,Regular
2416563,3,BTCS305-18,B+,Regular
2416563,3,BTES301-18,F(Ext),Regular
2416563,3,BTES302-18,A+,Regular
2416563,3,HSMC10 1/102-18,B+,Regular
2416563,3,SIT,S,Regular
2416563,4,BTCS-401-18,B,Regular
2416563,4,BTCS-402-18,B+,Regular
2416563,4,BTCS-403-18,B+,Regular
2416563,4,BTCS-404-18,A+,Regular
2416563,4,BTCS-405-18,A+,Regular
2416563,4,BTES-401-18,B+,Regular
2416563,4,BTES-402-18,A,Regular
2416563,4,EVS 101-18,A+,Regular
2416563,4,HSMC-122-18,B+,Regular
2416564,1,BMPD-101-18,S,Regular
2416564,1,BTAM101-23,A,Regular
2416564,1,BTEE101-18,B+,Regular
2416564,1,BTEE102-18,O,Regular
2416564,1,BTME101-21,A+,Regular
2416564,1,BTPH101-23,A+,Regular
2416564,1,BTPH102-23,O,Regular
2416564,2,BMPD201-18,S,Regular
2416564,2,BTAM201-23,A,Regular
2416564,2,BTCH101-23,A+,Regular
2416564,2,BTCH102-18,A+,Regular
2416564,2,BTHU101-18,O,Regular
2416564,2,BTHU102-18,O,Regular
2416564,2,BTMP101-18,A+,Regular
2416564,2,BTPS101-18,A,Regular
2416564,2,BTPS102-18,O,Regular
2416564,3,BTAM-302-23,A+,Regular
2416564,3,BTCS301-18,A+,Regular
2416564,3,BTCS302-18,O,Regular
2416564,3,BTCS303-18,O,Regular
2416564,3,BTCS304-18,O,Regular
2416564,3,BTCS305-18,O,Regular
2416564,3,BTES301-18,A,Regular
2416564,3,BTES302-18,O,Regular
2416564,3,HSMC10 1/102-18,A+,Regular
2416564,3,SIT,S,Regular
2416564,4,BTCS-401-18,A+,Regular
2416564,4,BTCS-402-18,A+,Regular
2416564,4,BTCS-403-18,A+,Regular
2416564,4,BTCS-404-18,O,Regular
2416564,4,BTCS-405-18,O,Regular
2416564,4,BTES-401-18,A+,Regular
2416564,4,BTES-402-18,O,Regular
2416564,4,EVS 101-18,O,Regular
2416564,4,HSMC-122-18,A+,Regular
2416565,1,BMPD-101-18,S,Regular
2416565,1,BTAM101-23,C,Regular
2416565,1,BTEE101-18,B+,Regular
2416565,1,BTEE102-18,A+,Regular
2416565,1,BTME101-21,A,Regular
2416565,1,BTPH101-23,B+,Regular
2416565,1,BTPH102-23,O,Regular
2416565,2,BMPD201-18,S,Regular
2416565,2,BTAM201-23,B,Regular
2416565,2,BTCH101-23,B,Regular
2416565,2,BTCH102-18,A,Regular
2416565,2,BTHU101-18,A+,Regular
2416565,2,BTHU102-18,A,Regular
2416565,2,BTMP101-18,A,Regular
2416565,2,BTPS101-18,B+,Regular
2416565,2,BTPS102-18,A+,Regular
2416565,3,BTAM-302-23,B,Regular
2416565,3,BTCS301-18,B+,Regular
2416565,3,BTCS302-18,B+,Regular
2416565,3,BTCS303-18,A+,Regular
2416565,3,BTCS304-18,A,Regular
2416565,3,BTCS305-18,B+,Regular
2416565,3,BTES301-18,B+,Regular
2416565,3,BTES302-18,A,Regular
2416565,3,HSMC10 1/102-18,A,Regular
2416565,3,SIT,S,Regular
2416565,4,BTCS-401-18,A,Regular
2416565,4,BTCS-402-18,A,Regular
2416565,4,BTCS-403-18,A,Regular
2416565,4,BTCS-404-18,A+,Regular
2416565,4,BTCS-405-18,A+,Regular
2416565,4,BTES-401-18,A+,Regular
2416565,4,BTES-402-18,A,Regular
2416565,4,EVS 101-18,O,Regular
2416565,4,HSMC-122-18,A+,Regular
2416566,1,BMPD-101-18,S,Regular
2416566,1,BTAM101-23,P,Regular
2416566,1,BTEE101-18,B+,Regular
2416566,1,BTEE102-18,A+,Regular
2416566,1,BTME101-21,A,Regular
2416566,1,BTPH101-23,B,Regular
2416566,1,BTPH102-23,A+,Regular
2416566,2,BMPD201-18,S,Regular
2416566,2,BTAM201-23,P,Regular
2416566,2,BTCH101-23,B,Regular
2416566,2,BTCH102-18,A,Regular
2416566,2,BTHU101-18,B+,Regular
2416566,2,BTHU102-18,A,Regular
2416566,2,BTMP101-18,B+,Regular
2416566,2,BTPS101-18,B+,Regular
2416566,2,BTPS102-18,A,Regular
2416566,3,BTAM-302-23,B,Regular
2416566,3,BTCS301-18,A,Regular
2416566,3,BTCS302-18,B+,Regular
2416566,3,BTCS303-18,A,Regular
2416566,3,BTCS304-18,A+,Regular
2416566,3,BTCS305-18,B+,Regular
2416566,3,BTES301-18,C,Regular
2416566,3,BTES302-18,B,Regular
2416566,3,HSMC10 1/102-18,B,Regular
2416566,3,SIT,S,Regular
2416566,4,BTCS-401-18,A,Regular
2416566,4,BTCS-402-18,B+,Regular
2416566,4,BTCS-403-18,A,Regular
2416566,4,BTCS-404-18,P,Regular
2416566,4,BTCS-405-18,A,Regular
2416566,4,BTES-401-18,A,Regular
2416566,4,BTES-402-18,P,Regular
2416566,4,EVS 101-18,A,Regular
2416566,4,HSMC-122-18,A,Regular
2416567,1,BMPD-101-18,S,Regular
2416567,1,BTAM101-23,F(Int)/Ab (Ext),Regular
2416567,1,BTEE101-18,B+,Regular
2416567,1,BTEE102-18,B+,Regular
2416567,1,BTME101-21,Ab(Ext),Regular
2416567,1,BTPH101-23,B,Regular
2416567,1,BTPH102-23,A,Regular
2416567,2,BMPD201-18,S,Reappear
2416567,2,BTAM201-23,P,Reappear
2416567,2,BTCH101-23,P,Reappear
2416567,2,BTCH102-18,A,Reappear
2416567,2,BTHU101-18,B,Reappear
2416567,2,BTHU102-18,A,Reappear
2416567,2,BTMP101-18,B,Reappear
2416567,2,BTPS101-18,Ab(Ext),Reappear
2416567,2,BTPS102-18,A+,Reappear
2416567,3,BTAM-302-23,F(Ext),Regular
2416567,3,BTCS301-18,F(Ext),Regular
2416567,3,BTCS302-18,F(Ext),Regular
2416567,3,BTCS303-18,Ab(Ext),Regular
2416567,3,BTCS304-18,F(Int)/Ab (Ext),Regular
2416567,3,BTCS305-18,Ab(Ext),Regular
2416567,3,BTES301-18,P,Regular
2416567,3,BTES302-18,P,Regular
2416567,3,HSMC10 1/102-18,B,Regular
2416567,3,SIT,UN(Int),Regular
2416567,4,BTCS-401-18,F(Int)/Ab (Ext),Regular
2416567,4,BTCS-402-18,F(Int)/Ab (Ext),Regular
2416567,4,BTCS-403-18,F(Int)/Ab (Ext),Regular
2416567,4,BTCS-404-18,F(Int)/Ab (Ext),Regular
2416567,4,BTCS-405-18,F(Int)/Ab (Ext),Regular
2416567,4,BTES-401-18,F(Int)/Ab (Ext),Regular
2416567,4,BTES-402-18,F(Int)/Ab (Ext),Regular
2416567,4,EVS 101-18,P,Regular
2416567,4,HSMC-122-18,F(Int)/Ab (Ext),Regular
2416568,1,BMPD-101-18,S,Regular
2416568,1,BTAM101-23,B+,Regular
2416568,1,BTEE101-18,A,Regular
2416568,1,BTEE102-18,O,Regular
2416568,1,BTME101-21,O,Regular
2416568,1,BTPH101-23,B+,Regular
2416568,1,BTPH102-23,O,Regular
2416568,2,BMPD201-18,S,Regular
2416568,2,BTAM201-23,B+,Regular
2416568,2,BTCH101-23,B+,Regular
2416568,2,BTCH102-18,A+,Regular
2416568,2,BTHU101-18,A,Regular
2416568,2,BTHU102-18,O,Regular
2416568,2,BTMP101-18,A+,Regular
2416568,2,BTPS101-18,A,Regular
2416568,2,BTPS102-18,A+,Regular
2416568,3,BTAM-302-23,F(Ext),Regular
2416568,3,BTCS301-18,B+,Regular
2416568,3,BTCS302-18,A,Regular
2416568,3,BTCS303-18,A+,Regular
2416568,3,BTCS304-18,A+,Regular
2416568,3,BTCS305-18,A,Regular
2416568,3,BTES301-18,C,Regular
2416568,3,BTES302-18,A+,Regular
2416568,3,HSMC10 1/102-18,B+,Regular
2416568,3,SIT,S,Regular
2416568,4,BTCS-401-18,B,Regular
2416568,4,BTCS-402-18,A,Regular
2416568,4,BTCS-403-18,A,Regular
2416568,4,BTCS-404-18,O,Regular
2416568,4,BTCS-405-18,O,Regular
2416568,4,BTES-401-18,A,Regular
2416568,4,BTES-402-18,O,Regular
2416568,4,EVS 101-18,A,Regular
2416568,4,HSMC-122-18,B+,Regular
2416569,1,BMPD-101-18,S,Regular
2416569,1,BTAM101-23,C,Regular
2416569,1,BTEE101-18,B+,Regular
2416569,1,BTEE102-18,A,Regular
2416569,1,BTME101-21,A,Regular
2416569,1,BTPH101-23,B,Regular
2416569,1,BTPH102-23,A+,Regular
2416569,2,BMPD201-18,S,Regular
2416569,2,BTAM201-23,P,Regular
2416569,2,BTCH101-23,B+,Regular
2416569,2,BTCH102-18,A,Regular
2416569,2,BTHU101-18,A,Regular
2416569,2,BTHU102-18,A+,Regular
2416569,2,BTMP101-18,A,Regular
2416569,2,BTPS101-18,F(Ext),Regular
2416569,2,BTPS102-18,B+,Regular
2416569,3,BTAM-302-23,B,Regular
2416569,3,BTCS301-18,B,Regular
2416569,3,BTCS302-18,B,Regular
2416569,3,BTCS303-18,B+,Regular
2416569,3,BTCS304-18,B+,Regular
2416569,3,BTCS305-18,B,Regular
2416569,3,BTES301-18,B,Regular
2416569,3,BTES302-18,A,Regular
2416569,3,HSMC10 1/102-18,B+,Regular
2416569,3,SIT,S,Regular
2416570,1,BMPD-101-18,S,Regular
2416570,1,BTAM101-23,A,Regular
2416570,1,BTEE101-18,A,Regular
2416570,1,BTEE102-18,O,Regular
2416570,1,BTME101-21,O,Regular
2416570,1,BTPH101-23,A,Regular
2416570,1,BTPH102-23,O,Regular
2416570,2,BMPD201-18,S,Regular
2416570,2,BTAM201-23,A,Regular
2416570,2,BTCH101-23,A+,Regular
2416570,2,BTCH102-18,O,Regular
2416570,2,BTHU101-18,A+,Regular
2416570,2,BTHU102-18,O,Regular
2416570,2,BTMP101-18,A+,Regular
2416570,2,BTPS101-18,A,Regular
2416570,2,BTPS102-18,O,Regular
2416570,3,BTAM-302-23,A+,Regular
2416570,3,BTCS301-18,A+,Regular
2416570,3,BTCS302-18,A+,Regular
2416570,3,BTCS303-18,O,Regular
2416570,3,BTCS304-18,O,Regular
2416570,3,BTCS305-18,O,Regular
2416570,3,BTES301-18,A,Regular
2416570,3,BTES302-18,O,Regular
2416570,3,HSMC10 1/102-18,A+,Regular
2416570,3,SIT,S,Regular
2416570,4,BTCS-401-18,A+,Regular
2416570,4,BTCS-402-18,A+,Regular
2416570,4,BTCS-403-18,A+,Regular
2416570,4,BTCS-404-18,O,Regular
2416570,4,BTCS-405-18,O,Regular
2416570,4,BTES-401-18,A+,Regular
2416570,4,BTES-402-18,O,Regular
2416570,4,EVS 101-18,O,Regular
2416570,4,HSMC-122-18,A,Regular
2416571,1,BMPD-101-18,S,Regular
2416571,1,BTAM101-23,A,Regular
2416571,1,BTEE101-18,A,Regular
2416571,1,BTEE102-18,O,Regular
2416571,1,BTME101-21,A+,Regular
2416571,1,BTPH101-23,A,Regular
2416571,1,BTPH102-23,O,Regular
2416571,2,BMPD201-18,S,Regular
2416571,2,BTAM201-23,B+,Regular
2416571,2,BTCH101-23,A,Regular
2416571,2,BTCH102-18,A+,Regular
2416571,2,BTHU101-18,A+,Regular
2416571,2,BTHU102-18,A+,Regular
2416571,2,BTMP101-18,O,Regular
2416571,2,BTPS101-18,A+,Regular
2416571,2,BTPS102-18,A+,Regular
2416571,4,BTCS-401-18,A+,Regular
2416571,4,BTCS-402-18,A+,Regular
2416571,4,BTCS-403-18,A+,Regular
2416571,4,BTCS-404-18,O,Regular
2416571,4,BTCS-405-18,O,Regular
2416571,4,BTES-401-18,A+,Regular
2416571,4,BTES-402-18,O,Regular
2416571,4,EVS 101-18,O,Regular
2416571,4,HSMC-122-18,A+,Regular
2416572,1,BMPD-101-18,S,Regular
2416572,1,BTAM101-23,F(Ext),Regular
2416572,1,BTEE101-18,B+,Regular
2416572,1,BTEE102-18,O,Regular
2416572,1,BTME101-21,A+,Regular
2416572,1,BTPH101-23,B+,Regular
2416572,1,BTPH102-23,O,Regular
2416572,2,BMPD201-18,S,Regular
2416572,2,BTAM201-23,B+,Regular
2416572,2,BTCH101-23,A,Regular
2416572,2,BTCH102-18,A+,Regular
2416572,2,BTHU101-18,A,Regular
2416572,2,BTHU102-18,O,Regular
2416572,2,BTMP101-18,A+,Regular
2416572,2,BTPS101-18,A+,Regular
2416572,2,BTPS102-18,A+,Regular
2416572,3,BTAM-302-23,B+,Regular
2416572,3,BTCS301-18,A,Regular
2416572,3,BTCS302-18,A,Regular
2416572,3,BTCS303-18,A+,Regular
2416572,3,BTCS304-18,A+,Regular
2416572,3,BTCS305-18,A,Regular
2416572,3,BTES301-18,B+,Regular
2416572,3,BTES302-18,A+,Regular
2416572,3,HSMC10 1/102-18,A,Regular
2416572,3,SIT,S,Regular
2416572,4,BTCS-401-18,B+,Regular
2416572,4,BTCS-402-18,A+,Regular
2416572,4,BTCS-403-18,A+,Regular
2416572,4,BTCS-404-18,A+,Regular
2416572,4,BTCS-405-18,A+,Regular
2416572,4,BTES-401-18,A+,Regular
2416572,4,BTES-402-18,O,Regular
2416572,4,EVS 101-18,O,Regular
2416572,4,HSMC-122-18,A,Regular
2416573,1,BMPD-101-18,S,Regular
2416573,1,BTAM101-23,B,Regular
2416573,1,BTEE101-18,B+,Regular
2416573,1,BTEE102-18,A+,Regular
2416573,1,BTME101-21,A+,Regular
2416573,1,BTPH101-23,B,Regular
2416573,1,BTPH102-23,A+,Regular
2416573,2,BMPD201-18,S,Regular
2416573,2,BTAM201-23,B,Regular
2416573,2,BTCH101-23,C,Regular
2416573,2,BTCH102-18,A,Regular
2416573,2,BTHU101-18,B+,Regular
2416573,2,BTHU102-18,A+,Regular
2416573,2,BTMP101-18,A+,Regular
2416573,2,BTPS101-18,F(Ext),Regular
2416573,2,BTPS102-18,A,Regular
2416573,3,BTAM-302-23,B,Regular
2416573,3,BTCS301-18,B+,Regular
2416573,3,BTCS302-18,C,Regular
2416573,3,BTCS303-18,A,Regular
2416573,3,BTCS304-18,A+,Regular
2416573,3,BTCS305-18,B+,Regular
2416573,3,BTES301-18,C,Regular
2416573,3,BTES302-18,A,Regular
2416573,3,HSMC10 1/102-18,B,Regular
2416573,3,SIT,S,Regular
2416574,2,BMPD201-18,S,Regular
2416574,2,BTAM201-23,P,Regular
2416574,2,BTCH101-23,B+,Regular
2416574,2,BTCH102-18,A+,Regular
2416574,2,BTHU101-18,A,Regular
2416574,2,BTHU102-18,A+,Regular
2416574,2,BTMP101-18,A,Regular
2416574,2,BTPS101-18,B,Regular
2416574,2,BTPS102-18,A,Regular
2416574,3,BTAM-302-23,B,Regular
2416574,3,BTCS301-18,A,Regular
2416574,3,BTCS302-18,B,Regular
2416574,3,BTCS303-18,A,Regular
2416574,3,BTCS304-18,B+,Regular
2416574,3,BTCS305-18,B+,Regular
2416574,3,BTES301-18,B,Regular
2416574,3,BTES302-18,B+,Regular
2416574,3,HSMC10 1/102-18,B,Regular
2416574,3,SIT,S,Regular
2416574,4,BTCS-401-18,A,Regular
2416574,4,BTCS-402-18,A,Regular
2416574,4,BTCS-403-18,B+,Regular
2416574,4,BTCS-404-18,A+,Regular
2416574,4,BTCS-405-18,A,Regular
2416574,4,BTES-401-18,A,Regular
2416574,4,BTES-402-18,A+,Regular
2416574,4,EVS 101-18,A,Regular
2416574,4,HSMC-122-18,B,Regular
2416575,1,BMPD-101-18,S,Regular
2416575,1,BTAM101-23,B+,Regular
2416575,1,BTEE101-18,B+,Regular
2416575,1,BTEE102-18,A+,Regular
2416575,1,BTME101-21,A,Regular
2416575,1,BTPH101-23,B,Regular
2416575,1,BTPH102-23,A+,Regular
2416575,2,BMPD201-18,S,Regular
2416575,2,BTAM201-23,B+,Regular
2416575,2,BTCH101-23,B+,Regular
2416575,2,BTCH102-18,A+,Regular
2416575,2,BTHU101-18,B+,Regular
2416575,2,BTHU102-18,A+,Regular
2416575,2,BTMP101-18,A+,Regular
2416575,2,BTPS101-18,B,Regular
2416575,2,BTPS102-18,A,Regular
2416575,3,BTAM-302-23,B+,Regular
2416575,3,BTCS301-18,A,Regular
2416575,3,BTCS302-18,B+,Regular
2416575,3,BTCS303-18,A+,Regular
2416575,3,BTCS304-18,A+,Regular
2416575,3,BTCS305-18,A,Regular
2416575,3,BTES301-18,B+,Regular
2416575,3,BTES302-18,B+,Regular
2416575,3,HSMC10 1/102-18,A,Regular
2416575,3,SIT,S,Regular
2416575,4,BTCS-401-18,A,Regular
2416575,4,BTCS-402-18,A+,Regular
2416575,4,BTCS-403-18,A,Regular
2416575,4,BTCS-404-18,B,Regular
2416575,4,BTCS-405-18,O,Regular
2416575,4,BTES-401-18,A,Regular
2416575,4,BTES-402-18,A+,Regular
2416575,4,EVS 101-18,A+,Regular
2416575,4,HSMC-122-18,A+,Regular
2416576,1,BMPD-101-18,S,Regular
2416576,1,BTAM101-23,B,Regular
2416576,1,BTEE101-18,B,Regular
2416576,1,BTEE102-18,A+,Regular
2416576,1,BTME101-21,A,Regular
2416576,1,BTPH101-23,B,Regular
2416576,1,BTPH102-23,A+,Regular
2416576,2,BMPD201-18,S,Regular
2416576,2,BTAM201-23,C,Regular
2416576,2,BTCH101-23,C,Regular
2416576,2,BTCH102-18,A,Regular
2416576,2,BTHU101-18,B+,Regular
2416576,2,BTHU102-18,A+,Regular
2416576,2,BTMP101-18,A,Regular
2416576,2,BTPS101-18,F(Ext),Regular
2416576,2,BTPS102-18,A,Regular
2416576,3,BTAM-302-23,C,Regular
2416576,3,BTCS301-18,B,Regular
2416576,3,BTCS302-18,F(Ext),Regular
2416576,3,BTCS303-18,B+,Regular
2416576,3,BTCS304-18,A+,Regular
2416576,3,BTCS305-18,C,Regular
2416576,3,BTES301-18,F(Ext),Regular
2416576,3,BTES302-18,B+,Regular
2416576,3,HSMC10 1/102-18,B,Regular
2416576,3,SIT,S,Regular
2416576,4,BTCS-401-18,B,Regular
2416576,4,BTCS-402-18,B+,Regular
2416576,4,BTCS-403-18,B,Regular
2416576,4,BTCS-404-18,P,Regular
2416576,4,BTCS-405-18,A,Regular
2416576,4,BTES-401-18,B+,Regular
2416576,4,BTES-402-18,P,Regular
2416576,4,EVS 101-18,A+,Regular
2416576,4,HSMC-122-18,B+,Regular
2416577,1,BMPD-101-18,S,Regular
2416577,1,BTAM101-23,B+,Regular
2416577,1,BTEE101-18,B+,Regular
2416577,1,BTEE102-18,O,Regular
2416577,1,BTME101-21,A,Regular
2416577,1,BTPH101-23,B,Regular
2416577,1,BTPH102-23,O,Regular
2416577,2,BMPD201-18,S,Regular
2416577,2,BTAM201-23,A,Regular
2416577,2,BTCH101-23,A,Regular
2416577,2,BTCH102-18,O,Regular
2416577,2,BTHU101-18,A+,Regular
2416577,2,BTHU102-18,A+,Regular
2416577,2,BTMP101-18,A+,Regular
2416577,2,BTPS101-18,A,Regular
2416577,2,BTPS102-18,O,Regular
2416577,3,BTAM-302-23,B+,Regular
2416577,3,BTCS301-18,A,Regular
2416577,3,BTCS302-18,A,Regular
2416577,3,BTCS303-18,O,Regular
2416577,3,BTCS304-18,A+,Regular
2416577,3,BTCS305-18,A,Regular
2416577,3,BTES301-18,B+,Regular
2416577,3,BTES302-18,A+,Regular
2416577,3,HSMC10 1/102-18,A,Regular
2416577,3,SIT,S,Regular
2416577,4,BTCS-401-18,B+,Regular
2416577,4,BTCS-402-18,A,Regular
2416577,4,BTCS-403-18,A+,Regular
2416577,4,BTCS-404-18,A+,Regular
2416577,4,BTCS-405-18,A+,Regular
2416577,4,BTES-401-18,A,Regular
2416577,4,BTES-402-18,A,Regular
2416577,4,EVS 101-18,O,Regular
2416577,4,HSMC-122-18,A,Regular
2416578,1,BMPD-101-18,S,Reappear
2416578,1,BTAM101-23,P,Reappear
2416578,1,BTEE101-18,F(Ext),Reappear
2416578,1,BTEE102-18,B+,Reappear
2416578,1,BTME101-21,B+,Reappear
2416578,1,BTPH101-23,F(Ext),Reappear
2416578,1,BTPH102-23,A+,Reappear
2416578,2,BMPD201-18,S,Regular
2416578,2,BTAM201-23,F(Ext),Regular
2416578,2,BTCH101-23,F(Ext),Regular
2416578,2,BTCH102-18,A,Regular
2416578,2,BTHU101-18,B,Regular
2416578,2,BTHU102-18,A+,Regular
2416578,2,BTMP101-18,A,Regular
2416578,2,BTPS101-18,F(Ext),Regular
2416578,2,BTPS102-18,A,Regular
2416578,3,BTAM-302-23,F(Ext),Regular
2416578,3,BTCS301-18,F(Ext),Regular
2416578,3,BTCS302-18,F(Ext),Regular
2416578,3,BTCS303-18,A,Regular
2416578,3,BTCS304-18,B+,Regular
2416578,3,BTCS305-18,B+,Regular
2416578,3,BTES301-18,F(Ext),Regular
2416578,3,BTES302-18,B,Regular
2416578,3,HSMC10 1/102-18,F(Ext),Regular
2416578,3,SIT,S,Regular
2416578,4,BTCS-401-18,F(Ext/Int),Regular
2416578,4,BTCS-402-18,F(Ext/Int),Regular
2416578,4,BTCS-403-18,F(Ext),Regular
2416578,4,BTCS-404-18,A,Regular
2416578,4,BTCS-405-18,A,Regular
2416578,4,BTES-401-18,P,Regular
2416578,4,BTES-402-18,A,Regular
2416578,4,EVS 101-18,B+,Regular
2416578,4,HSMC-122-18,F(Ext),Regular
2416579,1,BMPD-101-18,S,Regular
2416579,1,BTAM101-23,B+,Regular
2416579,1,BTEE101-18,A,Regular
2416579,1,BTEE102-18,O,Regular
2416579,1,BTME101-21,A+,Regular
2416579,1,BTPH101-23,B,Regular
2416579,1,BTPH102-23,A+,Regular
2416579,2,BMPD201-18,S,Regular
2416579,2,BTAM201-23,B+,Regular
2416579,2,BTCH101-23,B+,Regular
2416579,2,BTCH102-18,A+,Regular
2416579,2,BTHU101-18,B+,Regular
2416579,2,BTHU102-18,A,Regular
2416579,2,BTMP101-18,A,Regular
2416579,2,BTPS101-18,B+,Regular
2416579,2,BTPS102-18,A+,Regular
2416579,3,BTAM-302-23,B+,Regular
2416579,3,BTCS301-18,B+,Regular
2416579,3,BTCS302-18,B+,Regular
2416579,3,BTCS303-18,A,Regular
2416579,3,BTCS304-18,B+,Regular
2416579,3,BTCS305-18,B+,Regular
2416579,3,BTES301-18,B,Regular
2416579,3,BTES302-18,A,Regular
2416579,3,HSMC10 1/102-18,B+,Regular
2416579,3,SIT,S,Regular
2416579,4,BTCS-401-18,B+,Regular
2416579,4,BTCS-402-18,A,Regular
2416579,4,BTCS-403-18,A+,Regular
2416579,4,BTCS-404-18,O,Regular
2416579,4,BTCS-405-18,O,Regular
2416579,4,BTES-401-18,A,Regular
2416579,4,BTES-402-18,A+,Regular
2416579,4,EVS 101-18,O,Regular
2416579,4,HSMC-122-18,B+,Regular
2416580,1,BMPD-101-18,S,Regular
2416580,1,BTAM101-23,B+,Regular
2416580,1,BTEE101-18,A,Regular
2416580,1,BTEE102-18,O,Regular
2416580,1,BTME101-21,A+,Regular
2416580,1,BTPH101-23,B+,Regular
2416580,1,BTPH102-23,O,Regular
2416580,2,BMPD201-18,S,Regular
2416580,2,BTAM201-23,A,Regular
2416580,2,BTCH101-23,A+,Regular
2416580,2,BTCH102-18,O,Regular
2416580,2,BTHU101-18,A+,Regular
2416580,2,BTHU102-18,A,Regular
2416580,2,BTMP101-18,A,Regular
2416580,2,BTPS101-18,A,Regular
2416580,2,BTPS102-18,O,Regular
2416580,3,BTAM-302-23,A,Regular
2416580,3,BTCS301-18,A+,Regular
2416580,3,BTCS302-18,A+,Regular
2416580,3,BTCS303-18,A+,Regular
2416580,3,BTCS304-18,B,Regular
2416580,3,BTCS305-18,B+,Regular
2416580,3,BTES301-18,B+,Regular
2416580,3,BTES302-18,A+,Regular
2416580,3,HSMC10 1/102-18,A+,Regular
2416580,3,SIT,S,Regular
2416580,4,BTCS-401-18,A,Regular
2416580,4,BTCS-402-18,A+,Regular
2416580,4,BTCS-403-18,A+,Regular
2416580,4,BTCS-404-18,O,Regular
2416580,4,BTCS-405-18,O,Regular
2416580,4,BTES-401-18,A+,Regular
2416580,4,BTES-402-18,O,Regular
2416580,4,EVS 101-18,O,Regular
2416580,4,HSMC-122-18,A+,Regular
2416581,1,BMPD-101-18,S,Regular
2416581,1,BTAM101-23,B,Regular
2416581,1,BTEE101-18,B+,Regular
2416581,1,BTEE102-18,A+,Regular
2416581,1,BTME101-21,A+,Regular
2416581,1,BTPH101-23,B,Regular
2416581,1,BTPH102-23,A+,Regular
2416581,2,BMPD201-18,S,Regular
2416581,2,BTAM201-23,B+,Regular
2416581,2,BTCH101-23,A,Regular
2416581,2,BTCH102-18,A+,Regular
2416581,2,BTHU101-18,A,Regular
2416581,2,BTHU102-18,O,Regular
2416581,2,BTMP101-18,A+,Regular
2416581,2,BTPS101-18,B+,Regular
2416581,2,BTPS102-18,A,Regular
2416581,3,BTAM-302-23,B+,Regular
2416581,3,BTCS301-18,A,Regular
2416581,3,BTCS302-18,A,Regular
2416581,3,BTCS303-18,A,Regular
2416581,3,BTCS304-18,A,Regular
2416581,3,BTCS305-18,A,Regular
2416581,3,BTES301-18,B+,Regular
2416581,3,BTES302-18,B+,Regular
2416581,3,HSMC10 1/102-18,A,Regular
2416581,3,SIT,S,Regular
2416581,4,BTCS-401-18,A+,Regular
2416581,4,BTCS-402-18,A+,Regular
2416581,4,BTCS-403-18,A+,Regular
2416581,4,BTCS-404-18,O,Regular
2416581,4,BTCS-405-18,A+,Regular
2416581,4,BTES-401-18,A+,Regular
2416581,4,BTES-402-18,O,Regular
2416581,4,EVS 101-18,A+,Regular
2416581,4,HSMC-122-18,A,Regular
2416582,1,BMPD-101-18,S,Regular
2416582,1,BTAM101-23,B+,Regular
2416582,1,BTEE101-18,B+,Regular
2416582,1,BTEE102-18,A+,Regular
2416582,1,BTME101-21,A+,Regular
2416582,1,BTPH101-23,B+,Regular
2416582,1,BTPH102-23,A+,Regular
2416582,2,BMPD201-18,S,Regular
2416582,2,BTAM201-23,B,Regular
2416582,2,BTCH101-23,B+,Regular
2416582,2,BTCH102-18,A+,Regular
2416582,2,BTHU101-18,B+,Regular
2416582,2,BTHU102-18,A+,Regular
2416582,2,BTMP101-18,A+,Regular
2416582,2,BTPS101-18,B+,Regular
2416582,2,BTPS102-18,A,Regular
2416582,3,BTAM-302-23,B,Regular
2416582,3,BTCS301-18,B+,Regular
2416582,3,BTCS302-18,B+,Regular
2416582,3,BTCS303-18,A,Regular
2416582,3,BTCS304-18,B+,Regular
2416582,3,BTCS305-18,B+,Regular
2416582,3,BTES301-18,B,Regular
2416582,3,BTES302-18,B+,Regular
2416582,3,HSMC10 1/102-18,A,Regular
2416582,3,SIT,S,Regular
2416582,4,BTCS-401-18,B,Regular
2416582,4,BTCS-402-18,F(Ext),Regular
2416582,4,BTCS-403-18,F(Ext),Regular
2416582,4,BTCS-404-18,A+,Regular
2416582,4,BTCS-405-18,A,Regular
2416582,4,BTES-401-18,B,Regular
2416582,4,BTES-402-18,A+,Regular
2416582,4,EVS 101-18,A+,Regular
2416582,4,HSMC-122-18,B,Regular
2416583,1,BMPD-101-18,S,Regular
2416583,1,BTAM101-23,B+,Regular
2416583,1,BTEE101-18,B+,Regular
2416583,1,BTEE102-18,A+,Regular
2416583,1,BTME101-21,A+,Regular
2416583,1,BTPH101-23,B,Regular
2416583,1,BTPH102-23,A+,Regular
2416583,2,BMPD201-18,S,Regular
2416583,2,BTAM201-23,B,Regular
2416583,2,BTCH101-23,B+,Regular
2416583,2,BTCH102-18,A+,Regular
2416583,2,BTHU101-18,A,Regular
2416583,2,BTHU102-18,A+,Regular
2416583,2,BTMP101-18,A+,Regular
2416583,2,BTPS101-18,B+,Regular
2416583,2,BTPS102-18,A+,Regular
2416583,3,BTAM-302-23,B+,Regular
2416583,3,BTCS301-18,A,Regular
2416583,3,BTCS302-18,B+,Regular
2416583,3,BTCS303-18,A+,Regular
2416583,3,BTCS304-18,A+,Regular
2416583,3,BTCS305-18,B,Regular
2416583,3,BTES301-18,B,Regular
2416583,3,BTES302-18,A+,Regular
2416583,3,HSMC10 1/102-18,A,Regular
2416583,3,SIT,S,Regular
2416583,4,BTCS-401-18,A,Regular
2416583,4,BTCS-402-18,A,Regular
2416583,4,BTCS-403-18,A,Regular
2416583,4,BTCS-404-18,A+,Regular
2416583,4,BTCS-405-18,O,Regular
2416583,4,BTES-401-18,A,Regular
2416583,4,BTES-402-18,A+,Regular
2416583,4,EVS 101-18,A+,Regular
2416583,4,HSMC-122-18,A,Regular
2416584,1,BMPD-101-18,S,Regular
2416584,1,BTAM101-23,B,Regular
2416584,1,BTEE101-18,B+,Regular
2416584,1,BTEE102-18,A+,Regular
2416584,1,BTME101-21,A+,Regular
2416584,1,BTPH101-23,B,Regular
2416584,1,BTPH102-23,A+,Regular
2416584,2,BMPD201-18,S,Regular
2416584,2,BTAM201-23,B+,Regular
2416584,2,BTCH101-23,A,Regular
2416584,2,BTCH102-18,A+,Regular
2416584,2,BTHU101-18,B+,Regular
2416584,2,BTHU102-18,A+,Regular
2416584,2,BTMP101-18,A+,Regular
2416584,2,BTPS101-18,B+,Regular
2416584,2,BTPS102-18,A,Regular
2416584,3,BTAM-302-23,B,Regular
2416584,3,BTCS301-18,A,Regular
2416584,3,BTCS302-18,A,Regular
2416584,3,BTCS303-18,A,Regular
2416584,3,BTCS304-18,B+,Regular
2416584,3,BTCS305-18,A,Regular
2416584,3,BTES301-18,B+,Regular
2416584,3,BTES302-18,A,Regular
2416584,3,HSMC10 1/102-18,B+,Regular
2416584,3,SIT,S,Regular
2416584,4,BTCS-401-18,B+,Regular
2416584,4,BTCS-402-18,A+,Regular
2416584,4,BTCS-403-18,A,Regular
2416584,4,BTCS-404-18,O,Regular
2416584,4,BTCS-405-18,A+,Regular
2416584,4,BTES-401-18,A,Regular
2416584,4,BTES-402-18,O,Regular
2416584,4,EVS 101-18,O,Regular
2416584,4,HSMC-122-18,B,Regular
2416585,1,BMPD-101-18,S,Regular
2416585,1,BTAM101-23,B,Regular
2416585,1,BTEE101-18,B+,Regular
2416585,1,BTEE102-18,O,Regular
2416585,1,BTME101-21,O,Regular
2416585,1,BTPH101-23,B+,Regular
2416585,1,BTPH102-23,O,Regular
2416585,2,BMPD201-18,S,Regular
2416585,2,BTAM201-23,B,Regular
2416585,2,BTCH101-23,B+,Regular
2416585,2,BTCH102-18,A+,Regular
2416585,2,BTHU101-18,A+,Regular
2416585,2,BTHU102-18,O,Regular
2416585,2,BTMP101-18,A+,Regular
2416585,2,BTPS101-18,A,Regular
2416585,2,BTPS102-18,A+,Regular
2416585,3,BTAM-302-23,B+,Regular
2416585,3,BTCS301-18,A,Regular
2416585,3,BTCS302-18,B,Regular
2416585,3,BTCS303-18,A+,Regular
2416585,3,BTCS304-18,A,Regular
2416585,3,BTCS305-18,B+,Regular
2416585,3,BTES301-18,B+,Regular
2416585,3,BTES302-18,A,Regular
2416585,3,HSMC10 1/102-18,A,Regular
2416585,3,SIT,S,Regular
2416585,4,BTCS-401-18,A,Regular
2416585,4,BTCS-402-18,A+,Regular
2416585,4,BTCS-403-18,A+,Regular
2416585,4,BTCS-404-18,A+,Regular
2416585,4,BTCS-405-18,A+,Regular
2416585,4,BTES-401-18,A+,Regular
2416585,4,BTES-402-18,O,Regular
2416585,4,EVS 101-18,O,Regular
2416585,4,HSMC-122-18,A,Regular
2416586,1,BMPD-101-18,S,Regular
2416586,1,BTAM101-23,A,Regular
2416586,1,BTEE101-18,A,Regular
2416586,1,BTEE102-18,A+,Regular
2416586,1,BTME101-21,A+,Regular
2416586,1,BTPH101-23,B+,Regular
2416586,1,BTPH102-23,A+,Regular
2416586,2,BMPD201-18,S,Regular
2416586,2,BTAM201-23,B+,Regular
2416586,2,BTCH101-23,A,Regular
2416586,2,BTCH102-18,A,Regular
2416586,2,BTHU101-18,A+,Regular
2416586,2,BTHU102-18,O,Regular
2416586,2,BTMP101-18,A+,Regular
2416586,2,BTPS101-18,A,Regular
2416586,2,BTPS102-18,A+,Regular
2416586,3,BTAM-302-23,B+,Regular
2416586,3,BTCS301-18,A,Regular
2416586,3,BTCS302-18,A,Regular
2416586,3,BTCS303-18,A,Regular
2416586,3,BTCS304-18,A,Regular
2416586,3,BTCS305-18,B+,Regular
2416586,3,BTES301-18,B+,Regular
2416586,3,BTES302-18,A+,Regular
2416586,3,HSMC10 1/102-18,A,Regular
2416586,3,SIT,S,Regular
2416586,4,BTCS-401-18,B+,Regular
2416586,4,BTCS-402-18,A,Regular
2416586,4,BTCS-403-18,A+,Regular
2416586,4,BTCS-404-18,O,Regular
2416586,4,BTCS-405-18,O,Regular
2416586,4,BTES-401-18,A,Regular
2416586,4,BTES-402-18,O,Regular
2416586,4,EVS 101-18,O,Regular
2416586,4,HSMC-122-18,A,Regular
2416587,1,BMPD-101-18,S,Regular
2416587,1,BTAM101-23,B,Regular
2416587,1,BTEE101-18,B+,Regular
2416587,1,BTEE102-18,A+,Regular
2416587,1,BTME101-21,A,Regular
2416587,1,BTPH101-23,B,Regular
2416587,1,BTPH102-23,A+,Regular
2416587,2,BMPD201-18,S,Reappear
2416587,2,BTAM201-23,C,Reappear
2416587,2,BTCH101-23,A,Reappear
2416587,2,BTCH102-18,A+,Reappear
2416587,2,BTHU101-18,A+,Reappear
2416587,2,BTHU102-18,A+,Reappear
2416587,2,BTMP101-18,A+,Reappear
2416587,2,BTPS101-18,B+,Reappear
2416587,2,BTPS102-18,A,Reappear
2416587,3,BTAM-302-23,C,Regular
2416587,3,BTCS301-18,A,Regular
2416587,3,BTCS302-18,B+,Regular
2416587,3,BTCS303-18,A+,Regular
2416587,3,BTCS304-18,B+,Regular
2416587,3,BTCS305-18,B+,Regular
2416587,3,BTES301-18,B+,Regular
2416587,3,BTES302-18,A,Regular
2416587,3,HSMC10 1/102-18,B+,Regular
2416587,3,SIT,S,Regular
2416587,4,BTCS-401-18,B,Regular
2416587,4,BTCS-402-18,A+,Regular
2416587,4,BTCS-403-18,A+,Regular
2416587,4,BTCS-404-18,O,Regular
2416587,4,BTCS-405-18,O,Regular
2416587,4,BTES-401-18,B+,Regular
2416587,4,BTES-402-18,A+,Regular
2416587,4,EVS 101-18,A+,Regular
2416587,4,HSMC-122-18,B+,Regular
2416588,1,BMPD-101-18,S,Regular
2416588,1,BTAM101-23,B+,Regular
2416588,1,BTEE101-18,B+,Regular
2416588,1,BTEE102-18,A+,Regular
2416588,1,BTME101-21,A+,Regular
2416588,1,BTPH101-23,B,Regular
2416588,1,BTPH102-23,A+,Regular
2416588,2,BMPD201-18,S,Regular
2416588,2,BTAM201-23,B+,Regular
2416588,2,BTCH101-23,B+,Regular
2416588,2,BTCH102-18,A,Regular
2416588,2,BTHU101-18,A+,Regular
2416588,2,BTHU102-18,A+,Regular
2416588,2,BTMP101-18,A+,Regular
2416588,2,BTPS101-18,A,Regular
2416588,2,BTPS102-18,A+,Regular
2416588,3,BTAM-302-23,B,Regular
2416588,3,BTCS301-18,A+,Regular
2416588,3,BTCS302-18,B,Regular
2416588,3,BTCS303-18,A,Regular
2416588,3,BTCS304-18,A,Regular
2416588,3,BTCS305-18,A+,Regular
2416588,3,BTES301-18,B+,Regular
2416588,3,BTES302-18,A,Regular
2416588,3,HSMC10 1/102-18,A,Regular
2416588,3,SIT,S,Regular
2416588,4,BTCS-401-18,A,Regular
2416588,4,BTCS-402-18,A,Regular
2416588,4,BTCS-403-18,A+,Regular
2416588,4,BTCS-404-18,A+,Regular
2416588,4,BTCS-405-18,A+,Regular
2416588,4,BTES-401-18,A+,Regular
2416588,4,BTES-402-18,O,Regular
2416588,4,EVS 101-18,O,Regular
2416588,4,HSMC-122-18,A,Regular
2416589,1,BMPD-101-18,S,Regular
2416589,1,BTAM101-23,B+,Regular
2416589,1,BTEE101-18,A,Regular
2416589,1,BTEE102-18,O,Regular
2416589,1,BTME101-21,A+,Regular
2416589,1,BTPH101-23,A+,Regular
2416589,1,BTPH102-23,O,Regular
2416589,2,BMPD201-18,S,Regular
2416589,2,BTAM201-23,B+,Regular
2416589,2,BTCH101-23,A+,Regular
2416589,2,BTCH102-18,A+,Regular
2416589,2,BTHU101-18,A,Regular
2416589,2,BTHU102-18,A+,Regular
2416589,2,BTMP101-18,A+,Regular
2416589,2,BTPS101-18,B+,Regular
2416589,2,BTPS102-18,A+,Regular
2416589,3,BTAM-302-23,A,Regular
2416589,3,BTCS301-18,A+,Regular
2416589,3,BTCS302-18,A+,Regular
2416589,3,BTCS303-18,A+,Regular
2416589,3,BTCS304-18,A,Regular
2416589,3,BTCS305-18,B+,Regular
2416589,3,BTES301-18,B+,Regular
2416589,3,BTES302-18,A,Regular
2416589,3,HSMC10 1/102-18,A,Regular
2416589,3,SIT,S,Regular
2416589,4,BTCS-401-18,A,Regular
2416589,4,BTCS-402-18,A+,Regular
2416589,4,BTCS-403-18,A+,Regular
2416589,4,BTCS-404-18,O,Regular
2416589,4,BTCS-405-18,A+,Regular
2416589,4,BTES-401-18,A+,Regular
2416589,4,BTES-402-18,O,Regular
2416589,4,EVS 101-18,A+,Regular
2416589,4,HSMC-122-18,A,Regular
2416590,1,BMPD-101-18,S,Regular
2416590,1,BTAM101-23,F(Ext),Regular
2416590,1,BTEE101-18,B+,Regular
2416590,1,BTEE102-18,A+,Regular
2416590,1,BTME101-21,A,Regular
2416590,1,BTPH101-23,F(Ext),Regular
2416590,1,BTPH102-23,A+,Regular
2416590,2,BMPD201-18,S,Regular
2416590,2,BTAM201-23,F(Ext),Regular
2416590,2,BTCH101-23,F(Ext),Regular
2416590,2,BTCH102-18,A,Regular
2416590,2,BTHU101-18,B,Regular
2416590,2,BTHU102-18,A+,Regular
2416590,2,BTMP101-18,A,Regular
2416590,2,BTPS101-18,F(Ext),Regular
2416590,2,BTPS102-18,A+,Regular
2416590,3,BTAM-302-23,C,Regular
2416590,3,BTCS301-18,B,Regular
2416590,3,BTCS302-18,C,Regular
2416590,3,BTCS303-18,B+,Regular
2416590,3,BTCS304-18,B+,Regular
2416590,3,BTCS305-18,A,Regular
2416590,3,BTES301-18,F(Ext),Regular
2416590,3,BTES302-18,B+,Regular
2416590,3,HSMC10 1/102-18,B,Regular
2416590,3,SIT,S,Regular
2416590,4,BTCS-401-18,B,Regular
2416590,4,BTCS-402-18,A,Regular
2416590,4,BTCS-403-18,B,Regular
2416590,4,BTCS-404-18,A+,Regular
2416590,4,BTCS-405-18,A+,Regular
2416590,4,BTES-401-18,B,Regular
2416590,4,BTES-402-18,A+,Regular
2416590,4,EVS 101-18,A,Regular
2416590,4,HSMC-122-18,B,Regular
2416591,1,BMPD-101-18,S,Regular
2416591,1,BTAM101-23,A,Regular
2416591,1,BTEE101-18,B+,Regular
2416591,1,BTEE102-18,O,Regular
2416591,1,BTME101-21,O,Regular
2416591,1,BTPH101-23,A+,Regular
2416591,1,BTPH102-23,O,Regular
2416591,2,BMPD201-18,S,Regular
2416591,2,BTAM201-23,B+,Regular
2416591,2,BTCH101-23,A+,Regular
2416591,2,BTCH102-18,O,Regular
2416591,2,BTHU101-18,A+,Regular
2416591,2,BTHU102-18,O,Regular
2416591,2,BTMP101-18,A+,Regular
2416591,2,BTPS101-18,A,Regular
2416591,2,BTPS102-18,O,Regular
2416591,3,BTAM-302-23,A,Regular
2416591,3,BTCS301-18,A+,Regular
2416591,3,BTCS302-18,A+,Regular
2416591,3,BTCS303-18,O,Regular
2416591,3,BTCS304-18,A,Regular
2416591,3,BTCS305-18,A,Regular
2416591,3,BTES301-18,B+,Regular
2416591,3,BTES302-18,O,Regular
2416591,3,HSMC10 1/102-18,A+,Regular
2416591,3,SIT,S,Regular
2416591,4,BTCS-401-18,A+,Regular
2416591,4,BTCS-402-18,A+,Regular
2416591,4,BTCS-403-18,A+,Regular
2416591,4,BTCS-404-18,O,Regular
2416591,4,BTCS-405-18,O,Regular
2416591,4,BTES-401-18,A+,Regular
2416591,4,BTES-402-18,O,Regular
2416591,4,EVS 101-18,O,Regular
2416591,4,HSMC-122-18,A+,Regular
2416592,1,BMPD-101-18,S,Reappear
2416592,1,BTAM101-23,C,Reappear
2416592,1,BTEE101-18,B,Reappear
2416592,1,BTEE102-18,A+,Reappear
2416592,1,BTME101-21,A,Reappear
2416592,1,BTPH101-23,B,Reappear
2416592,1,BTPH102-23,A+,Reappear
2416592,2,BMPD201-18,S,Regular
2416592,2,BTAM201-23,B,Regular
2416592,2,BTCH101-23,B+,Regular
2416592,2,BTCH102-18,A+,Regular
2416592,2,BTHU101-18,A+,Regular
2416592,2,BTHU102-18,A+,Regular
2416592,2,BTMP101-18,B+,Regular
2416592,2,BTPS101-18,A,Regular
2416592,2,BTPS102-18,A,Regular
2416592,3,BTAM-302-23,P,Regular
2416592,3,BTCS301-18,B+,Regular
2416592,3,BTCS302-18,F(Int),Regular
2416592,3,BTCS303-18,B+,Regular
2416592,3,BTCS304-18,F(Int),Regular
2416592,3,BTCS305-18,P,Regular
2416592,3,BTES301-18,C,Regular
2416592,3,BTES302-18,F(Int),Regular
2416592,3,HSMC10 1/102-18,F(Int),Regular
2416592,3,SIT,S,Regular
2416592,4,BTCS-401-18,B+,Regular
2416592,4,BTCS-402-18,A,Regular
2416592,4,BTCS-403-18,A,Regular
2416592,4,BTCS-404-18,P,Regular
2416592,4,BTCS-405-18,B,Regular
2416592,4,BTES-401-18,B+,Regular
2416592,4,BTES-402-18,F(Int),Regular
2416592,4,EVS 101-18,B,Regular
2416592,4,HSMC-122-18,B,Regular
2416593,1,BMPD-101-18,S,Regular
2416593,1,BTAM101-23,B+,Regular
2416593,1,BTEE101-18,B+,Regular
2416593,1,BTEE102-18,A+,Regular
2416593,1,BTME101-21,A+,Regular
2416593,1,BTPH101-23,B,Regular
2416593,1,BTPH102-23,A+,Regular
2416593,2,BMPD201-18,S,Regular
2416593,2,BTAM201-23,B+,Regular
2416593,2,BTCH101-23,B+,Regular
2416593,2,BTCH102-18,A,Regular
2416593,2,BTHU101-18,A+,Regular
2416593,2,BTHU102-18,A+,Regular
2416593,2,BTMP101-18,A,Regular
2416593,2,BTPS101-18,A,Regular
2416593,2,BTPS102-18,A,Regular
2416593,3,BTAM-302-23,B+,Regular
2416593,3,BTCS301-18,A+,Regular
2416593,3,BTCS302-18,A+,Regular
2416593,3,BTCS303-18,O,Regular
2416593,3,BTCS304-18,A+,Regular
2416593,3,BTCS305-18,A+,Regular
2416593,3,BTES301-18,B+,Regular
2416593,3,BTES302-18,O,Regular
2416593,3,HSMC10 1/102-18,A+,Regular
2416593,3,SIT,S,Regular
2416593,4,BTCS-401-18,A,Regular
2416593,4,BTCS-402-18,A+,Regular
2416593,4,BTCS-403-18,A+,Regular
2416593,4,BTCS-404-18,O,Regular
2416593,4,BTCS-405-18,O,Regular
2416593,4,BTES-401-18,A+,Regular
2416593,4,BTES-402-18,A+,Regular
2416593,4,EVS 101-18,O,Regular
2416593,4,HSMC-122-18,A+,Regular
2416594,1,BMPD-101-18,S,Regular
2416594,1,BTAM101-23,B,Regular
2416594,1,BTEE101-18,B,Regular
2416594,1,BTEE102-18,O,Regular
2416594,1,BTME101-21,A,Regular
2416594,1,BTPH101-23,B,Regular
2416594,1,BTPH102-23,A+,Regular
2416594,2,BMPD201-18,S,Regular
2416594,2,BTAM201-23,B,Regular
2416594,2,BTCH101-23,B+,Regular
2416594,2,BTCH102-18,A+,Regular
2416594,2,BTHU101-18,A+,Regular
2416594,2,BTHU102-18,A+,Regular
2416594,2,BTMP101-18,A+,Regular
2416594,2,BTPS101-18,B+,Regular
2416594,2,BTPS102-18,A+,Regular
2416594,3,BTAM-302-23,B,Regular
2416594,3,BTCS301-18,A,Regular
2416594,3,BTCS302-18,B,Regular
2416594,3,BTCS303-18,A+,Regular
2416594,3,BTCS304-18,A+,Regular
2416594,3,BTCS305-18,A,Regular
2416594,3,BTES301-18,B,Regular
2416594,3,BTES302-18,A+,Regular
2416594,3,HSMC10 1/102-18,A,Regular
2416594,3,SIT,S,Regular
2416594,4,BTCS-401-18,B+,Regular
2416594,4,BTCS-402-18,A,Regular
2416594,4,BTCS-403-18,A,Regular
2416594,4,BTCS-404-18,O,Regular
2416594,4,BTCS-405-18,A,Regular
2416594,4,BTES-401-18,A,Regular
2416594,4,BTES-402-18,O,Regular
2416594,4,EVS 101-18,O,Regular
2416594,4,HSMC-122-18,B+,Regular
2416595,1,BMPD-101-18,S,Regular
2416595,1,BTAM101-23,A+,Regular
2416595,1,BTEE101-18,A,Regular
2416595,1,BTEE102-18,O,Regular
2416595,1,BTME101-21,O,Regular
2416595,1,BTPH101-23,B+,Regular
2416595,1,BTPH102-23,O,Regular
2416595,2,BMPD201-18,S,Regular
2416595,2,BTAM201-23,A,Regular
2416595,2,BTCH101-23,A+,Regular
2416595,2,BTCH102-18,O,Regular
2416595,2,BTHU101-18,A,Regular
2416595,2,BTHU102-18,O,Regular
2416595,2,BTMP101-18,O,Regular
2416595,2,BTPS101-18,A+,Regular
2416595,2,BTPS102-18,O,Regular
2416595,3,BTAM-302-23,A,Regular
2416595,3,BTCS301-18,A+,Regular
2416595,3,BTCS302-18,A+,Regular
2416595,3,BTCS303-18,O,Regular
2416595,3,BTCS304-18,O,Regular
2416595,3,BTCS305-18,O,Regular
2416595,3,BTES301-18,B+,Regular
2416595,3,BTES302-18,O,Regular
2416595,3,HSMC10 1/102-18,A,Regular
2416595,3,SIT,S,Regular
2416595,4,BTCS-401-18,A+,Regular
2416595,4,BTCS-402-18,A+,Regular
2416595,4,BTCS-403-18,A+,Regular
2416595,4,BTCS-404-18,O,Regular
2416595,4,BTCS-405-18,O,Regular
2416595,4,BTES-401-18,A+,Regular
2416595,4,BTES-402-18,O,Regular
2416595,4,EVS 101-18,O,Regular
2416595,4,HSMC-122-18,A+,Regular
2416596,1,BMPD-101-18,S,Regular
2416596,1,BTAM101-23,A,Regular
2416596,1,BTEE101-18,B+,Regular
2416596,1,BTEE102-18,O,Regular
2416596,1,BTME101-21,O,Regular
2416596,1,BTPH101-23,B+,Regular
2416596,1,BTPH102-23,O,Regular
2416596,2,BMPD201-18,S,Regular
2416596,2,BTAM201-23,B+,Regular
2416596,2,BTCH101-23,A,Regular
2416596,2,BTCH102-18,O,Regular
2416596,2,BTHU101-18,A,Regular
2416596,2,BTHU102-18,A+,Regular
2416596,2,BTMP101-18,A+,Regular
2416596,2,BTPS101-18,A,Regular
2416596,2,BTPS102-18,A+,Regular
2416596,3,BTAM-302-23,A,Regular
2416596,3,BTCS301-18,A+,Regular
2416596,3,BTCS302-18,A+,Regular
2416596,3,BTCS303-18,O,Regular
2416596,3,BTCS304-18,A+,Regular
2416596,3,BTCS305-18,A+,Regular
2416596,3,BTES301-18,A,Regular
2416596,3,BTES302-18,A+,Regular
2416596,3,HSMC10 1/102-18,A,Regular
2416596,3,SIT,S,Regular
2416596,4,BTCS-401-18,B+,Regular
2416596,4,BTCS-402-18,A,Regular
2416596,4,BTCS-403-18,A+,Regular
2416596,4,BTCS-404-18,A+,Regular
2416596,4,BTCS-405-18,A+,Regular
2416596,4,BTES-401-18,A+,Regular
2416596,4,BTES-402-18,O,Regular
2416596,4,EVS 101-18,A,Regular
2416596,4,HSMC-122-18,A,Regular
2416597,1,BMPD-101-18,S,Regular
2416597,1,BTAM101-23,B,Regular
2416597,1,BTEE101-18,B+,Regular
2416597,1,BTEE102-18,A,Regular
2416597,1,BTME101-21,A,Regular
2416597,1,BTPH101-23,B,Regular
2416597,1,BTPH102-23,A+,Regular
2416597,2,BMPD201-18,S,Regular
2416597,2,BTAM201-23,B,Regular
2416597,2,BTCH101-23,A,Regular
2416597,2,BTCH102-18,A,Regular
2416597,2,BTHU101-18,A,Regular
2416597,2,BTHU102-18,A+,Regular
2416597,2,BTMP101-18,A,Regular
2416597,2,BTPS101-18,B+,Regular
2416597,2,BTPS102-18,A+,Regular
2416597,3,BTAM-302-23,B+,Regular
2416597,3,BTCS301-18,A,Regular
2416597,3,BTCS302-18,B+,Regular
2416597,3,BTCS303-18,A,Regular
2416597,3,BTCS304-18,A+,Regular
2416597,3,BTCS305-18,B+,Regular
2416597,3,BTES301-18,B,Regular
2416597,3,BTES302-18,B+,Regular
2416597,3,HSMC10 1/102-18,A,Regular
2416597,3,SIT,S,Regular
2416597,4,BTCS-401-18,A,Regular
2416597,4,BTCS-402-18,B+,Regular
2416597,4,BTCS-403-18,A+,Regular
2416597,4,BTCS-404-18,P,Regular
2416597,4,BTCS-405-18,A,Regular
2416597,4,BTES-401-18,B+,Regular
2416597,4,BTES-402-18,A+,Regular
2416597,4,EVS 101-18,A+,Regular
2416597,4,HSMC-122-18,A,Regular
2416598,1,BMPD-101-18,S,Regular
2416598,1,BTAM101-23,F(Ext),Regular
2416598,1,BTEE101-18,B,Regular
2416598,1,BTEE102-18,A+,Regular
2416598,1,BTME101-21,B+,Regular
2416598,1,BTPH101-23,F(Ext),Regular
2416598,1,BTPH102-23,A+,Regular
2416598,2,BMPD201-18,S,Regular
2416598,2,BTAM201-23,F(Ext),Regular
2416598,2,BTCH101-23,P,Regular
2416598,2,BTCH102-18,B,Regular
2416598,2,BTHU101-18,B+,Regular
2416598,2,BTHU102-18,A+,Regular
2416598,2,BTMP101-18,B,Regular
2416598,2,BTPS101-18,F(Ext),Regular
2416598,2,BTPS102-18,A+,Regular
2416598,3,BTAM-302-23,F(Ext),Regular
2416598,3,BTCS301-18,B,Regular
2416598,3,BTCS302-18,F(Ext),Regular
2416598,3,BTCS303-18,B,Regular
2416598,3,BTCS304-18,A,Regular
2416598,3,BTCS305-18,B+,Regular
2416598,3,BTES301-18,C,Regular
2416598,3,BTES302-18,B+,Regular
2416598,3,HSMC10 1/102-18,B+,Regular
2416598,3,SIT,S,Regular
2416598,4,BTCS-401-18,B,Regular
2416598,4,BTCS-402-18,B,Regular
2416598,4,BTCS-403-18,B+,Regular
2416598,4,BTCS-404-18,A+,Regular
2416598,4,BTCS-405-18,A,Regular
2416598,4,BTES-401-18,C,Regular
2416598,4,BTES-402-18,P,Regular
2416598,4,EVS 101-18,B+,Regular
2416598,4,HSMC-122-18,B,Regular
2416599,1,BMPD-101-18,S,Regular
2416599,1,BTAM101-23,F(Ext),Regular
2416599,1,BTEE101-18,B,Regular
2416599,1,BTEE102-18,A+,Regular
2416599,1,BTME101-21,A,Regular
2416599,1,BTPH101-23,F(Ext),Regular
2416599,1,BTPH102-23,A,Regular
2416599,2,BMPD201-18,S,Reappear
2416599,2,BTAM201-23,F(Ext),Reappear
2416599,2,BTCH101-23,P,Reappear
2416599,2,BTCH102-18,A+,Reappear
2416599,2,BTHU101-18,A,Reappear
2416599,2,BTHU102-18,A,Reappear
2416599,2,BTMP101-18,A,Reappear
2416599,2,BTPS101-18,F(Ext),Reappear
2416599,2,BTPS102-18,A+,Reappear
2416599,3,BTAM-302-23,F(Ext),Regular
2416599,3,BTCS301-18,F(Ext),Regular
2416599,3,BTCS302-18,F(Ext),Regular
2416599,3,BTCS303-18,A+,Regular
2416599,3,BTCS304-18,P,Regular
2416599,3,BTCS305-18,B,Regular
2416599,3,BTES301-18,C,Regular
2416599,3,BTES302-18,A,Regular
2416599,3,HSMC10 1/102-18,B+,Regular
2416599,3,SIT,S,Regular
2416599,4,BTCS-401-18,F(Ext),Regular
2416599,4,BTCS-402-18,A,Regular
2416599,4,BTCS-403-18,A,Regular
2416599,4,BTCS-404-18,A+,Regular
2416599,4,BTCS-405-18,A,Regular
2416599,4,BTES-401-18,B,Regular
2416599,4,BTES-402-18,A,Regular
2416599,4,EVS 101-18,A+,Regular
2416599,4,HSMC-122-18,A,Regular
2416600,1,BMPD-101-18,S,Regular
2416600,1,BTAM101-23,A+,Regular
2416600,1,BTEE101-18,B+,Regular
2416600,1,BTEE102-18,O,Regular
2416600,1,BTME101-21,A,Regular
2416600,1,BTPH101-23,A,Regular
2416600,1,BTPH102-23,A+,Regular
2416600,2,BMPD201-18,S,Regular
2416600,2,BTAM201-23,A,Regular
2416600,2,BTCH101-23,A,Regular
2416600,2,BTCH102-18,A+,Regular
2416600,2,BTHU101-18,A,Regular
2416600,2,BTHU102-18,A+,Regular
2416600,2,BTMP101-18,A+,Regular
2416600,2,BTPS101-18,A+,Regular
2416600,2,BTPS102-18,A+,Regular
2416600,3,BTAM-302-23,B+,Regular
2416600,3,BTCS301-18,A+,Regular
2416600,3,BTCS302-18,A+,Regular
2416600,3,BTCS303-18,A+,Regular
2416600,3,BTCS304-18,A,Regular
2416600,3,BTCS305-18,B+,Regular
2416600,3,BTES301-18,A,Regular
2416600,3,BTES302-18,A+,Regular
2416600,3,HSMC10 1/102-18,A,Regular
2416600,3,SIT,S,Regular
2416600,4,BTCS-401-18,A+,Regular
2416600,4,BTCS-402-18,A+,Regular
2416600,4,BTCS-403-18,A+,Regular
2416600,4,BTCS-404-18,A+,Regular
2416600,4,BTCS-405-18,O,Regular
2416600,4,BTES-401-18,A+,Regular
2416600,4,BTES-402-18,O,Regular
2416600,4,EVS 101-18,O,Regular
2416600,4,HSMC-122-18,A+,Regular
2416601,1,BMPD-101-18,S,Reappear
2416601,1,BTAM101-23,B,Reappear
2416601,1,BTEE101-18,B+,Reappear
2416601,1,BTEE102-18,A,Reappear
2416601,1,BTME101-21,A,Reappear
2416601,1,BTPH101-23,B+,Reappear
2416601,1,BTPH102-23,A+,Reappear
2416601,2,BMPD201-18,S,Reappear
2416601,2,BTAM201-23,B,Reappear
2416601,2,BTCH101-23,B+,Reappear
2416601,2,BTCH102-18,A+,Reappear
2416601,2,BTHU101-18,A,Reappear
2416601,2,BTHU102-18,A,Reappear
2416601,2,BTMP101-18,A+,Reappear
2416601,2,BTPS101-18,B+,Reappear
2416601,2,BTPS102-18,A+,Reappear
2416601,3,BTAM-302-23,B,Regular
2416601,3,BTCS301-18,A,Regular
2416601,3,BTCS302-18,B,Regular
2416601,3,BTCS303-18,O,Regular
2416601,3,BTCS304-18,A,Regular
2416601,3,BTCS305-18,B+,Regular
2416601,3,BTES301-18,F(Ext),Regular
2416601,3,BTES302-18,A,Regular
2416601,3,HSMC10 1/102-18,A,Regular
2416601,3,SIT,S,Regular
2416601,4,BTCS-401-18,B+,Regular
2416601,4,BTCS-402-18,A,Regular
2416601,4,BTCS-403-18,A+,Regular
2416601,4,BTCS-404-18,C,Regular
2416601,4,BTCS-405-18,A+,Regular
2416601,4,BTES-401-18,A,Regular
2416601,4,BTES-402-18,O,Regular
2416601,4,EVS 101-18,O,Regular
2416601,4,HSMC-122-18,A+,Regular
2416602,1,BMPD-101-18,S,Regular
2416602,1,BTAM101-23,A+,Regular
2416602,1,BTEE101-18,A,Regular
2416602,1,BTEE102-18,O,Regular
2416602,1,BTME101-21,A,Regular
2416602,1,BTPH101-23,B+,Regular
2416602,1,BTPH102-23,A+,Regular
2416602,2,BMPD201-18,S,Regular
2416602,2,BTAM201-23,A,Regular
2416602,2,BTCH101-23,A,Regular
2416602,2,BTCH102-18,A+,Regular
2416602,2,BTHU101-18,A+,Regular
2416602,2,BTHU102-18,A,Regular
2416602,2,BTMP101-18,A+,Regular
2416602,2,BTPS101-18,B+,Regular
2416602,2,BTPS102-18,A+,Regular
2416602,3,BTAM-302-23,B+,Regular
2416602,3,BTCS301-18,A,Regular
2416602,3,BTCS302-18,A+,Regular
2416602,3,BTCS303-18,A+,Regular
2416602,3,BTCS304-18,A,Regular
2416602,3,BTCS305-18,A+,Regular
2416602,3,BTES301-18,B+,Regular
2416602,3,BTES302-18,A+,Regular
2416602,3,HSMC10 1/102-18,A,Regular
2416602,3,SIT,S,Regular
2416602,4,BTCS-401-18,A,Regular
2416602,4,BTCS-402-18,A,Regular
2416602,4,BTCS-403-18,A+,Regular
2416602,4,BTCS-404-18,A+,Regular
2416602,4,BTCS-405-18,A+,Regular
2416602,4,BTES-401-18,A+,Regular
2416602,4,BTES-402-18,O,Regular
2416602,4,EVS 101-18,A+,Regular
2416602,4,HSMC-122-18,B+,Regular
2416603,1,BMPD-101-18,S,Regular
2416603,1,BTAM101-23,B+,Regular
2416603,1,BTEE101-18,B+,Regular
2416603,1,BTEE102-18,O,Regular
2416603,1,BTME101-21,A+,Regular
2416603,1,BTPH101-23,B+,Regular
2416603,1,BTPH102-23,A+,Regular
2416603,2,BMPD201-18,S,Regular
2416603,2,BTAM201-23,B+,Regular
2416603,2,BTCH101-23,A,Regular
2416603,2,BTCH102-18,A+,Regular
2416603,2,BTHU101-18,A+,Regular
2416603,2,BTHU102-18,O,Regular
2416603,2,BTMP101-18,A+,Regular
2416603,2,BTPS101-18,B+,Regular
2416603,2,BTPS102-18,A+,Regular
2416603,3,BTAM-302-23,B,Regular
2416603,3,BTCS301-18,A,Regular
2416603,3,BTCS302-18,A+,Regular
2416603,3,BTCS303-18,A+,Regular
2416603,3,BTCS304-18,B+,Regular
2416603,3,BTCS305-18,B+,Regular
2416603,3,BTES301-18,B,Regular
2416603,3,BTES302-18,B+,Regular
2416603,3,HSMC10 1/102-18,A,Regular
2416603,3,SIT,S,Regular
2416603,4,BTCS-401-18,A+,Regular
2416603,4,BTCS-402-18,A+,Regular
2416603,4,BTCS-403-18,A+,Regular
2416603,4,BTCS-404-18,O,Regular
2416603,4,BTCS-405-18,A+,Regular
2416603,4,BTES-401-18,A,Regular
2416603,4,BTES-402-18,O,Regular
2416603,4,EVS 101-18,A+,Regular
2416603,4,HSMC-122-18,A,Regular
2416604,1,BMPD-101-18,S,Reappear
2416604,1,BTAM101-23,B+,Reappear
2416604,1,BTEE101-18,C,Reappear
2416604,1,BTEE102-18,A,Reappear
2416604,1,BTME101-21,A,Reappear
2416604,1,BTPH101-23,B,Reappear
2416604,1,BTPH102-23,A,Reappear
2416604,2,BMPD201-18,S,Regular
2416604,2,BTAM201-23,B,Regular
2416604,2,BTCH101-23,B+,Regular
2416604,2,BTCH102-18,B+,Regular
2416604,2,BTHU101-18,A+,Regular
2416604,2,BTHU102-18,A+,Regular
2416604,2,BTMP101-18,B+,Regular
2416604,2,BTPS101-18,B+,Regular
2416604,2,BTPS102-18,B+,Regular
2416604,3,BTAM-302-23,B,Regular
2416604,3,BTCS301-18,B,Regular
2416604,3,BTCS302-18,B,Regular
2416604,3,BTCS303-18,A+,Regular
2416604,3,BTCS304-18,B,Regular
2416604,3,BTCS305-18,B,Regular
2416604,3,BTES301-18,B,Regular
2416604,3,BTES302-18,B+,Regular
2416604,3,HSMC10 1/102-18,B+,Regular
2416604,3,SIT,S,Regular
2416604,4,BTCS-401-18,A,Regular
2416604,4,BTCS-402-18,A,Regular
2416604,4,BTCS-403-18,A,Regular
2416604,4,BTCS-404-18,A+,Regular
2416604,4,BTCS-405-18,A+,Regular
2416604,4,BTES-401-18,A,Regular
2416604,4,BTES-402-18,A+,Regular
2416604,4,EVS 101-18,B+,Regular
2416604,4,HSMC-122-18,B+,Regular
2416605,1,BMPD-101-18,S,Regular
2416605,1,BTAM101-23,B+,Regular
2416605,1,BTEE101-18,B+,Regular
2416605,1,BTEE102-18,A+,Regular
2416605,1,BTME101-21,A+,Regular
2416605,1,BTPH101-23,A,Regular
2416605,1,BTPH102-23,A+,Regular
2416605,2,BMPD201-18,S,Regular
2416605,2,BTAM201-23,B,Regular
2416605,2,BTCH101-23,A,Regular
2416605,2,BTCH102-18,A,Regular
2416605,2,BTHU101-18,A,Regular
2416605,2,BTHU102-18,O,Regular
2416605,2,BTMP101-18,A+,Regular
2416605,2,BTPS101-18,A,Regular
2416605,2,BTPS102-18,A+,Regular
2416605,3,BTAM-302-23,B,Regular
2416605,3,BTCS301-18,A,Regular
2416605,3,BTCS302-18,B,Regular
2416605,3,BTCS303-18,A+,Regular
2416605,3,BTCS304-18,A+,Regular
2416605,3,BTCS305-18,A,Regular
2416605,3,BTES301-18,B,Regular
2416605,3,BTES302-18,A+,Regular
2416605,3,HSMC10 1/102-18,A,Regular
2416605,3,SIT,S,Regular
2416605,4,BTCS-401-18,A,Regular
2416605,4,BTCS-402-18,A,Regular
2416605,4,BTCS-403-18,A+,Regular
2416605,4,BTCS-404-18,A+,Regular
2416605,4,BTCS-405-18,O,Regular
2416605,4,BTES-401-18,A,Regular
2416605,4,BTES-402-18,O,Regular
2416605,4,EVS 101-18,O,Regular
2416605,4,HSMC-122-18,A+,Regular
2416606,1,BMPD-101-18,S,Regular
2416606,1,BTAM101-23,B,Regular
2416606,1,BTEE101-18,A,Regular
2416606,1,BTEE102-18,A+,Regular
2416606,1,BTME101-21,A,Regular
2416606,1,BTPH101-23,B,Regular
2416606,1,BTPH102-23,A+,Regular
2416606,2,BMPD201-18,S,Regular
2416606,2,BTAM201-23,B+,Regular
2416606,2,BTCH101-23,A,Regular
2416606,2,BTCH102-18,O,Regular
2416606,2,BTHU101-18,A,Regular
2416606,2,BTHU102-18,A+,Regular
2416606,2,BTMP101-18,A+,Regular
2416606,2,BTPS101-18,B+,Regular
2416606,2,BTPS102-18,A+,Regular
2416606,3,BTAM-302-23,B+,Regular
2416606,3,BTCS301-18,A,Regular
2416606,3,BTCS302-18,A+,Regular
2416606,3,BTCS303-18,O,Regular
2416606,3,BTCS304-18,O,Regular
2416606,3,BTCS305-18,A,Regular
2416606,3,BTES301-18,B+,Regular
2416606,3,BTES302-18,O,Regular
2416606,3,HSMC10 1/102-18,A,Regular
2416606,3,SIT,S,Regular
2416606,4,BTCS-401-18,A,Regular
2416606,4,BTCS-402-18,A,Regular
2416606,4,BTCS-403-18,A+,Regular
2416606,4,BTCS-404-18,O,Regular
2416606,4,BTCS-405-18,O,Regular
2416606,4,BTES-401-18,A+,Regular
2416606,4,BTES-402-18,O,Regular
2416606,4,EVS 101-18,O,Regular
2416606,4,HSMC-122-18,B+,Regular
2416607,1,BMPD-101-18,S,Regular
2416607,1,BTAM101-23,A,Regular
2416607,1,BTEE101-18,A,Regular
2416607,1,BTEE102-18,O,Regular
2416607,1,BTME101-21,O,Regular
2416607,1,BTPH101-23,A,Regular
2416607,1,BTPH102-23,O,Regular
2416607,2,BMPD201-18,S,Regular
2416607,2,BTAM201-23,A,Regular
2416607,2,BTCH101-23,A+,Regular
2416607,2,BTCH102-18,O,Regular
2416607,2,BTHU101-18,A+,Regular
2416607,2,BTHU102-18,O,Regular
2416607,2,BTMP101-18,O,Regular
2416607,2,BTPS101-18,A+,Regular
2416607,2,BTPS102-18,O,Regular
2416607,3,BTAM-302-23,A+,Regular
2416607,3,BTCS301-18,A+,Regular
2416607,3,BTCS302-18,O,Regular
2416607,3,BTCS303-18,O,Regular
2416607,3,BTCS304-18,A+,Regular
2416607,3,BTCS305-18,O,Regular
2416607,3,BTES301-18,B+,Regular
2416607,3,BTES302-18,O,Regular
2416607,3,HSMC10 1/102-18,A+,Regular
2416607,3,SIT,S,Regular
2416607,4,BTCS-401-18,A+,Regular
2416607,4,BTCS-402-18,A+,Regular
2416607,4,BTCS-403-18,A+,Regular
2416607,4,BTCS-404-18,O,Regular
2416607,4,BTCS-405-18,O,Regular
2416607,4,BTES-401-18,A+,Regular
2416607,4,BTES-402-18,O,Regular
2416607,4,EVS 101-18,O,Regular
2416607,4,HSMC-122-18,A,Regular
2416608,1,BMPD-101-18,S,Reappear
2416608,1,BTAM101-23,P,Reappear
2416608,1,BTEE101-18,B,Reappear
2416608,1,BTEE102-18,B+,Reappear
2416608,1,BTME101-21,A,Reappear
2416608,1,BTPH101-23,B,Reappear
2416608,1,BTPH102-23,A,Reappear
2416608,2,BMPD201-18,S,Regular
2416608,2,BTAM201-23,F(Int)/Ab (Ext),Regular
2416608,2,BTCH101-23,F(Int)/Ab (Ext),Regular
2416608,2,BTCH102-18,F(Int)/Ab (Ext),Regular
2416608,2,BTHU101-18,F(Int)/Ab (Ext),Regular
2416608,2,BTHU102-18,Ab(Ext),Regular
2416608,2,BTMP101-18,F(Int)/Ab (Ext),Regular
2416608,2,BTPS101-18,F(Int)/Ab (Ext),Regular
2416608,2,BTPS102-18,Ab(Ext),Regular
2416608,3,BTCS301-18,P,Regular
2416608,3,BTCS302-18,F(Int)/Ab (Ext),Regular
2416608,3,BTCS303-18,B+,Regular
2416608,3,BTCS304-18,P,Regular
2416608,3,BTCS305-18,C,Regular
2416608,3,BTES301-18,Ab(Ext),Regular
2416608,3,BTES302-18,C,Regular
2416608,3,HSMC10 1/102-18,F(Int)/Ab (Ext),Regular
2416608,3,SIT,S,Regular
2416608,4,BTCS-401-18,F(Int)/Ab (Ext),Regular
2416608,4,BTCS-402-18,F(Int)/Ab (Ext),Regular
2416608,4,BTCS-403-18,F(Int)/Ab (Ext),Regular
2416608,4,BTCS-404-18,F(Int)/Ab (Ext),Regular
2416608,4,BTCS-405-18,F(Int)/Ab (Ext),Regular
2416608,4,BTES-401-18,F(Int)/Ab (Ext),Regular
2416608,4,BTES-402-18,F(Int)/Ab (Ext),Regular
2416608,4,EVS 101-18,F(Int),Regular
2416608,4,HSMC-122-18,F(Int)/Ab (Ext),Regular
2416609,1,BMPD-101-18,S,Regular
2416609,1,BTAM101-23,A,Regular
2416609,1,BTEE101-18,A,Regular
2416609,1,BTEE102-18,O,Regular
2416609,1,BTME101-21,O,Regular
2416609,1,BTPH101-23,A+,Regular
2416609,1,BTPH102-23,O,Regular
2416609,2,BMPD201-18,S,Regular
2416609,2,BTAM201-23,A,Regular
2416609,2,BTCH101-23,O,Regular
2416609,2,BTCH102-18,O,Regular
2416609,2,BTHU101-18,A+,Regular
2416609,2,BTHU102-18,O,Regular
2416609,2,BTMP101-18,O,Regular
2416609,2,BTPS101-18,A,Regular
2416609,2,BTPS102-18,O,Regular
2416609,3,BTAM-302-23,A+,Regular
2416609,3,BTCS301-18,A+,Regular
2416609,3,BTCS302-18,A+,Regular
2416609,3,BTCS303-18,O,Regular
2416609,3,BTCS304-18,O,Regular
2416609,3,BTCS305-18,O,Regular
2416609,3,BTES301-18,A,Regular
2416609,3,BTES302-18,O,Regular
2416609,3,HSMC10 1/102-18,A+,Regular
2416609,3,SIT,S,Regular
2416609,4,BTCS-401-18,A+,Regular
2416609,4,BTCS-402-18,A+,Regular
2416609,4,BTCS-403-18,A+,Regular
2416609,4,BTCS-404-18,O,Regular
2416609,4,BTCS-405-18,O,Regular
2416609,4,BTES-401-18,A+,Regular
2416609,4,BTES-402-18,O,Regular
2416609,4,EVS 101-18,O,Regular
2416609,4,HSMC-122-18,A+,Regular
2416610,1,BMPD-101-18,S,Reappear
2416610,1,BTAM101-23,F(Ext),Reappear
2416610,1,BTEE101-18,B,Reappear
2416610,1,BTEE102-18,A+,Reappear
2416610,1,BTME101-21,A,Reappear
2416610,1,BTPH101-23,B,Reappear
2416610,1,BTPH102-23,A+,Reappear
2416610,2,BMPD201-18,S,Regular
2416610,2,BTAM201-23,F(Ext/Int),Regular
2416610,2,BTCH101-23,F(Ext),Regular
2416610,2,BTCH102-18,B+,Regular
2416610,2,BTHU101-18,A,Regular
2416610,2,BTHU102-18,A,Regular
2416610,2,BTMP101-18,C,Regular
2416610,2,BTPS101-18,F(Ext),Regular
2416610,2,BTPS102-18,A,Regular
2416610,3,BTAM-302-23,B,Regular
2416610,3,BTCS301-18,F(Ext),Regular
2416610,3,BTCS302-18,F(Ext),Regular
2416610,3,BTCS303-18,B,Regular
2416610,3,BTCS304-18,C,Regular
2416610,3,BTCS305-18,P,Regular
2416610,3,BTES301-18,F(Ext),Regular
2416610,3,BTES302-18,P,Regular
2416610,3,HSMC10 1/102-18,B+,Regular
2416610,3,SIT,S,Regular
2416610,4,BTCS-401-18,P,Regular
2416610,4,BTCS-402-18,B+,Regular
2416610,4,BTCS-403-18,F(Int),Regular
2416610,4,BTCS-404-18,B,Regular
2416610,4,BTCS-405-18,A,Regular
2416610,4,BTES-401-18,P,Regular
2416610,4,BTES-402-18,A,Regular
2416610,4,EVS 101-18,B,Regular
2416610,4,HSMC-122-18,B,Regular
2416611,1,BMPD-101-18,S,Reappear
2416611,1,BTAM101-23,C,Reappear
2416611,1,BTEE101-18,B,Reappear
2416611,1,BTEE102-18,O,Reappear
2416611,1,BTME101-21,A,Reappear
2416611,1,BTPH101-23,B,Reappear
2416611,1,BTPH102-23,O,Reappear
2416611,2,BMPD201-18,S,Regular
2416611,2,BTAM201-23,B,Regular
2416611,2,BTCH101-23,B,Regular
2416611,2,BTCH102-18,O,Regular
2416611,2,BTHU101-18,A+,Regular
2416611,2,BTHU102-18,O,Regular
2416611,2,BTMP101-18,A+,Regular
2416611,2,BTPS101-18,B+,Regular
2416611,2,BTPS102-18,O,Regular
2416611,3,BTAM-302-23,B,Regular
2416611,3,BTCS301-18,B+,Regular
2416611,3,BTCS302-18,C,Regular
2416611,3,BTCS303-18,A+,Regular
2416611,3,BTCS304-18,B,Regular
2416611,3,BTCS305-18,B+,Regular
2416611,3,BTES301-18,B,Regular
2416611,3,BTES302-18,A,Regular
2416611,3,HSMC10 1/102-18,B+,Regular
2416611,3,SIT,S,Regular
2416611,4,BTCS-401-18,A,Regular
2416611,4,BTCS-402-18,A,Regular
2416611,4,BTCS-403-18,B+,Regular
2416611,4,BTCS-404-18,O,Regular
2416611,4,BTCS-405-18,A+,Regular
2416611,4,BTES-401-18,A,Regular
2416611,4,BTES-402-18,O,Regular
2416611,4,EVS 101-18,A+,Regular
2416611,4,HSMC-122-18,A,Regular
2416612,1,BMPD-101-18,S,Reappear
2416612,1,BTAM101-23,F(Ext/Int),Reappear
2416612,1,BTEE101-18,F(Ext),Reappear
2416612,1,BTEE102-18,A+,Reappear
2416612,1,BTME101-21,A,Reappear
2416612,1,BTPH101-23,P,Reappear
2416612,1,BTPH102-23,A+,Reappear
2416612,2,BMPD201-18,S,Regular
2416612,2,BTAM201-23,F(Ext),Regular
2416612,2,BTCH101-23,F(Ext),Regular
2416612,2,BTCH102-18,B+,Regular
2416612,2,BTHU101-18,A,Regular
2416612,2,BTHU102-18,A+,Regular
2416612,2,BTMP101-18,B+,Regular
2416612,2,BTPS101-18,F(Ext),Regular
2416612,2,BTPS102-18,A+,Regular
2416612,3,BTAM-302-23,F(Ext),Regular
2416612,3,BTCS301-18,F(Ext),Regular
2416612,3,BTCS302-18,F(Ext),Regular
2416612,3,BTCS303-18,B+,Regular
2416612,3,BTCS304-18,P,Regular
2416612,3,BTCS305-18,P,Regular
2416612,3,BTES301-18,F(Ext/Int),Regular
2416612,3,BTES302-18,B,Regular
2416612,3,HSMC10 1/102-18,P,Regular
2416612,3,SIT,S,Regular
2416612,4,BTCS-401-18,F(Int)/Ab (Ext),Regular
2416612,4,BTCS-402-18,F(Int)/Ab (Ext),Regular
2416612,4,BTCS-403-18,F(Ext),Regular
2416612,4,BTCS-404-18,F(Int)/Ab (Ext),Regular
2416612,4,BTCS-405-18,Ab(Ext),Regular
2416612,4,BTES-401-18,Ab(Ext),Regular
2416612,4,BTES-402-18,F(Int)/Ab (Ext),Regular
2416612,4,EVS 101-18,P,Regular
2416612,4,HSMC-122-18,Ab(Ext),Regular
2416613,1,BMPD-101-18,S,Reappear
2416613,1,BTAM101-23,P,Reappear
2416613,1,BTEE101-18,F(Ext),Reappear
2416613,1,BTEE102-18,A,Reappear
2416613,1,BTME101-21,B,Reappear
2416613,1,BTPH101-23,C,Reappear
2416613,1,BTPH102-23,A+,Reappear
2416613,2,BMPD201-18,S,Regular
2416613,2,BTAM201-23,F(Ext),Regular
2416613,2,BTCH101-23,C,Regular
2416613,2,BTCH102-18,A+,Regular
2416613,2,BTHU101-18,A+,Regular
2416613,2,BTHU102-18,A+,Regular
2416613,2,BTMP101-18,A,Regular
2416613,2,BTPS101-18,F(Ext),Regular
2416613,2,BTPS102-18,A+,Regular
2416613,3,BTAM-302-23,F(Ext),Regular
2416613,3,BTCS301-18,B,Regular
2416613,3,BTCS302-18,F(Ext),Regular
2416613,3,BTCS303-18,A,Regular
2416613,3,BTCS304-18,B+,Regular
2416613,3,BTCS305-18,A,Regular
2416613,3,BTES301-18,C,Regular
2416613,3,BTES302-18,A+,Regular
2416613,3,HSMC10 1/102-18,B,Regular
2416613,3,SIT,S,Regular
2416613,4,BTCS-401-18,B,Regular
2416613,4,BTCS-402-18,B,Regular
2416613,4,BTCS-403-18,B+,Regular
2416613,4,BTCS-404-18,A+,Regular
2416613,4,BTCS-405-18,A+,Regular
2416613,4,BTES-401-18,B,Regular
2416613,4,BTES-402-18,A+,Regular
2416613,4,EVS 101-18,A+,Regular
2416613,4,HSMC-122-18,B,Regular
2416614,1,BMPD-101-18,S,Reappear
2416614,1,BTAM101-23,F(Ext/Int),Reappear
2416614,1,BTEE101-18,F(Ext),Reappear
2416614,1,BTEE102-18,B+,Reappear
2416614,1,BTME101-21,F(Ext),Reappear
2416614,1,BTPH101-23,F(Ext),Reappear
2416614,1,BTPH102-23,A,Reappear
2416614,2,BMPD201-18,S,Regular
2416614,2,BTAM201-23,F(Ext),Regular
2416614,2,BTCH101-23,F(Ext),Regular
2416614,2,BTCH102-18,A,Regular
2416614,2,BTHU101-18,A,Regular
2416614,2,BTHU102-18,A+,Regular
2416614,2,BTMP101-18,A,Regular
2416614,2,BTPS101-18,F(Ext),Regular
2416614,2,BTPS102-18,A,Regular
2416614,3,BTAM-302-23,F(Ext),Regular
2416614,3,BTCS301-18,P,Regular
2416614,3,BTCS302-18,F(Ext),Regular
2416614,3,BTCS303-18,B+,Regular
2416614,3,BTCS304-18,P,Regular
2416614,3,BTCS305-18,P,Regular
2416614,3,BTES301-18,F(Ext/Int),Regular
2416614,3,BTES302-18,P,Regular
2416614,3,HSMC10 1/102-18,B+,Regular
2416614,3,SIT,S,Regular
2416614,4,BTCS-401-18,F(Int)/Ab (Ext),Regular
2416614,4,BTCS-402-18,F(Int)/Ab (Ext),Regular
2416614,4,BTCS-403-18,F(Int)/Ab (Ext),Regular
2416614,4,BTCS-404-18,F(Int)/Ab (Ext),Regular
2416614,4,BTCS-405-18,F(Int)/Ab (Ext),Regular
2416614,4,BTES-401-18,F(Int)/Ab (Ext),Regular
2416614,4,BTES-402-18,F(Int)/Ab (Ext),Regular
2416614,4,EVS 101-18,P,Regular
2416614,4,HSMC-122-18,F(Int)/Ab (Ext),Regular
2416615,1,BMPD-101-18,S,Regular
2416615,1,BTAM101-23,B,Regular
2416615,1,BTEE101-18,A,Regular
2416615,1,BTEE102-18,O,Regular
2416615,1,BTME101-21,A+,Regular
2416615,1,BTPH101-23,B+,Regular
2416615,1,BTPH102-23,A+,Regular
2416615,2,BMPD201-18,S,Regular
2416615,2,BTAM201-23,B,Regular
2416615,2,BTCH101-23,B+,Regular
2416615,2,BTCH102-18,A+,Regular
2416615,2,BTHU101-18,A,Regular
2416615,2,BTHU102-18,A+,Regular
2416615,2,BTMP101-18,A,Regular
2416615,2,BTPS101-18,B+,Regular
2416615,2,BTPS102-18,A+,Regular
2416615,3,BTAM-302-23,B+,Regular
2416615,3,BTCS301-18,A,Regular
2416615,3,BTCS302-18,A,Regular
2416615,3,BTCS303-18,A+,Regular
2416615,3,BTCS304-18,A,Regular
2416615,3,BTCS305-18,A,Regular
2416615,3,BTES301-18,B+,Regular
2416615,3,BTES302-18,B,Regular
2416615,3,HSMC10 1/102-18,A,Regular
2416615,3,SIT,S,Regular
2416616,1,BMPD-101-18,S,Regular
2416616,1,BTAM101-23,B+,Regular
2416616,1,BTEE101-18,B+,Regular
2416616,1,BTEE102-18,O,Regular
2416616,1,BTME101-21,A+,Regular
2416616,1,BTPH101-23,B,Regular
2416616,1,BTPH102-23,A+,Regular
2416616,2,BMPD201-18,S,Regular
2416616,2,BTAM201-23,B+,Regular
2416616,2,BTCH101-23,B+,Regular
2416616,2,BTCH102-18,B+,Regular
2416616,2,BTHU101-18,B+,Regular
2416616,2,BTHU102-18,B+,Regular
2416616,2,BTMP101-18,A+,Regular
2416616,2,BTPS101-18,B,Regular
2416616,2,BTPS102-18,A+,Regular
2416616,3,BTAM-302-23,B+,Regular
2416616,3,BTCS301-18,B+,Regular
2416616,3,BTCS302-18,B+,Regular
2416616,3,BTCS303-18,O,Regular
2416616,3,BTCS304-18,A+,Regular
2416616,3,BTCS305-18,A+,Regular
2416616,3,BTES301-18,B+,Regular
2416616,3,BTES302-18,B+,Regular
2416616,3,HSMC10 1/102-18,B,Regular
2416616,3,SIT,S,Regular
2416616,4,BTCS-401-18,A,Regular
2416616,4,BTCS-402-18,A,Regular
2416616,4,BTCS-403-18,A,Regular
2416616,4,BTCS-404-18,O,Regular
2416616,4,BTCS-405-18,A,Regular
2416616,4,BTES-401-18,A,Regular
2416616,4,BTES-402-18,A+,Regular
2416616,4,EVS 101-18,A+,Regular
2416616,4,HSMC-122-18,B+,Regular
2416617,1,BMPD-101-18,S,Reappear
2416617,1,BTAM101-23,P,Reappear
2416617,1,BTEE101-18,C,Reappear
2416617,1,BTEE102-18,A+,Reappear
2416617,1,BTME101-21,B+,Reappear
2416617,1,BTPH101-23,C,Reappear
2416617,1,BTPH102-23,A+,Reappear
2416617,2,BMPD201-18,S,Reappear
2416617,2,BTAM201-23,F(Ext),Reappear
2416617,2,BTCH101-23,F(Ext),Reappear
2416617,2,BTCH102-18,B,Reappear
2416617,2,BTHU101-18,B+,Reappear
2416617,2,BTHU102-18,A,Reappear
2416617,2,BTMP101-18,C,Reappear
2416617,2,BTPS101-18,C,Reappear
2416617,2,BTPS102-18,A,Reappear
2416617,3,BTAM-302-23,F(Ext),Regular
2416617,3,BTCS301-18,F(Ext),Regular
2416617,3,BTCS302-18,F(Ext),Regular
2416617,3,BTCS303-18,B,Regular
2416617,3,BTCS304-18,P,Regular
2416617,3,BTCS305-18,B,Regular
2416617,3,BTES301-18,F(Ext),Regular
2416617,3,BTES302-18,B,Regular
2416617,3,HSMC10 1/102-18,B,Regular
2416617,3,SIT,S,Regular
2416617,4,BTCS-401-18,P,Regular
2416617,4,BTCS-402-18,B,Regular
2416617,4,BTCS-403-18,B+,Regular
2416617,4,BTCS-404-18,B+,Regular
2416617,4,BTCS-405-18,A,Regular
2416617,4,BTES-401-18,F(Int),Regular
2416617,4,BTES-402-18,A,Regular
2416617,4,EVS 101-18,B+,Regular
2416617,4,HSMC-122-18,B+,Regular
2416618,1,BMPD-101-18,S,Reappear
2416618,1,BTAM101-23,B,Reappear
2416618,1,BTEE101-18,B+,Reappear
2416618,1,BTEE102-18,A+,Reappear
2416618,1,BTME101-21,A,Reappear
2416618,1,BTPH101-23,B,Reappear
2416618,1,BTPH102-23,A+,Reappear
2416618,2,BMPD201-18,S,Regular
2416618,2,BTAM201-23,C,Regular
2416618,2,BTCH101-23,B+,Regular
2416618,2,BTCH102-18,A+,Regular
2416618,2,BTHU101-18,A+,Regular
2416618,2,BTHU102-18,O,Regular
2416618,2,BTMP101-18,A+,Regular
2416618,2,BTPS101-18,B+,Regular
2416618,2,BTPS102-18,O,Regular
2416618,3,BTAM-302-23,B+,Regular
2416618,3,BTCS301-18,A+,Regular
2416618,3,BTCS302-18,B+,Regular
2416618,3,BTCS303-18,A+,Regular
2416618,3,BTCS304-18,B+,Regular
2416618,3,BTCS305-18,B,Regular
2416618,3,BTES301-18,B+,Regular
2416618,3,BTES302-18,A,Regular
2416618,3,HSMC10 1/102-18,A,Regular
2416618,3,SIT,S,Regular
2416618,4,BTCS-401-18,A,Regular
2416618,4,BTCS-402-18,A+,Regular
2416618,4,BTCS-403-18,A+,Regular
2416618,4,BTCS-404-18,A+,Regular
2416618,4,BTCS-405-18,A+,Regular
2416618,4,BTES-401-18,A+,Regular
2416618,4,BTES-402-18,O,Regular
2416618,4,EVS 101-18,O,Regular
2416618,4,HSMC-122-18,A,Regular
2416619,1,BMPD-101-18,S,Regular
2416619,1,BTAM101-23,F(Ext),Regular
2416619,1,BTEE101-18,B,Regular
2416619,1,BTEE102-18,A,Regular
2416619,1,BTME101-21,A,Regular
2416619,1,BTPH101-23,P,Regular
2416619,1,BTPH102-23,A+,Regular
2416619,2,BMPD201-18,S,Regular
2416619,2,BTAM201-23,F(Ext),Regular
2416619,2,BTCH101-23,B,Regular
2416619,2,BTCH102-18,A+,Regular
2416619,2,BTHU101-18,A,Regular
2416619,2,BTHU102-18,A,Regular
2416619,2,BTMP101-18,A+,Regular
2416619,2,BTPS101-18,F(Ext),Regular
2416619,2,BTPS102-18,A+,Regular
2416619,3,BTAM-302-23,B,Regular
2416619,3,BTCS301-18,B,Regular
2416619,3,BTCS302-18,F(Ext),Regular
2416619,3,BTCS303-18,A,Regular
2416619,3,BTCS304-18,C,Regular
2416619,3,BTCS305-18,B,Regular
2416619,3,BTES301-18,C,Regular
2416619,3,BTES302-18,B,Regular
2416619,3,HSMC10 1/102-18,A,Regular
2416619,3,SIT,S,Regular
2416619,4,BTCS-401-18,B+,Regular
2416619,4,BTCS-402-18,A,Regular
2416619,4,BTCS-403-18,A,Regular
2416619,4,BTCS-404-18,P,Regular
2416619,4,BTCS-405-18,B+,Regular
2416619,4,BTES-401-18,A,Regular
2416619,4,BTES-402-18,A,Regular
2416619,4,EVS 101-18,A+,Regular
2416619,4,HSMC-122-18,A,Regular
2416620,1,BMPD-101-18,S,Reappear
2416620,1,BTAM101-23,B+,Reappear
2416620,1,BTEE101-18,B+,Reappear
2416620,1,BTEE102-18,O,Reappear
2416620,1,BTME101-21,A,Reappear
2416620,1,BTPH101-23,B+,Reappear
2416620,1,BTPH102-23,A+,Reappear
2416620,2,BMPD201-18,S,Regular
2416620,2,BTAM201-23,B+,Regular
2416620,2,BTCH101-23,A,Regular
2416620,2,BTCH102-18,O,Regular
2416620,2,BTHU101-18,A,Regular
2416620,2,BTHU102-18,O,Regular
2416620,2,BTMP101-18,A+,Regular
2416620,2,BTPS101-18,A,Regular
2416620,2,BTPS102-18,A+,Regular
2416620,3,BTAM-302-23,A,Regular
2416620,3,BTCS301-18,A,Regular
2416620,3,BTCS302-18,A,Regular
2416620,3,BTCS303-18,A+,Regular
2416620,3,BTCS304-18,A,Regular
2416620,3,BTCS305-18,B+,Regular
2416620,3,BTES301-18,B+,Regular
2416620,3,BTES302-18,B+,Regular
2416620,3,HSMC10 1/102-18,A,Regular
2416620,3,SIT,S,Regular
2416620,4,BTCS-401-18,B+,Regular
2416620,4,BTCS-402-18,A+,Regular
2416620,4,BTCS-403-18,O,Regular
2416620,4,BTCS-404-18,O,Regular
2416620,4,BTCS-405-18,O,Regular
2416620,4,BTES-401-18,A,Regular
2416620,4,BTES-402-18,O,Regular
2416620,4,EVS 101-18,A+,Regular
2416620,4,HSMC-122-18,B+,Regular
2416621,1,BMPD-101-18,S,Reappear
2416621,1,BTAM101-23,P,Reappear
2416621,1,BTEE101-18,B,Reappear
2416621,1,BTEE102-18,A+,Reappear
2416621,1,BTME101-21,B,Reappear
2416621,1,BTPH101-23,B+,Reappear
2416621,1,BTPH102-23,A+,Reappear
2416621,2,BMPD201-18,S,Regular
2416621,2,BTAM201-23,F(Ext),Regular
2416621,2,BTCH101-23,P,Regular
2416621,2,BTCH102-18,B+,Regular
2416621,2,BTHU101-18,A,Regular
2416621,2,BTHU102-18,A+,Regular
2416621,2,BTMP101-18,B,Regular
2416621,2,BTPS101-18,F(Ext),Regular
2416621,2,BTPS102-18,A+,Regular
2416621,3,BTAM-302-23,B,Regular
2416621,3,BTCS301-18,F(Ext),Regular
2416621,3,BTCS302-18,F(Ext),Regular
2416621,3,BTCS303-18,O,Regular
2416621,3,BTCS304-18,A,Regular
2416621,3,BTCS305-18,B+,Regular
2416621,3,BTES301-18,F(Ext),Regular
2416621,3,BTES302-18,A,Regular
2416621,3,HSMC10 1/102-18,B,Regular
2416621,3,SIT,S,Regular
2416621,4,BTCS-401-18,F(Ext),Regular
2416621,4,BTCS-402-18,B+,Regular
2416621,4,BTCS-403-18,B,Regular
2416621,4,BTCS-404-18,A+,Regular
2416621,4,BTCS-405-18,A,Regular
2416621,4,BTES-401-18,B,Regular
2416621,4,BTES-402-18,A+,Regular
2416621,4,EVS 101-18,A+,Regular
2416621,4,HSMC-122-18,B,Regular
2416622,1,BMPD-101-18,S,Reappear
2416622,1,BTAM101-23,F(Ext/Int),Reappear
2416622,1,BTEE101-18,F(Ext),Reappear
2416622,1,BTEE102-18,A,Reappear
2416622,1,BTME101-21,B,Reappear
2416622,1,BTPH101-23,F(Ext),Reappear
2416622,1,BTPH102-23,A,Reappear
2416622,2,BMPD201-18,S,Regular
2416622,2,BTAM201-23,F(Ext),Regular
2416622,2,BTCH101-23,F(Ext),Regular
2416622,2,BTCH102-18,A,Regular
2416622,2,BTHU101-18,B+,Regular
2416622,2,BTHU102-18,A+,Regular
2416622,2,BTMP101-18,B+,Regular
2416622,2,BTPS101-18,F(Ext),Regular
2416622,2,BTPS102-18,A,Regular
2416622,3,BTAM-302-23,C,Regular
2416622,3,BTCS301-18,F(Ext),Regular
2416622,3,BTCS302-18,F(Ext),Regular
2416622,3,BTCS303-18,A+,Regular
2416622,3,BTCS304-18,B,Regular
2416622,3,BTCS305-18,A,Regular
2416622,3,BTES301-18,F(Ext),Regular
2416622,3,BTES302-18,B,Regular
2416622,3,HSMC10 1/102-18,B,Regular
2416622,3,SIT,S,Regular
2416622,4,BTCS-401-18,F(Ext),Regular
2416622,4,BTCS-402-18,F(Ext),Regular
2416622,4,BTCS-403-18,C,Regular
2416622,4,BTCS-404-18,B+,Regular
2416622,4,BTCS-405-18,A,Regular
2416622,4,BTES-401-18,B,Regular
2416622,4,BTES-402-18,A+,Regular
2416622,4,EVS 101-18,B,Regular
2416622,4,HSMC-122-18,B+,Regular
2416623,1,BMPD-101-18,S,Regular
2416623,1,BTAM101-23,C,Regular
2416623,1,BTEE101-18,A,Regular
2416623,1,BTEE102-18,O,Regular
2416623,1,BTME101-21,A,Regular
2416623,1,BTPH101-23,B+,Regular
2416623,1,BTPH102-23,A+,Regular
2416623,2,BMPD201-18,S,Regular
2416623,2,BTAM201-23,B,Regular
2416623,2,BTCH101-23,A+,Regular
2416623,2,BTCH102-18,A+,Regular
2416623,2,BTHU101-18,A,Regular
2416623,2,BTHU102-18,B+,Regular
2416623,2,BTMP101-18,A+,Regular
2416623,2,BTPS101-18,A,Regular
2416623,2,BTPS102-18,A,Regular
2416623,3,BTAM-302-23,B,Regular
2416623,3,BTCS301-18,A,Regular
2416623,3,BTCS302-18,A,Regular
2416623,3,BTCS303-18,A+,Regular
2416623,3,BTCS304-18,A+,Regular
2416623,3,BTCS305-18,A,Regular
2416623,3,BTES301-18,B+,Regular
2416623,3,BTES302-18,A+,Regular
2416623,3,HSMC10 1/102-18,A+,Regular
2416623,3,SIT,S,Regular
2416624,1,BMPD-101-18,S,Regular
2416624,1,BTAM101-23,A,Regular
2416624,1,BTEE101-18,A,Regular
2416624,1,BTEE102-18,O,Regular
2416624,1,BTME101-21,O,Regular
2416624,1,BTPH101-23,A+,Regular
2416624,1,BTPH102-23,O,Regular
2416624,2,BMPD201-18,S,Regular
2416624,2,BTAM201-23,A+,Regular
2416624,2,BTCH101-23,A+,Regular
2416624,2,BTCH102-18,O,Regular
2416624,2,BTHU101-18,A+,Regular
2416624,2,BTHU102-18,O,Regular
2416624,2,BTMP101-18,O,Regular
2416624,2,BTPS101-18,A+,Regular
2416624,2,BTPS102-18,O,Regular
2416624,3,BTAM-302-23,A+,Regular
2416624,3,BTCS301-18,A+,Regular
2416624,3,BTCS302-18,A+,Regular
2416624,3,BTCS303-18,O,Regular
2416624,3,BTCS304-18,O,Regular
2416624,3,BTCS305-18,O,Regular
2416624,3,BTES301-18,A,Regular
2416624,3,BTES302-18,O,Regular
2416624,3,HSMC10 1/102-18,A+,Regular
2416624,3,SIT,S,Regular
2416625,1,BMPD-101-18,S,Regular
2416625,1,BTAM101-23,B,Regular
2416625,1,BTEE101-18,B+,Regular
2416625,1,BTEE102-18,B+,Regular
2416625,1,BTME101-21,A,Regular
2416625,1,BTPH101-23,B,Regular
2416625,1,BTPH102-23,A+,Regular
2416625,2,BMPD201-18,S,Regular
2416625,2,BTAM201-23,P,Regular
2416625,2,BTCH101-23,B+,Regular
2416625,2,BTCH102-18,B+,Regular
2416625,2,BTHU101-18,A,Regular
2416625,2,BTHU102-18,A+,Regular
2416625,2,BTMP101-18,B+,Regular
2416625,2,BTPS101-18,B+,Regular
2416625,2,BTPS102-18,A+,Regular
2416625,3,BTAM-302-23,B,Regular
2416625,3,BTCS301-18,C,Regular
2416625,3,BTCS302-18,F(Ext),Regular
2416625,3,BTCS303-18,P,Regular
2416625,3,BTCS304-18,F(Ext/Int),Regular
2416625,3,BTCS305-18,P,Regular
2416625,3,BTES301-18,P,Regular
2416625,3,BTES302-18,C,Regular
2416625,3,HSMC10 1/102-18,B,Regular
2416625,3,SIT,S,Regular
2416626,1,BMPD-101-18,S,Regular
2416626,1,BTAM101-23,B+,Regular
2416626,1,BTEE101-18,B+,Regular
2416626,1,BTEE102-18,A+,Regular
2416626,1,BTME101-21,A,Regular
2416626,1,BTPH101-23,B,Regular
2416626,1,BTPH102-23,A+,Regular
2416626,2,BMPD201-18,S,Regular
2416626,2,BTAM201-23,Ab(Ext),Regular
2416626,2,BTCH101-23,Ab(Ext),Regular
2416626,2,BTCH102-18,Ab(Ext),Regular
2416626,2,BTHU101-18,F(Int)/Ab (Ext),Regular
2416626,2,BTHU102-18,Ab(Ext),Regular
2416626,2,BTMP101-18,Ab(Ext),Regular
2416626,2,BTPS101-18,Ab(Ext),Regular
2416626,2,BTPS102-18,Ab(Ext),Regular
2416626,3,BTAM-302-23,A,Regular
2416626,3,BTCS301-18,A+,Regular
2416626,3,BTCS302-18,B,Regular
2416626,3,BTCS303-18,A+,Regular
2416626,3,BTCS304-18,B,Regular
2416626,3,BTCS305-18,B+,Regular
2416626,3,BTES301-18,B+,Regular
2416626,3,BTES302-18,A+,Regular
2416626,3,HSMC10 1/102-18,A,Regular
2416626,3,SIT,S,Regular
2416627,1,BMPD-101-18,S,Regular
2416627,1,BTAM101-23,B,Regular
2416627,1,BTEE101-18,C,Regular
2416627,1,BTEE102-18,O,Regular
2416627,1,BTME101-21,A+,Regular
2416627,1,BTPH101-23,B+,Regular
2416627,1,BTPH102-23,A+,Regular
2416627,2,BMPD201-18,S,Regular
2416627,2,BTAM201-23,C,Regular
2416627,2,BTCH101-23,B+,Regular
2416627,2,BTCH102-18,A+,Regular
2416627,2,BTHU101-18,A,Regular
2416627,2,BTHU102-18,A,Regular
2416627,2,BTMP101-18,B+,Regular
2416627,2,BTPS101-18,F(Ext),Regular
2416627,2,BTPS102-18,A+,Regular
2416627,3,BTAM-302-23,B+,Regular
2416627,3,BTCS301-18,B+,Regular
2416627,3,BTCS302-18,B+,Regular
2416627,3,BTCS303-18,B,Regular
2416627,3,BTCS304-18,A,Regular
2416627,3,BTCS305-18,B,Regular
2416627,3,BTES301-18,B,Regular
2416627,3,BTES302-18,B,Regular
2416627,3,HSMC10 1/102-18,A,Regular
2416627,3,SIT,S,Regular
2416628,1,BMPD-101-18,S,Reappear
2416628,1,BTAM101-23,C,Reappear
2416628,1,BTEE101-18,B+,Reappear
2416628,1,BTEE102-18,A+,Reappear
2416628,1,BTME101-21,A,Reappear
2416628,1,BTPH101-23,B,Reappear
2416628,1,BTPH102-23,A+,Reappear
2416628,2,BMPD201-18,S,Regular
2416628,2,BTAM201-23,C,Regular
2416628,2,BTCH101-23,A,Regular
2416628,2,BTCH102-18,A+,Regular
2416628,2,BTHU101-18,A+,Regular
2416628,2,BTHU102-18,A+,Regular
2416628,2,BTMP101-18,A+,Regular
2416628,2,BTPS101-18,A,Regular
2416628,2,BTPS102-18,O,Regular
2416628,3,BTAM-302-23,B,Regular
2416628,3,BTCS301-18,A,Regular
2416628,3,BTCS302-18,B,Regular
2416628,3,BTCS303-18,A,Regular
2416628,3,BTCS304-18,A+,Regular
2416628,3,BTCS305-18,A,Regular
2416628,3,BTES301-18,B+,Regular
2416628,3,BTES302-18,B+,Regular
2416628,3,HSMC10 1/102-18,A,Regular
2416628,3,SIT,S,Regular
2416629,1,BMPD-101-18,S,Regular
2416629,1,BTAM101-23,C,Regular
2416629,1,BTEE101-18,B,Regular
2416629,1,BTEE102-18,B+,Regular
2416629,1,BTME101-21,A,Regular
2416629,1,BTPH101-23,B,Regular
2416629,1,BTPH102-23,A+,Regular
2416629,2,BMPD201-18,S,Regular
2416629,2,BTAM201-23,B+,Regular
2416629,2,BTCH101-23,A,Regular
2416629,2,BTCH102-18,A,Regular
2416629,2,BTHU101-18,A,Regular
2416629,2,BTHU102-18,A+,Regular
2416629,2,BTMP101-18,A+,Regular
2416629,2,BTPS101-18,A,Regular
2416629,2,BTPS102-18,A+,Regular
2416629,3,BTAM-302-23,B+,Regular
2416629,3,BTCS301-18,A,Regular
2416629,3,BTCS302-18,A+,Regular
2416629,3,BTCS303-18,A+,Regular
2416629,3,BTCS304-18,O,Regular
2416629,3,BTCS305-18,A,Regular
2416629,3,BTES301-18,B+,Regular
2416629,3,BTES302-18,A,Regular
2416629,3,HSMC10 1/102-18,A,Regular
2416629,3,SIT,S,Regular
2416629,4,BTCS-401-18,A,Regular
2416629,4,BTCS-402-18,A+,Regular
2416629,4,BTCS-403-18,A,Regular
2416629,4,BTCS-404-18,A+,Regular
2416629,4,BTCS-405-18,O,Regular
2416629,4,BTES-401-18,A+,Regular
2416629,4,BTES-402-18,A+,Regular
2416629,4,EVS 101-18,O,Regular
2416629,4,HSMC-122-18,B+,Regular
2416630,1,BMPD-101-18,S,Regular
2416630,1,BTAM101-23,F(Ext),Regular
2416630,1,BTEE101-18,F(Ext),Regular
2416630,1,BTEE102-18,A+,Regular
2416630,1,BTME101-21,P,Regular
2416630,1,BTPH101-23,F(Ext),Regular
2416630,1,BTPH102-23,A+,Regular
2416630,2,BMPD201-18,S,Regular
2416630,2,BTAM201-23,F(Ext),Regular
2416630,2,BTCH101-23,F(Ext/Int),Regular
2416630,2,BTCH102-18,B,Regular
2416630,2,BTHU101-18,B,Regular
2416630,2,BTHU102-18,B,Regular
2416630,2,BTMP101-18,C,Regular
2416630,2,BTPS101-18,F(Ext/Int),Regular
2416630,2,BTPS102-18,A,Regular
2416630,3,BTAM-302-23,F(Ext),Regular
2416630,3,BTCS301-18,F(Ext/Int),Regular
2416630,3,BTCS302-18,F(Int)/Ab (Ext),Regular
2416630,3,BTCS303-18,F(Int)/Ab (Ext),Regular
2416630,3,BTCS304-18,Ab(Ext),Regular
2416630,3,BTCS305-18,F(Int)/Ab (Ext),Regular
2416630,3,BTES301-18,F(Int)/Ab (Ext),Regular
2416630,3,BTES302-18,F(Int)/Ab (Ext),Regular
2416630,3,HSMC10 1/102-18,Ab(Ext),Regular
2416630,3,SIT,UN(Int),Regular
2416630,4,BTCS-401-18,F(Ext/Int),Regular
2416630,4,BTCS-402-18,F(Ext),Regular
2416630,4,BTCS-403-18,F(Ext),Regular
2416630,4,BTCS-404-18,F(Int)/Ab (Ext),Regular
2416630,4,BTCS-405-18,A,Regular
2416630,4,BTES-401-18,Ab(Ext),Regular
2416630,4,BTES-402-18,F(Int)/Ab (Ext),Regular
2416630,4,EVS 101-18,F(Int),Regular
2416630,4,HSMC-122-18,F(Ext),Regular
2416631,1,BMPD-101-18,S,Regular
2416631,1,BTAM101-23,F(Ext),Regular
2416631,1,BTEE101-18,F(Ext),Regular
2416631,1,BTEE102-18,A+,Regular
2416631,1,BTME101-21,F(Int),Regular
2416631,1,BTPH101-23,F(Ext),Regular
2416631,1,BTPH102-23,A+,Regular
2416631,2,BMPD201-18,S,Regular
2416631,2,BTAM201-23,F(Ext),Regular
2416631,2,BTCH101-23,F(Ext),Regular
2416631,2,BTCH102-18,B,Regular
2416631,2,BTHU101-18,B+,Regular
2416631,2,BTHU102-18,B+,Regular
2416631,2,BTMP101-18,B,Regular
2416631,2,BTPS101-18,F(Ext/Int),Regular
2416631,2,BTPS102-18,B+,Regular
2416631,3,BTCS301-18,F(Ext/Int),Regular
2416631,3,BTCS302-18,F(Int)/Ab (Ext),Regular
2416631,3,BTCS303-18,F(Int)/Ab (Ext),Regular
2416631,3,BTCS304-18,Ab(Ext),Regular
2416631,3,BTCS305-18,F(Int)/Ab (Ext),Regular
2416631,3,BTES301-18,F(Int)/Ab (Ext),Regular
2416631,3,BTES302-18,F(Int)/Ab (Ext),Regular
2416631,3,HSMC10 1/102-18,F(Int)/Ab (Ext),Regular
2416631,3,SIT,UN(Int),Regular
2416631,4,BTCS-401-18,F(Ext/Int),Regular
2416631,4,BTCS-402-18,F(Ext),Regular
2416631,4,BTCS-403-18,F(Ext),Regular
2416631,4,BTCS-404-18,F(Int)/Ab (Ext),Regular
2416631,4,BTCS-405-18,A,Regular
2416631,4,BTES-401-18,Ab(Ext),Regular
2416631,4,BTES-402-18,F(Int)/Ab (Ext),Regular
2416631,4,EVS 101-18,P,Regular
2416631,4,HSMC-122-18,P,Regular
2416632,1,BMPD-101-18,S,Regular
2416632,1,BTAM101-23,B,Regular
2416632,1,BTEE101-18,B+,Regular
2416632,1,BTEE102-18,A+,Regular
2416632,1,BTME101-21,A,Regular
2416632,1,BTPH101-23,B,Regular
2416632,1,BTPH102-23,A+,Regular
2416632,2,BMPD201-18,S,Regular
2416632,2,BTAM201-23,B+,Regular
2416632,2,BTCH101-23,B+,Regular
2416632,2,BTCH102-18,B,Regular
2416632,2,BTHU101-18,A,Regular
2416632,2,BTHU102-18,O,Regular
2416632,2,BTMP101-18,B+,Regular
2416632,2,BTPS101-18,B+,Regular
2416632,2,BTPS102-18,A+,Regular
2416632,3,BTAM-302-23,B,Regular
2416632,3,BTCS301-18,B+,Regular
2416632,3,BTCS302-18,B,Regular
2416632,3,BTCS303-18,A+,Regular
2416632,3,BTCS304-18,A+,Regular
2416632,3,BTCS305-18,A+,Regular
2416632,3,BTES301-18,B,Regular
2416632,3,BTES302-18,A,Regular
2416632,3,HSMC10 1/102-18,B+,Regular
2416632,3,SIT,S,Regular
2416632,4,BTCS-401-18,B+,Regular
2416632,4,BTCS-402-18,A,Regular
2416632,4,BTCS-403-18,A,Regular
2416632,4,BTCS-404-18,A+,Regular
2416632,4,BTCS-405-18,A+,Regular
2416632,4,BTES-401-18,A,Regular
2416632,4,BTES-402-18,A+,Regular
2416632,4,EVS 101-18,A+,Regular
2416632,4,HSMC-122-18,B+,Regular
2416633,1,BMPD-101-18,S,Regular
2416633,1,BTAM101-23,B+,Regular
2416633,1,BTEE101-18,A,Regular
2416633,1,BTEE102-18,O,Regular
2416633,1,BTME101-21,A+,Regular
2416633,1,BTPH101-23,B+,Regular
2416633,1,BTPH102-23,O,Regular
2416633,2,BMPD201-18,S,Regular
2416633,2,BTAM201-23,A,Regular
2416633,2,BTCH101-23,A+,Regular
2416633,2,BTCH102-18,O,Regular
2416633,2,BTHU101-18,A+,Regular
2416633,2,BTHU102-18,O,Regular
2416633,2,BTMP101-18,A+,Regular
2416633,2,BTPS101-18,A+,Regular
2416633,2,BTPS102-18,O,Regular
2416633,3,BTAM-302-23,A+,Regular
2416633,3,BTCS301-18,A+,Regular
2416633,3,BTCS302-18,A+,Regular
2416633,3,BTCS303-18,O,Regular
2416633,3,BTCS304-18,O,Regular
2416633,3,BTCS305-18,O,Regular
2416633,3,BTES301-18,A,Regular
2416633,3,BTES302-18,O,Regular
2416633,3,HSMC10 1/102-18,A+,Regular
2416633,3,SIT,S,Regular
2416633,4,BTCS-401-18,A+,Regular
2416633,4,BTCS-402-18,A+,Regular
2416633,4,BTCS-403-18,A+,Regular
2416633,4,BTCS-404-18,O,Regular
2416633,4,BTCS-405-18,O,Regular
2416633,4,BTES-401-18,A+,Regular
2416633,4,BTES-402-18,O,Regular
2416633,4,EVS 101-18,O,Regular
2416633,4,HSMC-122-18,A,Regular
2416634,1,BMPD-101-18,S,Regular
2416634,1,BTAM101-23,A,Regular
2416634,1,BTEE101-18,A,Regular
2416634,1,BTEE102-18,O,Regular
2416634,1,BTME101-21,A+,Regular
2416634,1,BTPH101-23,B+,Regular
2416634,1,BTPH102-23,A+,Regular
2416634,2,BMPD201-18,S,Regular
2416634,2,BTAM201-23,B+,Regular
2416634,2,BTCH101-23,A,Regular
2416634,2,BTCH102-18,A+,Regular
2416634,2,BTHU101-18,A,Regular
2416634,2,BTHU102-18,B+,Regular
2416634,2,BTMP101-18,A+,Regular
2416634,2,BTPS101-18,A,Regular
2416634,2,BTPS102-18,A+,Regular
2416634,3,BTAM-302-23,A,Regular
2416634,3,BTCS301-18,A+,Regular
2416634,3,BTCS302-18,A,Regular
2416634,3,BTCS303-18,A+,Regular
2416634,3,BTCS304-18,A+,Regular
2416634,3,BTCS305-18,A,Regular
2416634,3,BTES301-18,B+,Regular
2416634,3,BTES302-18,A+,Regular
2416634,3,HSMC10 1/102-18,A,Regular
2416634,3,SIT,S,Regular
2416634,4,BTCS-401-18,A+,Regular
2416634,4,BTCS-402-18,A+,Regular
2416634,4,BTCS-403-18,A+,Regular
2416634,4,BTCS-404-18,A+,Regular
2416634,4,BTCS-405-18,O,Regular
2416634,4,BTES-401-18,A+,Regular
2416634,4,BTES-402-18,A+,Regular
2416634,4,EVS 101-18,O,Regular
2416634,4,HSMC-122-18,A+,Regular
2416635,1,BMPD-101-18,S,Regular
2416635,1,BTAM101-23,A+,Regular
2416635,1,BTEE101-18,A,Regular
2416635,1,BTEE102-18,A+,Regular
2416635,1,BTME101-21,A+,Regular
2416635,1,BTPH101-23,B+,Regular
2416635,1,BTPH102-23,O,Regular
2416635,2,BMPD201-18,S,Regular
2416635,2,BTAM201-23,A,Regular
2416635,2,BTCH101-23,A,Regular
2416635,2,BTCH102-18,O,Regular
2416635,2,BTHU101-18,A+,Regular
2416635,2,BTHU102-18,A+,Regular
2416635,2,BTMP101-18,A,Regular
2416635,2,BTPS101-18,A,Regular
2416635,2,BTPS102-18,A+,Regular
2416635,3,BTAM-302-23,A,Regular
2416635,3,BTCS301-18,A+,Regular
2416635,3,BTCS302-18,A+,Regular
2416635,3,BTCS303-18,O,Regular
2416635,3,BTCS304-18,A+,Regular
2416635,3,BTCS305-18,A,Regular
2416635,3,BTES301-18,B+,Regular
2416635,3,BTES302-18,B+,Regular
2416635,3,HSMC10 1/102-18,A,Regular
2416635,3,SIT,S,Regular
2416635,4,BTCS-401-18,A+,Regular
2416635,4,BTCS-402-18,A,Regular
2416635,4,BTCS-403-18,A+,Regular
2416635,4,BTCS-404-18,A,Regular
2416635,4,BTCS-405-18,O,Regular
2416635,4,BTES-401-18,A+,Regular
2416635,4,BTES-402-18,A+,Regular
2416635,4,EVS 101-18,O,Regular
2416635,4,HSMC-122-18,A,Regular
2416636,1,BMPD-101-18,S,Reappear
2416636,1,BTAM101-23,F(Int)/Ab (Ext),Reappear
2416636,1,BTEE101-18,C,Reappear
2416636,1,BTEE102-18,A+,Reappear
2416636,1,BTME101-21,A,Reappear
2416636,1,BTPH101-23,P,Reappear
2416636,1,BTPH102-23,A+,Reappear
2416636,2,BMPD201-18,S,Regular
2416636,2,BTAM201-23,F(Ext/Int),Regular
2416636,2,BTCH101-23,F(Int),Regular
2416636,2,BTCH102-18,B,Regular
2416636,2,BTHU101-18,B+,Regular
2416636,2,BTHU102-18,B+,Regular
2416636,2,BTMP101-18,B,Regular
2416636,2,BTPS101-18,B,Regular
2416636,2,BTPS102-18,A,Regular
2416636,3,BTAM-302-23,C,Regular
2416636,3,BTCS301-18,B+,Regular
2416636,3,BTCS302-18,B,Regular
2416636,3,BTCS303-18,B+,Regular
2416636,3,BTCS304-18,A+,Regular
2416636,3,BTCS305-18,B,Regular
2416636,3,BTES301-18,B,Regular
2416636,3,BTES302-18,B+,Regular
2416636,3,HSMC10 1/102-18,A,Regular
2416636,3,SIT,S,Regular
2416636,4,BTCS-401-18,P,Regular
2416636,4,BTCS-402-18,B+,Regular
2416636,4,BTCS-403-18,A+,Regular
2416636,4,BTCS-404-18,A,Regular
2416636,4,BTCS-405-18,A+,Regular
2416636,4,BTES-401-18,B+,Regular
2416636,4,BTES-402-18,P,Regular
2416636,4,EVS 101-18,A+,Regular
2416636,4,HSMC-122-18,A,Regular
2416637,1,BMPD-101-18,S,Regular
2416637,1,BTAM101-23,F(Ext),Regular
2416637,1,BTEE101-18,B,Regular
2416637,1,BTEE102-18,A+,Regular
2416637,1,BTME101-21,A+,Regular
2416637,1,BTPH101-23,F(Ext),Regular
2416637,1,BTPH102-23,A+,Regular
2416637,2,BMPD201-18,S,Regular
2416637,2,BTAM201-23,B+,Regular
2416637,2,BTCH101-23,B+,Regular
2416637,2,BTCH102-18,A+,Regular
2416637,2,BTHU101-18,A,Regular
2416637,2,BTHU102-18,B+,Regular
2416637,2,BTMP101-18,B+,Regular
2416637,2,BTPS101-18,B+,Regular
2416637,2,BTPS102-18,A,Regular
2416637,3,BTAM-302-23,B,Regular
2416637,3,BTCS301-18,A,Regular
2416637,3,BTCS302-18,B+,Regular
2416637,3,BTCS303-18,B+,Regular
2416637,3,BTCS304-18,A+,Regular
2416637,3,BTCS305-18,B,Regular
2416637,3,BTES301-18,B,Regular
2416637,3,BTES302-18,B+,Regular
2416637,3,HSMC10 1/102-18,A,Regular
2416637,3,SIT,S,Regular
2416637,4,BTCS-401-18,B+,Regular
2416637,4,BTCS-402-18,B+,Regular
2416637,4,BTCS-403-18,A,Regular
2416637,4,BTCS-404-18,A,Regular
2416637,4,BTCS-405-18,A+,Regular
2416637,4,BTES-401-18,B,Regular
2416637,4,BTES-402-18,P,Regular
2416637,4,EVS 101-18,A+,Regular
2416637,4,HSMC-122-18,B+,Regular
2416638,1,BMPD-101-18,S,Regular
2416638,1,BTAM101-23,A+,Regular
2416638,1,BTEE101-18,A,Regular
2416638,1,BTEE102-18,O,Regular
2416638,1,BTME101-21,O,Regular
2416638,1,BTPH101-23,A+,Regular
2416638,1,BTPH102-23,A+,Regular
2416638,2,BMPD201-18,S,Regular
2416638,2,BTAM201-23,A,Regular
2416638,2,BTCH101-23,A+,Regular
2416638,2,BTCH102-18,O,Regular
2416638,2,BTHU101-18,A+,Regular
2416638,2,BTHU102-18,O,Regular
2416638,2,BTMP101-18,O,Regular
2416638,2,BTPS101-18,A+,Regular
2416638,2,BTPS102-18,O,Regular
2416638,3,BTAM-302-23,A,Regular
2416638,3,BTCS301-18,O,Regular
2416638,3,BTCS302-18,O,Regular
2416638,3,BTCS303-18,O,Regular
2416638,3,BTCS304-18,O,Regular
2416638,3,BTCS305-18,O,Regular
2416638,3,BTES301-18,A+,Regular
2416638,3,BTES302-18,O,Regular
2416638,3,HSMC10 1/102-18,A+,Regular
2416638,3,SIT,S,Regular
2416638,4,BTCS-401-18,A,Regular
2416638,4,BTCS-402-18,A+,Regular
2416638,4,BTCS-403-18,A+,Regular
2416638,4,BTCS-404-18,O,Regular
2416638,4,BTCS-405-18,O,Regular
2416638,4,BTES-401-18,A+,Regular
2416638,4,BTES-402-18,O,Regular
2416638,4,EVS 101-18,O,Regular
2416638,4,HSMC-122-18,A+,Regular
2416639,1,BMPD-101-18,S,Regular
2416639,1,BTAM101-23,B+,Regular
2416639,1,BTEE101-18,A,Regular
2416639,1,BTEE102-18,O,Regular
2416639,1,BTME101-21,A,Regular
2416639,1,BTPH101-23,B+,Regular
2416639,1,BTPH102-23,O,Regular
2416639,2,BMPD201-18,S,Regular
2416639,2,BTAM201-23,B+,Regular
2416639,2,BTCH101-23,B+,Regular
2416639,2,BTCH102-18,A+,Regular
2416639,2,BTHU101-18,O,Regular
2416639,2,BTHU102-18,A+,Regular
2416639,2,BTMP101-18,B+,Regular
2416639,2,BTPS101-18,A,Regular
2416639,2,BTPS102-18,A+,Regular
2416639,3,BTAM-302-23,B+,Regular
2416639,3,BTCS301-18,B,Regular
2416639,3,BTCS302-18,A,Regular
2416639,3,BTCS303-18,A,Regular
2416639,3,BTCS304-18,A+,Regular
2416639,3,BTCS305-18,A,Regular
2416639,3,BTES301-18,B+,Regular
2416639,3,BTES302-18,A,Regular
2416639,3,HSMC10 1/102-18,A,Regular
2416639,3,SIT,S,Regular
2416639,4,BTCS-401-18,A,Regular
2416639,4,BTCS-402-18,A+,Regular
2416639,4,BTCS-403-18,A+,Regular
2416639,4,BTCS-404-18,A,Regular
2416639,4,BTCS-405-18,O,Regular
2416639,4,BTES-401-18,A+,Regular
2416639,4,BTES-402-18,A,Regular
2416639,4,EVS 101-18,O,Regular
2416639,4,HSMC-122-18,A,Regular
2416640,1,BMPD-101-18,S,Regular
2416640,1,BTAM101-23,B,Regular
2416640,1,BTEE101-18,B,Regular
2416640,1,BTEE102-18,A+,Regular
2416640,1,BTME101-21,A+,Regular
2416640,1,BTPH101-23,B+,Regular
2416640,1,BTPH102-23,A+,Regular
2416640,2,BMPD201-18,S,Regular
2416640,2,BTAM201-23,B,Regular
2416640,2,BTCH101-23,B,Regular
2416640,2,BTCH102-18,A+,Regular
2416640,2,BTHU101-18,A,Regular
2416640,2,BTHU102-18,O,Regular
2416640,2,BTMP101-18,O,Regular
2416640,2,BTPS101-18,B+,Regular
2416640,2,BTPS102-18,A+,Regular
2416640,3,BTAM-302-23,B,Regular
2416640,3,BTCS301-18,B+,Regular
2416640,3,BTCS302-18,A,Regular
2416640,3,BTCS303-18,O,Regular
2416640,3,BTCS304-18,A+,Regular
2416640,3,BTCS305-18,O,Regular
2416640,3,BTES301-18,A,Regular
2416640,3,BTES302-18,O,Regular
2416640,3,HSMC10 1/102-18,B,Regular
2416640,3,SIT,S,Regular
2416640,4,BTCS-401-18,F(Ext),Regular
2416640,4,BTCS-402-18,B+,Regular
2416640,4,BTCS-403-18,A,Regular
2416640,4,BTCS-404-18,O,Regular
2416640,4,BTCS-405-18,O,Regular
2416640,4,BTES-401-18,B,Regular
2416640,4,BTES-402-18,O,Regular
2416640,4,EVS 101-18,A,Regular
2416640,4,HSMC-122-18,B,Regular
2416641,2,BMPD201-18,S,Regular
2416641,2,BTAM201-23,A,Regular
2416641,2,BTCH101-23,A+,Regular
2416641,2,BTCH102-18,A+,Regular
2416641,2,BTHU101-18,A+,Regular
2416641,2,BTHU102-18,A+,Regular
2416641,2,BTMP101-18,O,Regular
2416641,2,BTPS101-18,A+,Regular
2416641,2,BTPS102-18,A+,Regular
2416641,3,BTAM-302-23,A,Regular
2416641,3,BTCS301-18,A+,Regular
2416641,3,BTCS302-18,A+,Regular
2416641,3,BTCS303-18,A+,Regular
2416641,3,BTCS304-18,A+,Regular
2416641,3,BTCS305-18,A+,Regular
2416641,3,BTES301-18,A,Regular
2416641,3,BTES302-18,A+,Regular
2416641,3,HSMC10 1/102-18,A,Regular
2416641,3,SIT,S,Regular
2416641,4,BTCS-401-18,A+,Regular
2416641,4,BTCS-402-18,A+,Regular
2416641,4,BTCS-403-18,A+,Regular
2416641,4,BTCS-404-18,O,Regular
2416641,4,BTCS-405-18,O,Regular
2416641,4,BTES-401-18,A+,Regular
2416641,4,BTES-402-18,O,Regular
2416641,4,EVS 101-18,O,Regular
2416641,4,HSMC-122-18,A,Regular
2416642,1,BMPD-101-18,S,Regular
2416642,1,BTAM101-23,B+,Regular
2416642,1,BTEE101-18,A,Regular
2416642,1,BTEE102-18,O,Regular
2416642,1,BTME101-21,A+,Regular
2416642,1,BTPH101-23,B+,Regular
2416642,1,BTPH102-23,O,Regular
2416642,2,BMPD201-18,S,Regular
2416642,2,BTAM201-23,A,Regular
2416642,2,BTCH101-23,A+,Regular
2416642,2,BTCH102-18,A,Regular
2416642,2,BTHU101-18,A,Regular
2416642,2,BTHU102-18,A+,Regular
2416642,2,BTMP101-18,A+,Regular
2416642,2,BTPS101-18,A+,Regular
2416642,2,BTPS102-18,A+,Regular
2416642,3,BTAM-302-23,B+,Regular
2416642,3,BTCS301-18,A+,Regular
2416642,3,BTCS302-18,O,Regular
2416642,3,BTCS303-18,O,Regular
2416642,3,BTCS304-18,O,Regular
2416642,3,BTCS305-18,O,Regular
2416642,3,BTES301-18,B+,Regular
2416642,3,BTES302-18,A+,Regular
2416642,3,HSMC10 1/102-18,A+,Regular
2416642,3,SIT,S,Regular
2416642,4,BTCS-401-18,A,Regular
2416642,4,BTCS-402-18,A+,Regular
2416642,4,BTCS-403-18,A+,Regular
2416642,4,BTCS-404-18,O,Regular
2416642,4,BTCS-405-18,O,Regular
2416642,4,BTES-401-18,A+,Regular
2416642,4,BTES-402-18,O,Regular
2416642,4,EVS 101-18,O,Regular
2416642,4,HSMC-122-18,A,Regular
2416643,1,BMPD-101-18,S,Regular
2416643,1,BTAM101-23,F(Int)/Ab (Ext),Regular
2416643,1,BTEE101-18,Ab(Ext),Regular
2416643,1,BTEE102-18,B+,Regular
2416643,1,BTME101-21,B,Regular
2416643,1,BTPH101-23,Ab(Ext),Regular
2416643,1,BTPH102-23,A,Regular
2416643,2,BMPD201-18,S,Regular
2416643,2,BTAM201-23,C,Regular
2416643,2,BTCH101-23,F(Ext),Regular
2416643,2,BTCH102-18,B+,Regular
2416643,2,BTHU101-18,B+,Regular
2416643,2,BTHU102-18,B+,Regular
2416643,2,BTMP101-18,B,Regular
2416643,2,BTPS101-18,F(Ext),Regular
2416643,2,BTPS102-18,B+,Regular
2416643,3,BTAM-302-23,F(Ext),Regular
2416643,3,BTCS301-18,F(Ext),Regular
2416643,3,BTCS302-18,F(Ext),Regular
2416643,3,BTCS303-18,Ab(Ext),Regular
2416643,3,BTCS304-18,B,Regular
2416643,3,BTCS305-18,B+,Regular
2416643,3,BTES301-18,P,Regular
2416643,3,BTES302-18,Ab(Ext),Regular
2416643,3,HSMC10 1/102-18,P,Regular
2416643,3,SIT,S,Regular
2416643,4,BTCS-401-18,F(Int)/Ab (Ext),Regular
2416643,4,BTCS-402-18,F(Int)/Ab (Ext),Regular
2416643,4,BTCS-403-18,F(Int)/Ab (Ext),Regular
2416643,4,BTCS-404-18,F(Int)/Ab (Ext),Regular
2416643,4,BTCS-405-18,F(Int)/Ab (Ext),Regular
2416643,4,BTES-401-18,F(Int)/Ab (Ext),Regular
2416643,4,BTES-402-18,F(Int)/Ab (Ext),Regular
2416643,4,EVS 101-18,F(Int),Regular
2416643,4,HSMC-122-18,F(Int)/Ab (Ext),Regular
2416644,2,BMPD201-18,S,Regular
2416644,2,BTAM201-23,B,Regular
2416644,2,BTCH101-23,B,Regular
2416644,2,BTCH102-18,A+,Regular
2416644,2,BTHU101-18,B+,Regular
2416644,2,BTHU102-18,A+,Regular
2416644,2,BTMP101-18,A+,Regular
2416644,2,BTPS101-18,B,Regular
2416644,2,BTPS102-18,A+,Regular
2416644,3,BTAM-302-23,B,Regular
2416644,3,BTCS301-18,A,Regular
2416644,3,BTCS302-18,A,Regular
2416644,3,BTCS303-18,B+,Regular
2416644,3,BTCS304-18,A,Regular
2416644,3,BTCS305-18,A,Regular
2416644,3,BTES301-18,B,Regular
2416644,3,BTES302-18,B+,Regular
2416644,3,HSMC10 1/102-18,B+,Regular
2416644,3,SIT,S,Regular
2416644,4,BTCS-401-18,B,Regular
2416644,4,BTCS-402-18,B+,Regular
2416644,4,BTCS-403-18,A,Regular
2416644,4,BTCS-404-18,A,Regular
2416644,4,BTCS-405-18,A,Regular
2416644,4,BTES-401-18,B,Regular
2416644,4,BTES-402-18,P,Regular
2416644,4,EVS 101-18,A+,Regular
2416644,4,HSMC-122-18,B,Regular
2416645,1,BMPD-101-18,S,Reappear
2416645,1,BTAM101-23,B,Reappear
2416645,1,BTEE101-18,B+,Reappear
2416645,1,BTEE102-18,A+,Reappear
2416645,1,BTME101-21,B+,Reappear
2416645,1,BTPH101-23,B+,Reappear
2416645,1,BTPH102-23,A+,Reappear
2416645,2,BMPD201-18,S,Regular
2416645,2,BTAM201-23,B,Regular
2416645,2,BTCH101-23,B,Regular
2416645,2,BTCH102-18,B+,Regular
2416645,2,BTHU101-18,B+,Regular
2416645,2,BTHU102-18,A,Regular
2416645,2,BTMP101-18,B,Regular
2416645,2,BTPS101-18,C,Regular
2416645,2,BTPS102-18,B+,Regular
2416645,3,BTAM-302-23,B,Regular
2416645,3,BTCS301-18,B,Regular
2416645,3,BTCS302-18,B+,Regular
2416645,3,BTCS303-18,B,Regular
2416645,3,BTCS304-18,B,Regular
2416645,3,BTCS305-18,B,Regular
2416645,3,BTES301-18,B,Regular
2416645,3,BTES302-18,B+,Regular
2416645,3,HSMC10 1/102-18,B+,Regular
2416645,3,SIT,S,Regular
2416645,4,BTCS-401-18,C,Regular
2416645,4,BTCS-402-18,B+,Regular
2416645,4,BTCS-403-18,A,Regular
2416645,4,BTCS-404-18,P,Regular
2416645,4,BTCS-405-18,B,Regular
2416645,4,BTES-401-18,B+,Regular
2416645,4,BTES-402-18,P,Regular
2416645,4,EVS 101-18,B+,Regular
2416645,4,HSMC-122-18,B+,Regular
2416646,2,BMPD201-18,S,Regular
2416646,2,BTAM201-23,B+,Regular
2416646,2,BTCH101-23,A+,Regular
2416646,2,BTCH102-18,A+,Regular
2416646,2,BTHU101-18,A,Regular
2416646,2,BTHU102-18,A+,Regular
2416646,2,BTMP101-18,A+,Regular
2416646,2,BTPS101-18,A,Regular
2416646,2,BTPS102-18,A+,Regular
2416646,4,BTCS-401-18,A+,Regular
2416646,4,BTCS-402-18,A+,Regular
2416646,4,BTCS-403-18,A+,Regular
2416646,4,BTCS-404-18,A+,Regular
2416646,4,BTCS-405-18,O,Regular
2416646,4,BTES-401-18,A,Regular
2416646,4,BTES-402-18,A+,Regular
2416646,4,EVS 101-18,O,Regular
2416646,4,HSMC-122-18,A+,Regular
2416647,1,BMPD-101-18,S,Regular
2416647,1,BTAM101-23,P,Regular
2416647,1,BTEE101-18,B,Regular
2416647,1,BTEE102-18,A+,Regular
2416647,1,BTME101-21,B+,Regular
2416647,1,BTPH101-23,C,Regular
2416647,1,BTPH102-23,A+,Regular
2416647,2,BMPD201-18,S,Regular
2416647,2,BTAM201-23,F(Ext),Regular
2416647,2,BTCH101-23,P,Regular
2416647,2,BTCH102-18,A,Regular
2416647,2,BTHU101-18,B+,Regular
2416647,2,BTHU102-18,A,Regular
2416647,2,BTMP101-18,B,Regular
2416647,2,BTPS101-18,F(Ext),Regular
2416647,2,BTPS102-18,A,Regular
2416647,3,BTAM-302-23,P,Regular
2416647,3,BTCS301-18,C,Regular
2416647,3,BTCS302-18,B,Regular
2416647,3,BTCS303-18,B+,Regular
2416647,3,BTCS304-18,B+,Regular
2416647,3,BTCS305-18,P,Regular
2416647,3,BTES301-18,B,Regular
2416647,3,BTES302-18,B+,Regular
2416647,3,HSMC10 1/102-18,B,Regular
2416647,3,SIT,UN(Int),Regular
2416647,4,BTCS-401-18,F(Int),Regular
2416647,4,BTCS-402-18,F(Int),Regular
2416647,4,BTCS-403-18,F(Int),Regular
2416647,4,BTCS-404-18,A,Regular
2416647,4,BTCS-405-18,A,Regular
2416647,4,BTES-401-18,F(Int),Regular
2416647,4,BTES-402-18,B+,Regular
2416647,4,EVS 101-18,B,Regular
2416647,4,HSMC-122-18,F(Int),Regular
2416648,2,BMPD201-18,S,Regular
2416648,2,BTAM201-23,F(Ext),Regular
2416648,2,BTCH101-23,P,Regular
2416648,2,BTCH102-18,B+,Regular
2416648,2,BTHU101-18,B+,Regular
2416648,2,BTHU102-18,B+,Regular
2416648,2,BTMP101-18,A,Regular
2416648,2,BTPS101-18,F(Ext),Regular
2416648,2,BTPS102-18,A,Regular
2416648,3,BTAM-302-23,C,Regular
2416648,3,BTCS301-18,B,Regular
2416648,3,BTCS302-18,F(Ext),Regular
2416648,3,BTCS303-18,A,Regular
2416648,3,BTCS304-18,A,Regular
2416648,3,BTCS305-18,B+,Regular
2416648,3,BTES301-18,C,Regular
2416648,3,BTES302-18,B+,Regular
2416648,3,HSMC10 1/102-18,B+,Regular
2416648,3,SIT,S,Regular
2416648,4,BTCS-401-18,B,Regular
2416648,4,BTCS-402-18,A,Regular
2416648,4,BTCS-403-18,B+,Regular
2416648,4,BTCS-404-18,A,Regular
2416648,4,BTCS-405-18,A+,Regular
2416648,4,BTES-401-18,A+,Regular
2416648,4,BTES-402-18,A,Regular
2416648,4,EVS 101-18,A+,Regular
2416648,4,HSMC-122-18,B+,Regular
2416649,1,BMPD-101-18,S,Regular
2416649,1,BTAM101-23,O,Regular
2416649,1,BTEE101-18,A,Regular
2416649,1,BTEE102-18,A+,Regular
2416649,1,BTME101-21,A+,Regular
2416649,1,BTPH101-23,A+,Regular
2416649,1,BTPH102-23,O,Regular
2416649,2,BMPD201-18,S,Regular
2416649,2,BTAM201-23,A+,Regular
2416649,2,BTCH101-23,A+,Regular
2416649,2,BTCH102-18,O,Regular
2416649,2,BTHU101-18,O,Regular
2416649,2,BTHU102-18,O,Regular
2416649,2,BTMP101-18,O,Regular
2416649,2,BTPS101-18,O,Regular
2416649,2,BTPS102-18,O,Regular
2416649,3,BTAM-302-23,A+,Regular
2416649,3,BTCS301-18,O,Regular
2416649,3,BTCS302-18,O,Regular
2416649,3,BTCS303-18,O,Regular
2416649,3,BTCS304-18,O,Regular
2416649,3,BTCS305-18,O,Regular
2416649,3,BTES301-18,A,Regular
2416649,3,BTES302-18,O,Regular
2416649,3,HSMC10 1/102-18,A+,Regular
2416649,3,SIT,S,Regular
2416649,4,BTCS-401-18,A+,Regular
2416649,4,BTCS-402-18,A+,Regular
2416649,4,BTCS-403-18,A+,Regular
2416649,4,BTCS-404-18,O,Regular
2416649,4,BTCS-405-18,O,Regular
2416649,4,BTES-401-18,A+,Regular
2416649,4,BTES-402-18,O,Regular
2416649,4,EVS 101-18,O,Regular
2416649,4,HSMC-122-18,A+,Regular
2416650,1,BMPD-101-18,S,Regular
2416650,1,BTAM101-23,A,Regular
2416650,1,BTEE101-18,B+,Regular
2416650,1,BTEE102-18,O,Regular
2416650,1,BTME101-21,A+,Regular
2416650,1,BTPH101-23,A,Regular
2416650,1,BTPH102-23,A+,Regular
2416650,2,BMPD201-18,S,Regular
2416650,2,BTAM201-23,A+,Regular
2416650,2,BTCH101-23,A+,Regular
2416650,2,BTCH102-18,O,Regular
2416650,2,BTHU101-18,O,Regular
2416650,2,BTHU102-18,A+,Regular
2416650,2,BTMP101-18,O,Regular
2416650,2,BTPS101-18,A+,Regular
2416650,2,BTPS102-18,A+,Regular
2416650,3,BTAM-302-23,A+,Regular
2416650,3,BTCS301-18,O,Regular
2416650,3,BTCS302-18,O,Regular
2416650,3,BTCS303-18,O,Regular
2416650,3,BTCS304-18,O,Regular
2416650,3,BTCS305-18,O,Regular
2416650,3,BTES301-18,A+,Regular
2416650,3,BTES302-18,O,Regular
2416650,3,HSMC10 1/102-18,A+,Regular
2416650,3,SIT,S,Regular
2416650,4,BTCS-401-18,A+,Regular
2416650,4,BTCS-402-18,A+,Regular
2416650,4,BTCS-403-18,A+,Regular
2416650,4,BTCS-404-18,O,Regular
2416650,4,BTCS-405-18,O,Regular
2416650,4,BTES-401-18,A+,Regular
2416650,4,BTES-402-18,O,Regular
2416650,4,EVS 101-18,O,Regular
2416650,4,HSMC-122-18,A,Regular
2416651,2,BMPD201-18,S,Regular
2416651,2,BTAM201-23,A,Regular
2416651,2,BTCH101-23,A,Regular
2416651,2,BTCH102-18,O,Regular
2416651,2,BTHU101-18,B+,Regular
2416651,2,BTHU102-18,A+,Regular
2416651,2,BTMP101-18,A+,Regular
2416651,2,BTPS101-18,B+,Regular
2416651,2,BTPS102-18,O,Regular
2416651,3,BTAM-302-23,B+,Regular
2416651,3,BTCS301-18,B+,Regular
2416651,3,BTCS302-18,B+,Regular
2416651,3,BTCS303-18,A+,Regular
2416651,3,BTCS304-18,A+,Regular
2416651,3,BTCS305-18,B+,Regular
2416651,3,BTES301-18,B+,Regular
2416651,3,BTES302-18,A,Regular
2416651,3,HSMC10 1/102-18,B,Regular
2416651,3,SIT,S,Regular
2416651,4,BTCS-401-18,A,Regular
2416651,4,BTCS-402-18,B+,Regular
2416651,4,BTCS-403-18,A,Regular
2416651,4,BTCS-404-18,O,Regular
2416651,4,BTCS-405-18,O,Regular
2416651,4,BTES-401-18,B+,Regular
2416651,4,BTES-402-18,O,Regular
2416651,4,EVS 101-18,O,Regular
2416651,4,HSMC-122-18,B+,Regular
2416652,1,BMPD-101-18,S,Regular
2416652,1,BTAM101-23,A,Regular
2416652,1,BTEE101-18,A,Regular
2416652,1,BTEE102-18,O,Regular
2416652,1,BTME101-21,A+,Regular
2416652,1,BTPH101-23,A+,Regular
2416652,1,BTPH102-23,O,Regular
2416652,2,BMPD201-18,S,Regular
2416652,2,BTAM201-23,A+,Regular
2416652,2,BTCH101-23,A+,Regular
2416652,2,BTCH102-18,O,Regular
2416652,2,BTHU101-18,A+,Regular
2416652,2,BTHU102-18,O,Regular
2416652,2,BTMP101-18,O,Regular
2416652,2,BTPS101-18,A+,Regular
2416652,2,BTPS102-18,O,Regular
2416652,3,BTAM-302-23,A,Regular
2416652,3,BTCS301-18,A+,Regular
2416652,3,BTCS302-18,O,Regular
2416652,3,BTCS303-18,O,Regular
2416652,3,BTCS304-18,O,Regular
2416652,3,BTCS305-18,O,Regular
2416652,3,BTES301-18,A,Regular
2416652,3,BTES302-18,O,Regular
2416652,3,HSMC10 1/102-18,A,Regular
2416652,3,SIT,S,Regular
2416653,1,BMPD-101-18,S,Regular
2416653,1,BTAM101-23,A,Regular
2416653,1,BTEE101-18,B+,Regular
2416653,1,BTEE102-18,O,Regular
2416653,1,BTME101-21,A+,Regular
2416653,1,BTPH101-23,A+,Regular
2416653,1,BTPH102-23,A+,Regular
2416653,2,BMPD201-18,S,Regular
2416653,2,BTAM201-23,A+,Regular
2416653,2,BTCH101-23,A+,Regular
2416653,2,BTCH102-18,O,Regular
2416653,2,BTHU101-18,A+,Regular
2416653,2,BTHU102-18,O,Regular
2416653,2,BTMP101-18,A+,Regular
2416653,2,BTPS101-18,A,Regular
2416653,2,BTPS102-18,A+,Regular
2416653,3,BTAM-302-23,A+,Regular
2416653,3,BTCS301-18,A+,Regular
2416653,3,BTCS302-18,A+,Regular
2416653,3,BTCS303-18,O,Regular
2416653,3,BTCS304-18,O,Regular
2416653,3,BTCS305-18,O,Regular
2416653,3,BTES301-18,A,Regular
2416653,3,BTES302-18,O,Regular
2416653,3,HSMC10 1/102-18,A+,Regular
2416653,3,SIT,S,Regular
2416653,4,BTCS-401-18,A+,Regular
2416653,4,BTCS-402-18,A+,Regular
2416653,4,BTCS-403-18,A+,Regular
2416653,4,BTCS-404-18,O,Regular
2416653,4,BTCS-405-18,O,Regular
2416653,4,BTES-401-18,A+,Regular
2416653,4,BTES-402-18,O,Regular
2416653,4,EVS 101-18,O,Regular
2416653,4,HSMC-122-18,A,Regular
2416654,1,BMPD-101-18,S,Regular
2416654,1,BTAM101-23,F(Ext/Int),Regular
2416654,1,BTEE101-18,C,Regular
2416654,1,BTEE102-18,A+,Regular
2416654,1,BTME101-21,C,Regular
2416654,1,BTPH101-23,F(Ext),Regular
2416654,1,BTPH102-23,A+,Regular
2416654,2,BMPD201-18,S,Regular
2416654,2,BTAM201-23,F(Ext/Int),Regular
2416654,2,BTCH101-23,P,Regular
2416654,2,BTCH102-18,A,Regular
2416654,2,BTHU101-18,B,Regular
2416654,2,BTHU102-18,B,Regular
2416654,2,BTMP101-18,B,Regular
2416654,2,BTPS101-18,F(Int),Regular
2416654,2,BTPS102-18,A,Regular
2416654,3,BTAM-302-23,F(Ext/Int),Regular
2416654,3,BTCS301-18,F(Ext/Int),Regular
2416654,3,BTCS302-18,F(Ext/Int),Regular
2416654,3,BTCS303-18,B+,Regular
2416654,3,BTCS304-18,A,Regular
2416654,3,BTCS305-18,B,Regular
2416654,3,BTES301-18,F(Ext/Int),Regular
2416654,3,BTES302-18,P,Regular
2416654,3,HSMC10 1/102-18,F(Int),Regular
2416654,3,SIT,S,Regular
2416654,4,BTCS-401-18,F(Ext/Int),Regular
2416654,4,BTCS-402-18,F(Int),Regular
2416654,4,BTCS-403-18,C,Regular
2416654,4,BTCS-404-18,A,Regular
2416654,4,BTCS-405-18,A+,Regular
2416654,4,BTES-401-18,B,Regular
2416654,4,BTES-402-18,B+,Regular
2416654,4,EVS 101-18,B+,Regular
2416654,4,HSMC-122-18,B,Regular
2416655,1,BMPD-101-18,S,Reappear
2416655,1,BTAM101-23,P,Reappear
2416655,1,BTEE101-18,B+,Reappear
2416655,1,BTEE102-18,A+,Reappear
2416655,1,BTME101-21,A,Reappear
2416655,1,BTPH101-23,B+,Reappear
2416655,1,BTPH102-23,A+,Reappear
2416655,2,BMPD201-18,S,Regular
2416655,2,BTAM201-23,C,Regular
2416655,2,BTCH101-23,P,Regular
2416655,2,BTCH102-18,A,Regular
2416655,2,BTHU101-18,A,Regular
2416655,2,BTHU102-18,B+,Regular
2416655,2,BTMP101-18,B,Regular
2416655,2,BTPS101-18,A,Regular
2416655,2,BTPS102-18,A,Regular
2416655,3,BTAM-302-23,A,Regular
2416655,3,BTCS301-18,A,Regular
2416655,3,BTCS302-18,B+,Regular
2416655,3,BTCS303-18,B,Regular
2416655,3,BTCS304-18,A,Regular
2416655,3,BTCS305-18,B,Regular
2416655,3,BTES301-18,B,Regular
2416655,3,BTES302-18,B,Regular
2416655,3,HSMC10 1/102-18,B+,Regular
2416655,3,SIT,S,Regular
2416655,4,BTCS-401-18,F(Ext),Regular
2416655,4,BTCS-402-18,A,Regular
2416655,4,BTCS-403-18,A+,Regular
2416655,4,BTCS-404-18,A,Regular
2416655,4,BTCS-405-18,A+,Regular
2416655,4,BTES-401-18,A,Regular
2416655,4,BTES-402-18,P,Regular
2416655,4,EVS 101-18,A+,Regular
2416655,4,HSMC-122-18,B,Regular
2416656,1,BMPD-101-18,S,Reappear
2416656,1,BTAM101-23,B+,Reappear
2416656,1,BTEE101-18,B+,Reappear
2416656,1,BTEE102-18,A+,Reappear
2416656,1,BTME101-21,A,Reappear
2416656,1,BTPH101-23,B,Reappear
2416656,1,BTPH102-23,A+,Reappear
2416656,2,BMPD201-18,S,Regular
2416656,2,BTAM201-23,B,Regular
2416656,2,BTCH101-23,A,Regular
2416656,2,BTCH102-18,A+,Regular
2416656,2,BTHU101-18,A+,Regular
2416656,2,BTHU102-18,A+,Regular
2416656,2,BTMP101-18,A+,Regular
2416656,2,BTPS101-18,A,Regular
2416656,2,BTPS102-18,A+,Regular
2416656,3,BTAM-302-23,B,Regular
2416656,3,BTCS301-18,A,Regular
2416656,3,BTCS302-18,A,Regular
2416656,3,BTCS303-18,B+,Regular
2416656,3,BTCS304-18,A+,Regular
2416656,3,BTCS305-18,A+,Regular
2416656,3,BTES301-18,B+,Regular
2416656,3,BTES302-18,A+,Regular
2416656,3,HSMC10 1/102-18,A,Regular
2416656,3,SIT,S,Regular
2416657,1,BMPD-101-18,S,Reappear
2416657,1,BTAM101-23,F(Ext),Reappear
2416657,1,BTEE101-18,B,Reappear
2416657,1,BTEE102-18,A+,Reappear
2416657,1,BTME101-21,A,Reappear
2416657,1,BTPH101-23,B,Reappear
2416657,1,BTPH102-23,A+,Reappear
2416657,2,BMPD201-18,S,Reappear
2416657,2,BTAM201-23,B,Reappear
2416657,2,BTCH101-23,P,Reappear
2416657,2,BTCH102-18,B+,Reappear
2416657,2,BTHU101-18,B+,Reappear
2416657,2,BTHU102-18,B+,Reappear
2416657,2,BTMP101-18,B,Reappear
2416657,2,BTPS101-18,C,Reappear
2416657,2,BTPS102-18,B+,Reappear
2416657,3,BTCS301-18,F(Int)/Ab (Ext),Regular
2416657,3,BTCS302-18,F(Int)/Ab (Ext),Regular
2416657,3,BTCS303-18,F(Int)/Ab (Ext),Regular
2416657,3,BTCS304-18,Ab(Ext),Regular
2416657,3,BTCS305-18,F(Int)/Ab (Ext),Regular
2416657,3,BTES301-18,F(Int)/Ab (Ext),Regular
2416657,3,BTES302-18,F(Ext/Int),Regular
2416657,3,HSMC10 1/102-18,F(Int)/Ab (Ext),Regular
2416657,3,SIT,UN(Int),Regular
2416657,4,BTCS-401-18,F(Int),Regular
2416657,4,BTCS-402-18,F(Int)/Ab (Ext),Regular
2416657,4,BTCS-403-18,B,Regular
2416657,4,BTCS-404-18,F(Int)/Ab (Ext),Regular
2416657,4,BTCS-405-18,A,Regular
2416657,4,BTES-401-18,F(Int),Regular
2416657,4,BTES-402-18,F(Int)/Ab (Ext),Regular
2416657,4,EVS 101-18,F(Int),Regular
2416657,4,HSMC-122-18,F(Int)/Ab (Ext),Regular
2416658,1,BMPD-101-18,S,Regular
2416658,1,BTAM101-23,A,Regular
2416658,1,BTEE101-18,A,Regular
2416658,1,BTEE102-18,O,Regular
2416658,1,BTME101-21,A+,Regular
2416658,1,BTPH101-23,A+,Regular
2416658,1,BTPH102-23,A+,Regular
2416658,2,BMPD201-18,S,Regular
2416658,2,BTAM201-23,A,Regular
2416658,2,BTCH101-23,A+,Regular
2416658,2,BTCH102-18,O,Regular
2416658,2,BTHU101-18,A+,Regular
2416658,2,BTHU102-18,O,Regular
2416658,2,BTMP101-18,O,Regular
2416658,2,BTPS101-18,A,Regular
2416658,2,BTPS102-18,A+,Regular
2416658,3,BTAM-302-23,B+,Regular
2416658,3,BTCS301-18,A,Regular
2416658,3,BTCS302-18,A+,Regular
2416658,3,BTCS303-18,A+,Regular
2416658,3,BTCS304-18,O,Regular
2416658,3,BTCS305-18,O,Regular
2416658,3,BTES301-18,A,Regular
2416658,3,BTES302-18,O,Regular
2416658,3,HSMC10 1/102-18,A+,Regular
2416658,3,SIT,S,Regular
2416658,4,BTCS-401-18,B+,Regular
2416658,4,BTCS-402-18,A+,Regular
2416658,4,BTCS-403-18,A,Regular
2416658,4,BTCS-404-18,O,Regular
2416658,4,BTCS-405-18,O,Regular
2416658,4,BTES-401-18,A,Regular
2416658,4,BTES-402-18,O,Regular
2416658,4,EVS 101-18,O,Regular
2416658,4,HSMC-122-18,B+,Regular
2416659,1,BMPD-101-18,S,Reappear
2416659,1,BTAM101-23,B+,Reappear
2416659,1,BTEE101-18,B,Reappear
2416659,1,BTEE102-18,O,Reappear
2416659,1,BTME101-21,A,Reappear
2416659,1,BTPH101-23,B+,Reappear
2416659,1,BTPH102-23,A+,Reappear
2416659,2,BMPD201-18,S,Regular
2416659,2,BTAM201-23,B+,Regular
2416659,2,BTCH101-23,A,Regular
2416659,2,BTCH102-18,A+,Regular
2416659,2,BTHU101-18,A+,Regular
2416659,2,BTHU102-18,A+,Regular
2416659,2,BTMP101-18,A,Regular
2416659,2,BTPS101-18,B+,Regular
2416659,2,BTPS102-18,A+,Regular
2416659,3,BTAM-302-23,B+,Regular
2416659,3,BTCS301-18,A,Regular
2416659,3,BTCS302-18,A+,Regular
2416659,3,BTCS303-18,A,Regular
2416659,3,BTCS304-18,A+,Regular
2416659,3,BTCS305-18,A+,Regular
2416659,3,BTES301-18,A,Regular
2416659,3,BTES302-18,A+,Regular
2416659,3,HSMC10 1/102-18,A+,Regular
2416659,3,SIT,S,Regular
2416659,4,BTCS-401-18,B+,Regular
2416659,4,BTCS-402-18,A,Regular
2416659,4,BTCS-403-18,A+,Regular
2416659,4,BTCS-404-18,O,Regular
2416659,4,BTCS-405-18,A+,Regular
2416659,4,BTES-401-18,A+,Regular
2416659,4,BTES-402-18,A+,Regular
2416659,4,EVS 101-18,O,Regular
2416659,4,HSMC-122-18,A,Regular
2416660,1,BMPD-101-18,S,Regular
2416660,1,BTAM101-23,A+,Regular
2416660,1,BTEE101-18,A,Regular
2416660,1,BTEE102-18,O,Regular
2416660,1,BTME101-21,A+,Regular
2416660,1,BTPH101-23,A+,Regular
2416660,1,BTPH102-23,O,Regular
2416660,2,BMPD201-18,S,Regular
2416660,2,BTAM201-23,A+,Regular
2416660,2,BTCH101-23,O,Regular
2416660,2,BTCH102-18,O,Regular
2416660,2,BTHU101-18,A+,Regular
2416660,2,BTHU102-18,O,Regular
2416660,2,BTMP101-18,O,Regular
2416660,2,BTPS101-18,A+,Regular
2416660,2,BTPS102-18,O,Regular
2416660,3,BTAM-302-23,A+,Regular
2416660,3,BTCS301-18,O,Regular
2416660,3,BTCS302-18,O,Regular
2416660,3,BTCS303-18,O,Regular
2416660,3,BTCS304-18,A,Regular
2416660,3,BTCS305-18,O,Regular
2416660,3,BTES301-18,A+,Regular
2416660,3,BTES302-18,O,Regular
2416660,3,HSMC10 1/102-18,A+,Regular
2416660,3,SIT,S,Regular
2416660,4,BTCS-401-18,A+,Regular
2416660,4,BTCS-402-18,A+,Regular
2416660,4,BTCS-403-18,O,Regular
2416660,4,BTCS-404-18,O,Regular
2416660,4,BTCS-405-18,O,Regular
2416660,4,BTES-401-18,A+,Regular
2416660,4,BTES-402-18,O,Regular
2416660,4,EVS 101-18,O,Regular
2416660,4,HSMC-122-18,A+,Regular
2416661,2,BMPD201-18,S,Regular
2416661,2,BTAM201-23,F(Ext),Regular
2416661,2,BTCH101-23,F(Ext),Regular
2416661,2,BTCH102-18,A+,Regular
2416661,2,BTHU101-18,B+,Regular
2416661,2,BTHU102-18,A+,Regular
2416661,2,BTMP101-18,A+,Regular
2416661,2,BTPS101-18,F(Ext),Regular
2416661,2,BTPS102-18,A+,Regular
2416661,3,BTAM-302-23,P,Regular
2416661,3,BTCS301-18,B,Regular
2416661,3,BTCS302-18,F(Ext),Regular
2416661,3,BTCS303-18,A,Regular
2416661,3,BTCS304-18,A,Regular
2416661,3,BTCS305-18,A+,Regular
2416661,3,BTES301-18,C,Regular
2416661,3,BTES302-18,B+,Regular
2416661,3,HSMC10 1/102-18,B+,Regular
2416661,3,SIT,S,Regular
2416662,1,BMPD-101-18,S,Regular
2416662,1,BTAM101-23,B+,Regular
2416662,1,BTEE101-18,B+,Regular
2416662,1,BTEE102-18,A+,Regular
2416662,1,BTME101-21,A,Regular
2416662,1,BTPH101-23,A,Regular
2416662,1,BTPH102-23,O,Regular
2416662,2,BMPD201-18,S,Regular
2416662,2,BTAM201-23,B,Regular
2416662,2,BTCH101-23,A+,Regular
2416662,2,BTCH102-18,A,Regular
2416662,2,BTHU101-18,B+,Regular
2416662,2,BTHU102-18,A,Regular
2416662,2,BTMP101-18,A+,Regular
2416662,2,BTPS101-18,B+,Regular
2416662,2,BTPS102-18,A+,Regular
2416662,3,BTAM-302-23,B+,Regular
2416662,3,BTCS301-18,A,Regular
2416662,3,BTCS302-18,A+,Regular
2416662,3,BTCS303-18,A+,Regular
2416662,3,BTCS304-18,A,Regular
2416662,3,BTCS305-18,A+,Regular
2416662,3,BTES301-18,B,Regular
2416662,3,BTES302-18,A+,Regular
2416662,3,HSMC10 1/102-18,B+,Regular
2416662,3,SIT,S,Regular
2416662,4,BTCS-401-18,A,Regular
2416662,4,BTCS-402-18,A,Regular
2416662,4,BTCS-403-18,A+,Regular
2416662,4,BTCS-404-18,O,Regular
2416662,4,BTCS-405-18,A+,Regular
2416662,4,BTES-401-18,A+,Regular
2416662,4,BTES-402-18,A+,Regular
2416662,4,EVS 101-18,O,Regular
2416662,4,HSMC-122-18,B+,Regular
2416664,1,BMPD-101-18,S,Reappear
2416664,1,BTAM101-23,B,Reappear
2416664,1,BTEE101-18,B+,Reappear
2416664,1,BTEE102-18,O,Reappear
2416664,1,BTME101-21,A+,Reappear
2416664,1,BTPH101-23,B+,Reappear
2416664,1,BTPH102-23,O,Reappear
2416664,2,BMPD201-18,S,Regular
2416664,2,BTAM201-23,B,Regular
2416664,2,BTCH101-23,A,Regular
2416664,2,BTCH102-18,A+,Regular
2416664,2,BTHU101-18,A+,Regular
2416664,2,BTHU102-18,O,Regular
2416664,2,BTMP101-18,A+,Regular
2416664,2,BTPS101-18,B+,Regular
2416664,2,BTPS102-18,A,Regular
2416664,3,BTAM-302-23,B,Regular
2416664,3,BTCS301-18,B,Regular
2416664,3,BTCS302-18,A,Regular
2416664,3,BTCS303-18,A,Regular
2416664,3,BTCS304-18,B+,Regular
2416664,3,BTCS305-18,A,Regular
2416664,3,BTES301-18,B,Regular
2416664,3,BTES302-18,A,Regular
2416664,3,HSMC10 1/102-18,A,Regular
2416664,3,SIT,S,Regular
2416664,4,BTCS-401-18,A,Regular
2416664,4,BTCS-402-18,A+,Regular
2416664,4,BTCS-403-18,A+,Regular
2416664,4,BTCS-404-18,O,Regular
2416664,4,BTCS-405-18,A+,Regular
2416664,4,BTES-401-18,A+,Regular
2416664,4,BTES-402-18,A+,Regular
2416664,4,EVS 101-18,O,Regular
2416664,4,HSMC-122-18,A,Regular
2416665,1,BMPD-101-18,S,Reappear
2416665,1,BTAM101-23,P,Reappear
2416665,1,BTEE101-18,B,Reappear
2416665,1,BTEE102-18,O,Reappear
2416665,1,BTME101-21,A,Reappear
2416665,1,BTPH101-23,C,Reappear
2416665,1,BTPH102-23,O,Reappear
2416665,2,BMPD201-18,S,Regular
2416665,2,BTAM201-23,B,Regular
2416665,2,BTCH101-23,B,Regular
2416665,2,BTCH102-18,A,Regular
2416665,2,BTHU101-18,A,Regular
2416665,2,BTHU102-18,A,Regular
2416665,2,BTMP101-18,A+,Regular
2416665,2,BTPS101-18,B,Regular
2416665,2,BTPS102-18,A,Regular
2416665,3,BTAM-302-23,B,Regular
2416665,3,BTCS301-18,B,Regular
2416665,3,BTCS302-18,B,Regular
2416665,3,BTCS303-18,A,Regular
2416665,3,BTCS304-18,A,Regular
2416665,3,BTCS305-18,B+,Regular
2416665,3,BTES301-18,P,Regular
2416665,3,BTES302-18,B+,Regular
2416665,3,HSMC10 1/102-18,B,Regular
2416665,3,SIT,S,Regular
2416665,4,BTCS-401-18,B+,Regular
2416665,4,BTCS-402-18,B+,Regular
2416665,4,BTCS-403-18,A+,Regular
2416665,4,BTCS-404-18,O,Regular
2416665,4,BTCS-405-18,O,Regular
2416665,4,BTES-401-18,A,Regular
2416665,4,BTES-402-18,A+,Regular
2416665,4,EVS 101-18,A,Regular
2416665,4,HSMC-122-18,B+,Regular
2416666,1,BMPD-101-18,S,Reappear
2416666,1,BTAM101-23,F(Ext),Reappear
2416666,1,BTEE101-18,C,Reappear
2416666,1,BTEE102-18,A+,Reappear
2416666,1,BTME101-21,B+,Reappear
2416666,1,BTPH101-23,P,Reappear
2416666,1,BTPH102-23,A+,Reappear
2416666,2,BMPD201-18,S,Regular
2416666,2,BTAM201-23,F(Ext),Regular
2416666,2,BTCH101-23,F(Ext),Regular
2416666,2,BTCH102-18,B+,Regular
2416666,2,BTHU101-18,B,Regular
2416666,2,BTHU102-18,B+,Regular
2416666,2,BTMP101-18,B,Regular
2416666,2,BTPS101-18,F(Ext),Regular
2416666,2,BTPS102-18,B+,Regular
2416666,3,BTAM-302-23,F(Ext/Int),Regular
2416666,3,BTCS301-18,F(Ext/Int),Regular
2416666,3,BTCS302-18,F(Ext/Int),Regular
2416666,3,BTCS303-18,B+,Regular
2416666,3,BTCS304-18,P,Regular
2416666,3,BTCS305-18,F(Ext/Int),Regular
2416666,3,BTES301-18,F(Ext),Regular
2416666,3,BTES302-18,B,Regular
2416666,3,HSMC10 1/102-18,F(Ext),Regular
2416666,3,SIT,S,Regular
2416666,4,BTCS-401-18,F(Int)/Ab (Ext),Regular
2416666,4,BTCS-402-18,F(Int)/Ab (Ext),Regular
2416666,4,BTCS-403-18,F(Int)/Ab (Ext),Regular
2416666,4,BTCS-404-18,F(Int)/Ab (Ext),Regular
2416666,4,BTCS-405-18,F(Int)/Ab (Ext),Regular
2416666,4,BTES-401-18,F(Int)/Ab (Ext),Regular
2416666,4,BTES-402-18,F(Int)/Ab (Ext),Regular
2416666,4,EVS 101-18,F(Int),Regular
2416666,4,HSMC-122-18,F(Int)/Ab (Ext),Regular
2416667,1,BMPD-101-18,S,Reappear
2416667,1,BTAM101-23,B,Reappear
2416667,1,BTEE101-18,B+,Reappear
2416667,1,BTEE102-18,A+,Reappear
2416667,1,BTME101-21,A+,Reappear
2416667,1,BTPH101-23,B+,Reappear
2416667,1,BTPH102-23,A+,Reappear
2416667,2,BMPD201-18,S,Regular
2416667,2,BTAM201-23,B+,Regular
2416667,2,BTCH101-23,B+,Regular
2416667,2,BTCH102-18,A+,Regular
2416667,2,BTHU101-18,A+,Regular
2416667,2,BTHU102-18,O,Regular
2416667,2,BTMP101-18,A+,Regular
2416667,2,BTPS101-18,B,Regular
2416667,2,BTPS102-18,A+,Regular
2416667,4,BTCS-401-18,A,Regular
2416667,4,BTCS-402-18,B,Regular
2416667,4,BTCS-403-18,B+,Regular
2416667,4,BTCS-404-18,A,Regular
2416667,4,BTCS-405-18,O,Regular
2416667,4,BTES-401-18,B+,Regular
2416667,4,BTES-402-18,A+,Regular
2416667,4,EVS 101-18,A,Regular
2416667,4,HSMC-122-18,B,Regular
2416668,1,BMPD-101-18,S,Reappear
2416668,1,BTAM101-23,B,Reappear
2416668,1,BTEE101-18,B,Reappear
2416668,1,BTEE102-18,A+,Reappear
2416668,1,BTME101-21,B+,Reappear
2416668,1,BTPH101-23,B,Reappear
2416668,1,BTPH102-23,O,Reappear
2416668,2,BMPD201-18,S,Reappear
2416668,2,BTAM201-23,C,Reappear
2416668,2,BTCH101-23,B,Reappear
2416668,2,BTCH102-18,A,Reappear
2416668,2,BTHU101-18,A,Reappear
2416668,2,BTHU102-18,B+,Reappear
2416668,2,BTMP101-18,A+,Reappear
2416668,2,BTPS101-18,B,Reappear
2416668,2,BTPS102-18,A+,Reappear
2416668,3,BTAM-302-23,C,Regular
2416668,3,BTCS301-18,B,Regular
2416668,3,BTCS302-18,B,Regular
2416668,3,BTCS303-18,A,Regular
2416668,3,BTCS304-18,A+,Regular
2416668,3,BTCS305-18,A+,Regular
2416668,3,BTES301-18,C,Regular
2416668,3,BTES302-18,A,Regular
2416668,3,HSMC10 1/102-18,B+,Regular
2416668,3,SIT,S,Regular
2416668,4,BTCS-401-18,B+,Regular
2416668,4,BTCS-402-18,F(Ext),Regular
2416668,4,BTCS-403-18,B+,Regular
2416668,4,BTCS-404-18,O,Regular
2416668,4,BTCS-405-18,A+,Regular
2416668,4,BTES-401-18,B,Regular
2416668,4,BTES-402-18,O,Regular
2416668,4,EVS 101-18,A+,Regular
2416668,4,HSMC-122-18,Ab(Ext),Regular
2416669,1,BMPD-101-18,S,Reappear
2416669,1,BTAM101-23,B,Reappear
2416669,1,BTEE101-18,B,Reappear
2416669,1,BTEE102-18,A+,Reappear
2416669,1,BTME101-21,A,Reappear
2416669,1,BTPH101-23,B,Reappear
2416669,1,BTPH102-23,A+,Reappear
2416669,2,BMPD201-18,S,Reappear
2416669,2,BTAM201-23,P,Reappear
2416669,2,BTCH101-23,B,Reappear
2416669,2,BTCH102-18,B+,Reappear
2416669,2,BTHU101-18,A,Reappear
2416669,2,BTHU102-18,B+,Reappear
2416669,2,BTMP101-18,A+,Reappear
2416669,2,BTPS101-18,B+,Reappear
2416669,2,BTPS102-18,A,Reappear
2416669,3,BTAM-302-23,C,Regular
2416669,3,BTCS301-18,B+,Regular
2416669,3,BTCS302-18,B,Regular
2416669,3,BTCS303-18,A,Regular
2416669,3,BTCS304-18,A,Regular
2416669,3,BTCS305-18,B+,Regular
2416669,3,BTES301-18,C,Regular
2416669,3,BTES302-18,B+,Regular
2416669,3,HSMC10 1/102-18,A,Regular
2416669,3,SIT,S,Regular
2416669,4,BTCS-401-18,C,Regular
2416669,4,BTCS-402-18,A,Regular
2416669,4,BTCS-403-18,A+,Regular
2416669,4,BTCS-404-18,A+,Regular
2416669,4,BTCS-405-18,A,Regular
2416669,4,BTES-401-18,A+,Regular
2416669,4,BTES-402-18,A,Regular
2416669,4,EVS 101-18,O,Regular
2416669,4,HSMC-122-18,A,Regular
2416670,1,BMPD-101-18,S,Reappear
2416670,1,BTAM101-23,P,Reappear
2416670,1,BTEE101-18,B,Reappear
2416670,1,BTEE102-18,A,Reappear
2416670,1,BTME101-21,B+,Reappear
2416670,1,BTPH101-23,P,Reappear
2416670,1,BTPH102-23,A+,Reappear
2416670,2,BMPD201-18,S,Regular
2416670,2,BTAM201-23,F(Int)/Ab (Ext),Regular
2416670,2,BTCH101-23,F(Int)/Ab (Ext),Regular
2416670,2,BTCH102-18,F(Int)/Ab (Ext),Regular
2416670,2,BTHU101-18,F(Int),Regular
2416670,2,BTHU102-18,Ab(Ext),Regular
2416670,2,BTMP101-18,B,Regular
2416670,2,BTPS101-18,F(Int)/Ab (Ext),Regular
2416670,2,BTPS102-18,Ab(Ext),Regular
2416670,3,BTAM-302-23,F(Ext),Regular
2416670,3,BTCS301-18,B+,Regular
2416670,3,BTCS302-18,P,Regular
2416670,3,BTCS303-18,P,Regular
2416670,3,BTCS304-18,P,Regular
2416670,3,BTCS305-18,P,Regular
2416670,3,BTES301-18,F(Int),Regular
2416670,3,BTES302-18,P,Regular
2416670,3,HSMC10 1/102-18,A,Regular
2416670,3,SIT,S,Regular
2416670,4,BTCS-401-18,F(Int)/Ab (Ext),Regular
2416670,4,BTCS-402-18,F(Int),Regular
2416670,4,BTCS-403-18,C,Regular
2416670,4,BTCS-404-18,F(Int)/Ab (Ext),Regular
2416670,4,BTCS-405-18,Ab(Ext),Regular
2416670,4,BTES-401-18,C,Regular
2416670,4,BTES-402-18,F(Int)/Ab (Ext),Regular
2416670,4,EVS 101-18,F(Int),Regular
2416670,4,HSMC-122-18,B,Regular
2416671,1,BMPD-101-18,S,Regular
2416671,1,BTAM101-23,A+,Regular
2416671,1,BTEE101-18,B+,Regular
2416671,1,BTEE102-18,A+,Regular
2416671,1,BTME101-21,A,Regular
2416671,1,BTPH101-23,B+,Regular
2416671,1,BTPH102-23,A+,Regular
2416671,2,BMPD201-18,S,Regular
2416671,2,BTAM201-23,A,Regular
2416671,2,BTCH101-23,A,Regular
2416671,2,BTCH102-18,A+,Regular
2416671,2,BTHU101-18,B+,Regular
2416671,2,BTHU102-18,A,Regular
2416671,2,BTMP101-18,A+,Regular
2416671,2,BTPS101-18,B+,Regular
2416671,2,BTPS102-18,A+,Regular
2416671,3,BTAM-302-23,A+,Regular
2416671,3,BTCS301-18,A+,Regular
2416671,3,BTCS302-18,O,Regular
2416671,3,BTCS303-18,A+,Regular
2416671,3,BTCS304-18,A+,Regular
2416671,3,BTCS305-18,A,Regular
2416671,3,BTES301-18,A,Regular
2416671,3,BTES302-18,O,Regular
2416671,3,HSMC10 1/102-18,B+,Regular
2416671,3,SIT,S,Regular
2416671,4,BTCS-401-18,A+,Regular
2416671,4,BTCS-402-18,A,Regular
2416671,4,BTCS-403-18,A+,Regular
2416671,4,BTCS-404-18,A+,Regular
2416671,4,BTCS-405-18,O,Regular
2416671,4,BTES-401-18,A,Regular
2416671,4,BTES-402-18,A,Regular
2416671,4,EVS 101-18,B+,Regular
2416671,4,HSMC-122-18,B,Regular
2416672,2,BMPD201-18,S,Regular
2416672,2,BTAM201-23,F(Ext/Int),Regular
2416672,2,BTCH101-23,F(Ext),Regular
2416672,2,BTCH102-18,A,Regular
2416672,2,BTHU101-18,F(Int),Regular
2416672,2,BTHU102-18,Ab(Ext),Regular
2416672,2,BTMP101-18,Ab(Ext),Regular
2416672,2,BTPS101-18,F(Ext),Regular
2416672,2,BTPS102-18,B+,Regular
2416672,3,BTAM-302-23,F(Ext/Int),Regular
2416672,3,BTCS301-18,F(Ext/Int),Regular
2416672,3,BTCS302-18,F(Ext/Int),Regular
2416672,3,BTCS303-18,Ab(Ext),Regular
2416672,3,BTCS304-18,F(Int)/Ab (Ext),Regular
2416672,3,BTCS305-18,F(Int)/Ab (Ext),Regular
2416672,3,BTES301-18,F(Ext/Int),Regular
2416672,3,BTES302-18,F(Int)/Ab (Ext),Regular
2416672,3,HSMC10 1/102-18,F(Int),Regular
2416672,3,SIT,S,Regular
2416672,4,BTCS-401-18,F(Ext/Int),Regular
2416672,4,BTCS-402-18,F(Ext),Regular
2416672,4,BTCS-403-18,C,Regular
2416672,4,BTCS-404-18,F(Int)/Ab (Ext),Regular
2416672,4,BTCS-405-18,F(Int)/Ab (Ext),Regular
2416672,4,BTES-401-18,C,Regular
2416672,4,BTES-402-18,F(Int)/Ab (Ext),Regular
2416672,4,EVS 101-18,F(Int),Regular
2416672,4,HSMC-122-18,F(Ext/Int),Regular
2416673,1,BMPD-101-18,S,Regular
2416673,1,BTAM101-23,F(Int)/Ab (Ext),Regular
2416673,1,BTEE101-18,F(Ext),Regular
2416673,1,BTEE102-18,A,Regular
2416673,1,BTME101-21,B,Regular
2416673,1,BTPH101-23,F(Int)/Ab (Ext),Regular
2416673,1,BTPH102-23,B+,Regular
2416673,2,BMPD201-18,S,Regular
2416673,2,BTAM201-23,F(Ext),Regular
2416673,2,BTCH101-23,F(Ext),Regular
2416673,2,BTCH102-18,Ab(Ext),Regular
2416673,2,BTHU101-18,F(Int),Regular
2416673,2,BTHU102-18,Ab(Ext),Regular
2416673,2,BTMP101-18,Ab(Ext),Regular
2416673,2,BTPS101-18,F(Ext/Int),Regular
2416673,2,BTPS102-18,B+,Regular
2416673,3,BTAM-302-23,F(Int)/Ab(Ext),Regular
2416673,3,BTCS301-18,F(Ext),Regular
2416673,3,BTCS302-18,F(Int)/Ab (Ext),Regular
2416673,3,BTCS303-18,Ab(Ext),Regular
2416673,3,BTCS304-18,F(Int)/Ab (Ext),Regular
2416673,3,BTCS305-18,F(Int)/Ab (Ext),Regular
2416673,3,BTES301-18,F(Int)/Ab (Ext),Regular
2416673,3,BTES302-18,F(Int)/Ab (Ext),Regular
2416673,3,HSMC10 1/102-18,F(Int),Regular
2416673,3,SIT,S,Regular
2416673,4,BTCS-401-18,F(Int)/Ab (Ext),Regular
2416673,4,BTCS-402-18,F(Int)/Ab (Ext),Regular
2416673,4,BTCS-403-18,F(Int)/Ab (Ext),Regular
2416673,4,BTCS-404-18,F(Int)/Ab (Ext),Regular
2416673,4,BTCS-405-18,F(Int)/Ab (Ext),Regular
2416673,4,BTES-401-18,F(Int)/Ab (Ext),Regular
2416673,4,BTES-402-18,F(Int)/Ab (Ext),Regular
2416673,4,EVS 101-18,F(Int),Regular
2416673,4,HSMC-122-18,F(Int)/Ab (Ext),Regular
2416674,1,BMPD-101-18,S,Reappear
2416674,1,BTAM101-23,C,Reappear
2416674,1,BTEE101-18,B,Reappear
2416674,1,BTEE102-18,B+,Reappear
2416674,1,BTME101-21,A,Reappear
2416674,1,BTPH101-23,C,Reappear
2416674,1,BTPH102-23,A,Reappear
2416674,2,BMPD201-18,S,Regular
2416674,2,BTAM201-23,B,Regular
2416674,2,BTCH101-23,P,Regular
2416674,2,BTCH102-18,A+,Regular
2416674,2,BTHU101-18,A,Regular
2416674,2,BTHU102-18,B+,Regular
2416674,2,BTMP101-18,A+,Regular
2416674,2,BTPS101-18,B,Regular
2416674,2,BTPS102-18,A,Regular
2416674,3,BTAM-302-23,B,Regular
2416674,3,BTCS301-18,F(Ext),Regular
2416674,3,BTCS302-18,F(Ext),Regular
2416674,3,BTCS303-18,B+,Regular
2416674,3,BTCS304-18,B,Regular
2416674,3,BTCS305-18,P,Regular
2416674,3,BTES301-18,B,Regular
2416674,3,BTES302-18,B+,Regular
2416674,3,HSMC10 1/102-18,B+,Regular
2416674,3,SIT,S,Regular
2416674,4,BTCS-401-18,B,Regular
2416674,4,BTCS-402-18,B+,Regular
2416674,4,BTCS-403-18,A,Regular
2416674,4,BTCS-404-18,P,Regular
2416674,4,BTCS-405-18,A,Regular
2416674,4,BTES-401-18,B+,Regular
2416674,4,BTES-402-18,P,Regular
2416674,4,EVS 101-18,B+,Regular
2416674,4,HSMC-122-18,F(Int),Regular
2416675,1,BMPD-101-18,S,Reappear
2416675,1,BTAM101-23,B+,Reappear
2416675,1,BTEE101-18,B+,Reappear
2416675,1,BTEE102-18,A+,Reappear
2416675,1,BTME101-21,A+,Reappear
2416675,1,BTPH101-23,B+,Reappear
2416675,1,BTPH102-23,A+,Reappear
2416675,2,BMPD201-18,S,Regular
2416675,2,BTAM201-23,B+,Regular
2416675,2,BTCH101-23,A+,Regular
2416675,2,BTCH102-18,A+,Regular
2416675,2,BTHU101-18,A+,Regular
2416675,2,BTHU102-18,B+,Regular
2416675,2,BTMP101-18,A+,Regular
2416675,2,BTPS101-18,A,Regular
2416675,2,BTPS102-18,A+,Regular
2416675,3,BTAM-302-23,B+,Regular
2416675,3,BTCS301-18,A,Regular
2416675,3,BTCS302-18,B+,Regular
2416675,3,BTCS303-18,A+,Regular
2416675,3,BTCS304-18,A,Regular
2416675,3,BTCS305-18,B,Regular
2416675,3,BTES301-18,B+,Regular
2416675,3,BTES302-18,B+,Regular
2416675,3,HSMC10 1/102-18,B+,Regular
2416675,3,SIT,S,Regular
2416675,4,BTCS-401-18,A,Regular
2416675,4,BTCS-402-18,A,Regular
2416675,4,BTCS-403-18,A+,Regular
2416675,4,BTCS-404-18,A+,Regular
2416675,4,BTCS-405-18,A+,Regular
2416675,4,BTES-401-18,A+,Regular
2416675,4,BTES-402-18,A+,Regular
2416675,4,EVS 101-18,O,Regular
2416675,4,HSMC-122-18,A,Regular
2416676,1,BMPD-101-18,S,Regular
2416676,1,BTAM101-23,B+,Regular
2416676,1,BTEE101-18,B+,Regular
2416676,1,BTEE102-18,O,Regular
2416676,1,BTME101-21,A,Regular
2416676,1,BTPH101-23,B,Regular
2416676,1,BTPH102-23,A+,Regular
2416676,2,BMPD201-18,S,Regular
2416676,2,BTAM201-23,B+,Regular
2416676,2,BTCH101-23,A+,Regular
2416676,2,BTCH102-18,O,Regular
2416676,2,BTHU101-18,A+,Regular
2416676,2,BTHU102-18,O,Regular
2416676,2,BTMP101-18,O,Regular
2416676,2,BTPS101-18,A,Regular
2416676,2,BTPS102-18,O,Regular
2416676,3,BTAM-302-23,B+,Regular
2416676,3,BTCS301-18,A,Regular
2416676,3,BTCS302-18,A+,Regular
2416676,3,BTCS303-18,A+,Regular
2416676,3,BTCS304-18,O,Regular
2416676,3,BTCS305-18,O,Regular
2416676,3,BTES301-18,B+,Regular
2416676,3,BTES302-18,A+,Regular
2416676,3,HSMC10 1/102-18,A,Regular
2416676,3,SIT,S,Regular
2416676,4,BTCS-401-18,A,Regular
2416676,4,BTCS-402-18,A+,Regular
2416676,4,BTCS-403-18,A+,Regular
2416676,4,BTCS-404-18,O,Regular
2416676,4,BTCS-405-18,A+,Regular
2416676,4,BTES-401-18,A+,Regular
2416676,4,BTES-402-18,A+,Regular
2416676,4,EVS 101-18,O,Regular
2416676,4,HSMC-122-18,A,Regular
2416677,1,BMPD-101-18,S,Regular
2416677,1,BTAM101-23,B+,Regular
2416677,1,BTEE101-18,B+,Regular
2416677,1,BTEE102-18,A+,Regular
2416677,1,BTME101-21,A+,Regular
2416677,1,BTPH101-23,B+,Regular
2416677,1,BTPH102-23,A+,Regular
2416677,2,BMPD201-18,S,Regular
2416677,2,BTAM201-23,A,Regular
2416677,2,BTCH101-23,A,Regular
2416677,2,BTCH102-18,B+,Regular
2416677,2,BTHU101-18,B+,Regular
2416677,2,BTHU102-18,A+,Regular
2416677,2,BTMP101-18,A+,Regular
2416677,2,BTPS101-18,B+,Regular
2416677,2,BTPS102-18,A+,Regular
2416677,3,BTAM-302-23,A,Regular
2416677,3,BTCS301-18,A,Regular
2416677,3,BTCS302-18,A+,Regular
2416677,3,BTCS303-18,A,Regular
2416677,3,BTCS304-18,O,Regular
2416677,3,BTCS305-18,A+,Regular
2416677,3,BTES301-18,A,Regular
2416677,3,BTES302-18,A+,Regular
2416677,3,HSMC10 1/102-18,A,Regular
2416677,3,SIT,S,Regular
2416677,4,BTCS-401-18,B+,Regular
2416677,4,BTCS-402-18,A,Regular
2416677,4,BTCS-403-18,A+,Regular
2416677,4,BTCS-404-18,O,Regular
2416677,4,BTCS-405-18,A+,Regular
2416677,4,BTES-401-18,A+,Regular
2416677,4,BTES-402-18,A+,Regular
2416677,4,EVS 101-18,O,Regular
2416677,4,HSMC-122-18,B+,Regular
2416678,1,BMPD-101-18,S,Regular
2416678,1,BTAM101-23,B+,Regular
2416678,1,BTEE101-18,A,Regular
2416678,1,BTEE102-18,O,Regular
2416678,1,BTME101-21,O,Regular
2416678,1,BTPH101-23,A,Regular
2416678,1,BTPH102-23,A+,Regular
2416678,2,BMPD201-18,S,Regular
2416678,2,BTAM201-23,A,Regular
2416678,2,BTCH101-23,A,Regular
2416678,2,BTCH102-18,A,Regular
2416678,2,BTHU101-18,A+,Regular
2416678,2,BTHU102-18,A,Regular
2416678,2,BTMP101-18,B+,Regular
2416678,2,BTPS101-18,B+,Regular
2416678,2,BTPS102-18,A+,Regular
2416678,3,BTAM-302-23,A+,Regular
2416678,3,BTCS301-18,A,Regular
2416678,3,BTCS302-18,A,Regular
2416678,3,BTCS303-18,B+,Regular
2416678,3,BTCS304-18,P,Regular
2416678,3,BTCS305-18,A,Regular
2416678,3,BTES301-18,B+,Regular
2416678,3,BTES302-18,B+,Regular
2416678,3,HSMC10 1/102-18,A,Regular
2416678,3,SIT,S,Regular
2416678,4,BTCS-401-18,B+,Regular
2416678,4,BTCS-402-18,A+,Regular
2416678,4,BTCS-403-18,A+,Regular
2416678,4,BTCS-404-18,O,Regular
2416678,4,BTCS-405-18,O,Regular
2416678,4,BTES-401-18,A+,Regular
2416678,4,BTES-402-18,O,Regular
2416678,4,EVS 101-18,B,Regular
2416678,4,HSMC-122-18,A,Regular
2416679,1,BMPD-101-18,S,Reappear
2416679,1,BTAM101-23,B,Reappear
2416679,1,BTEE101-18,B+,Reappear
2416679,1,BTEE102-18,A+,Reappear
2416679,1,BTME101-21,A+,Reappear
2416679,1,BTPH101-23,B,Reappear
2416679,1,BTPH102-23,A+,Reappear
2416679,2,BMPD201-18,S,Regular
2416679,2,BTAM201-23,P,Regular
2416679,2,BTCH101-23,P,Regular
2416679,2,BTCH102-18,B,Regular
2416679,2,BTHU101-18,A,Regular
2416679,2,BTHU102-18,B,Regular
2416679,2,BTMP101-18,B,Regular
2416679,2,BTPS101-18,F(Ext/Int),Regular
2416679,2,BTPS102-18,B+,Regular
2416679,3,BTAM-302-23,B,Regular
2416679,3,BTCS301-18,P,Regular
2416679,3,BTCS302-18,B+,Regular
2416679,3,BTCS303-18,B,Regular
2416679,3,BTCS304-18,B,Regular
2416679,3,BTCS305-18,P,Regular
2416679,3,BTES301-18,C,Regular
2416679,3,BTES302-18,B,Regular
2416679,3,HSMC10 1/102-18,B+,Regular
2416679,3,SIT,S,Regular
2416679,4,BTCS-401-18,F(Ext),Regular
2416679,4,BTCS-402-18,B,Regular
2416679,4,BTCS-403-18,B+,Regular
2416679,4,BTCS-404-18,P,Regular
2416679,4,BTCS-405-18,B,Regular
2416679,4,BTES-401-18,B,Regular
2416679,4,BTES-402-18,P,Regular
2416679,4,EVS 101-18,B+,Regular
2416679,4,HSMC-122-18,B,Regular
2416680,1,BMPD-101-18,S,Regular
2416680,1,BTAM101-23,A+,Regular
2416680,1,BTEE101-18,A,Regular
2416680,1,BTEE102-18,O,Regular
2416680,1,BTME101-21,O,Regular
2416680,1,BTPH101-23,A+,Regular
2416680,1,BTPH102-23,O,Regular
2416680,2,BMPD201-18,S,Regular
2416680,2,BTAM201-23,A,Regular
2416680,2,BTCH101-23,A+,Regular
2416680,2,BTCH102-18,O,Regular
2416680,2,BTHU101-18,O,Regular
2416680,2,BTHU102-18,O,Regular
2416680,2,BTMP101-18,O,Regular
2416680,2,BTPS101-18,A+,Regular
2416680,2,BTPS102-18,O,Regular
2416680,3,BTAM-302-23,A,Regular
2416680,3,BTCS301-18,A+,Regular
2416680,3,BTCS302-18,O,Regular
2416680,3,BTCS303-18,O,Regular
2416680,3,BTCS304-18,O,Regular
2416680,3,BTCS305-18,O,Regular
2416680,3,BTES301-18,A,Regular
2416680,3,BTES302-18,O,Regular
2416680,3,HSMC10 1/102-18,A+,Regular
2416680,3,SIT,S,Regular
2416680,4,BTCS-401-18,A+,Regular
2416680,4,BTCS-402-18,A,Regular
2416680,4,BTCS-403-18,A+,Regular
2416680,4,BTCS-404-18,O,Regular
2416680,4,BTCS-405-18,O,Regular
2416680,4,BTES-401-18,A,Regular
2416680,4,BTES-402-18,O,Regular
2416680,4,EVS 101-18,O,Regular
2416680,4,HSMC-122-18,A,Regular
2416681,1,BMPD-101-18,S,Reappear
2416681,1,BTAM101-23,B,Reappear
2416681,1,BTEE101-18,B,Reappear
2416681,1,BTEE102-18,A+,Reappear
2416681,1,BTME101-21,A,Reappear
2416681,1,BTPH101-23,B,Reappear
2416681,1,BTPH102-23,O,Reappear
2416681,2,BMPD201-18,S,Regular
2416681,2,BTAM201-23,F(Ext),Regular
2416681,2,BTCH101-23,B,Regular
2416681,2,BTCH102-18,B+,Regular
2416681,2,BTHU101-18,A,Regular
2416681,2,BTHU102-18,A+,Regular
2416681,2,BTMP101-18,A+,Regular
2416681,2,BTPS101-18,B,Regular
2416681,2,BTPS102-18,A+,Regular
2416681,3,BTAM-302-23,F(Ext),Regular
2416681,3,BTCS301-18,B,Regular
2416681,3,BTCS302-18,B,Regular
2416681,3,BTCS303-18,A,Regular
2416681,3,BTCS304-18,A,Regular
2416681,3,BTCS305-18,A+,Regular
2416681,3,BTES301-18,B,Regular
2416681,3,BTES302-18,A,Regular
2416681,3,HSMC10 1/102-18,B+,Regular
2416681,3,SIT,S,Regular
2416681,4,BTCS-401-18,B+,Regular
2416681,4,BTCS-402-18,B,Regular
2416681,4,BTCS-403-18,B+,Regular
2416681,4,BTCS-404-18,A,Regular
2416681,4,BTCS-405-18,O,Regular
2416681,4,BTES-401-18,B,Regular
2416681,4,BTES-402-18,A+,Regular
2416681,4,EVS 101-18,A+,Regular
2416681,4,HSMC-122-18,B,Regular
2416682,1,BMPD-101-18,S,Regular
2416682,1,BTAM101-23,A,Regular
2416682,1,BTEE101-18,A,Regular
2416682,1,BTEE102-18,O,Regular
2416682,1,BTME101-21,A,Regular
2416682,1,BTPH101-23,B+,Regular
2416682,1,BTPH102-23,A+,Regular
2416682,2,BMPD201-18,S,Regular
2416682,2,BTAM201-23,A,Regular
2416682,2,BTCH101-23,A+,Regular
2416682,2,BTCH102-18,A+,Regular
2416682,2,BTHU101-18,A,Regular
2416682,2,BTHU102-18,O,Regular
2416682,2,BTMP101-18,A+,Regular
2416682,2,BTPS101-18,B+,Regular
2416682,2,BTPS102-18,O,Regular
2416682,3,BTAM-302-23,A+,Regular
2416682,3,BTCS301-18,A+,Regular
2416682,3,BTCS302-18,A+,Regular
2416682,3,BTCS303-18,A+,Regular
2416682,3,BTCS304-18,A,Regular
2416682,3,BTCS305-18,A,Regular
2416682,3,BTES301-18,B+,Regular
2416682,3,BTES302-18,A,Regular
2416682,3,HSMC10 1/102-18,A,Regular
2416682,3,SIT,S,Regular
2416682,4,BTCS-401-18,B+,Regular
2416682,4,BTCS-402-18,A,Regular
2416682,4,BTCS-403-18,A,Regular
2416682,4,BTCS-404-18,O,Regular
2416682,4,BTCS-405-18,O,Regular
2416682,4,BTES-401-18,A,Regular
2416682,4,BTES-402-18,O,Regular
2416682,4,EVS 101-18,O,Regular
2416682,4,HSMC-122-18,A,Regular
2416683,1,BMPD-101-18,S,Regular
2416683,1,BTAM101-23,A+,Regular
2416683,1,BTEE101-18,B+,Regular
2416683,1,BTEE102-18,O,Regular
2416683,1,BTME101-21,A,Regular
2416683,1,BTPH101-23,A,Regular
2416683,1,BTPH102-23,O,Regular
2416683,2,BMPD201-18,S,Regular
2416683,2,BTAM201-23,B+,Regular
2416683,2,BTCH101-23,A+,Regular
2416683,2,BTCH102-18,A+,Regular
2416683,2,BTHU101-18,A+,Regular
2416683,2,BTHU102-18,A+,Regular
2416683,2,BTMP101-18,A,Regular
2416683,2,BTPS101-18,A,Regular
2416683,2,BTPS102-18,O,Regular
2416683,3,BTAM-302-23,B+,Regular
2416683,3,BTCS301-18,A+,Regular
2416683,3,BTCS302-18,A,Regular
2416683,3,BTCS303-18,A,Regular
2416683,3,BTCS304-18,A+,Regular
2416683,3,BTCS305-18,B+,Regular
2416683,3,BTES301-18,A,Regular
2416683,3,BTES302-18,A,Regular
2416683,3,HSMC10 1/102-18,A,Regular
2416683,3,SIT,S,Regular
2416683,4,BTCS-401-18,A,Regular
2416683,4,BTCS-402-18,A+,Regular
2416683,4,BTCS-403-18,A+,Regular
2416683,4,BTCS-404-18,O,Regular
2416683,4,BTCS-405-18,A+,Regular
2416683,4,BTES-401-18,A+,Regular
2416683,4,BTES-402-18,A+,Regular
2416683,4,EVS 101-18,O,Regular
2416683,4,HSMC-122-18,A,Regular
2416684,1,BMPD-101-18,S,Reappear
2416684,1,BTAM101-23,F(Ext),Reappear
2416684,1,BTEE101-18,B,Reappear
2416684,1,BTEE102-18,A+,Reappear
2416684,1,BTME101-21,B+,Reappear
2416684,1,BTPH101-23,F(Ext),Reappear
2416684,1,BTPH102-23,A+,Reappear
2416684,2,BMPD201-18,S,Regular
2416684,2,BTAM201-23,F(Ext),Regular
2416684,2,BTCH101-23,F(Ext),Regular
2416684,2,BTCH102-18,A+,Regular
2416684,2,BTHU101-18,B+,Regular
2416684,2,BTHU102-18,A+,Regular
2416684,2,BTMP101-18,A+,Regular
2416684,2,BTPS101-18,F(Ext),Regular
2416684,2,BTPS102-18,A+,Regular
2416684,3,BTAM-302-23,F(Ext),Regular
2416684,3,BTCS301-18,F(Ext),Regular
2416684,3,BTCS302-18,F(Ext),Regular
2416684,3,BTCS303-18,A,Regular
2416684,3,BTCS304-18,O,Regular
2416684,3,BTCS305-18,A+,Regular
2416684,3,BTES301-18,F(Ext),Regular
2416684,3,BTES302-18,A,Regular
2416684,3,HSMC10 1/102-18,F(Ext),Regular
2416684,3,SIT,S,Regular
2416684,4,BTCS-401-18,F(Ext),Regular
2416684,4,BTCS-402-18,B,Regular
2416684,4,BTCS-403-18,B+,Regular
2416684,4,BTCS-404-18,A,Regular
2416684,4,BTCS-405-18,A+,Regular
2416684,4,BTES-401-18,B,Regular
2416684,4,BTES-402-18,A+,Regular
2416684,4,EVS 101-18,A,Regular
2416684,4,HSMC-122-18,B,Regular
2416685,1,BMPD-101-18,S,Regular
2416685,1,BTAM101-23,A,Regular
2416685,1,BTEE101-18,A,Regular
2416685,1,BTEE102-18,O,Regular
2416685,1,BTME101-21,A+,Regular
2416685,1,BTPH101-23,A,Regular
2416685,1,BTPH102-23,O,Regular
2416685,2,BMPD201-18,S,Regular
2416685,2,BTAM201-23,A,Regular
2416685,2,BTCH101-23,O,Regular
2416685,2,BTCH102-18,O,Regular
2416685,2,BTHU101-18,A+,Regular
2416685,2,BTHU102-18,O,Regular
2416685,2,BTMP101-18,A+,Regular
2416685,2,BTPS101-18,A+,Regular
2416685,2,BTPS102-18,O,Regular
2416685,3,BTAM-302-23,A+,Regular
2416685,3,BTCS301-18,O,Regular
2416685,3,BTCS302-18,A+,Regular
2416685,3,BTCS303-18,O,Regular
2416685,3,BTCS304-18,O,Regular
2416685,3,BTCS305-18,O,Regular
2416685,3,BTES301-18,A,Regular
2416685,3,BTES302-18,O,Regular
2416685,3,HSMC10 1/102-18,A+,Regular
2416685,3,SIT,S,Regular
2416685,4,BTCS-401-18,A+,Regular
2416685,4,BTCS-402-18,A+,Regular
2416685,4,BTCS-403-18,A+,Regular
2416685,4,BTCS-404-18,O,Regular
2416685,4,BTCS-405-18,O,Regular
2416685,4,BTES-401-18,A+,Regular
2416685,4,BTES-402-18,O,Regular
2416685,4,EVS 101-18,O,Regular
2416685,4,HSMC-122-18,A+,Regular
2416686,1,BMPD-101-18,S,Reappear
2416686,1,BTAM101-23,F(Ext),Reappear
2416686,1,BTEE101-18,B,Reappear
2416686,1,BTEE102-18,A+,Reappear
2416686,1,BTME101-21,B+,Reappear
2416686,1,BTPH101-23,B,Reappear
2416686,1,BTPH102-23,O,Reappear
2416686,2,BMPD201-18,S,Regular
2416686,2,BTAM201-23,P,Regular
2416686,2,BTCH101-23,B,Regular
2416686,2,BTCH102-18,B+,Regular
2416686,2,BTHU101-18,A+,Regular
2416686,2,BTHU102-18,A,Regular
2416686,2,BTMP101-18,A+,Regular
2416686,2,BTPS101-18,B+,Regular
2416686,2,BTPS102-18,O,Regular
2416686,3,BTAM-302-23,F(Ext),Regular
2416686,3,BTCS301-18,B,Regular
2416686,3,BTCS302-18,B+,Regular
2416686,3,BTCS303-18,A,Regular
2416686,3,BTCS304-18,A,Regular
2416686,3,BTCS305-18,A+,Regular
2416686,3,BTES301-18,B,Regular
2416686,3,BTES302-18,A,Regular
2416686,3,HSMC10 1/102-18,B+,Regular
2416686,3,SIT,S,Regular
2416686,4,BTCS-401-18,B,Regular
2416686,4,BTCS-402-18,A+,Regular
2416686,4,BTCS-403-18,A+,Regular
2416686,4,BTCS-404-18,A+,Regular
2416686,4,BTCS-405-18,A+,Regular
2416686,4,BTES-401-18,B+,Regular
2416686,4,BTES-402-18,A+,Regular
2416686,4,EVS 101-18,O,Regular
2416686,4,HSMC-122-18,B+,Regular
2416687,1,BMPD-101-18,S,Regular
2416687,1,BTAM101-23,B+,Regular
2416687,1,BTEE101-18,B+,Regular
2416687,1,BTEE102-18,A+,Regular
2416687,1,BTME101-21,B+,Regular
2416687,1,BTPH101-23,B,Regular
2416687,1,BTPH102-23,A+,Regular
2416687,2,BMPD201-18,S,Regular
2416687,2,BTAM201-23,B+,Regular
2416687,2,BTCH101-23,A,Regular
2416687,2,BTCH102-18,A,Regular
2416687,2,BTHU101-18,A,Regular
2416687,2,BTHU102-18,B+,Regular
2416687,2,BTMP101-18,A+,Regular
2416687,2,BTPS101-18,A,Regular
2416687,2,BTPS102-18,A+,Regular
2416687,3,BTAM-302-23,B,Regular
2416687,3,BTCS301-18,B+,Regular
2416687,3,BTCS302-18,A,Regular
2416687,3,BTCS303-18,A,Regular
2416687,3,BTCS304-18,B+,Regular
2416687,3,BTCS305-18,B+,Regular
2416687,3,BTES301-18,B+,Regular
2416687,3,BTES302-18,A,Regular
2416687,3,HSMC10 1/102-18,P,Regular
2416687,3,SIT,S,Regular
2416687,4,BTCS-401-18,B+,Regular
2416687,4,BTCS-402-18,A,Regular
2416687,4,BTCS-403-18,A+,Regular
2416687,4,BTCS-404-18,P,Regular
2416687,4,BTCS-405-18,C,Regular
2416687,4,BTES-401-18,A,Regular
2416687,4,BTES-402-18,A,Regular
2416687,4,EVS 101-18,O,Regular
2416687,4,HSMC-122-18,B+,Regular
2416688,1,BMPD-101-18,S,Regular
2416688,1,BTAM101-23,B,Regular
2416688,1,BTEE101-18,B,Regular
2416688,1,BTEE102-18,A+,Regular
2416688,1,BTME101-21,B+,Regular
2416688,1,BTPH101-23,B,Regular
2416688,1,BTPH102-23,A+,Regular
2416688,2,BMPD201-18,S,Regular
2416688,2,BTAM201-23,F(Ext),Regular
2416688,2,BTCH101-23,F(Ext),Regular
2416688,2,BTCH102-18,B+,Regular
2416688,2,BTHU101-18,B+,Regular
2416688,2,BTHU102-18,B,Regular
2416688,2,BTMP101-18,A+,Regular
2416688,2,BTPS101-18,F(Ext),Regular
2416688,2,BTPS102-18,A,Regular
2416688,3,BTAM-302-23,F(Ext),Regular
2416688,3,BTCS301-18,C,Regular
2416688,3,BTCS302-18,B,Regular
2416688,3,BTCS303-18,A+,Regular
2416688,3,BTCS304-18,A+,Regular
2416688,3,BTCS305-18,B+,Regular
2416688,3,BTES301-18,F(Ext),Regular
2416688,3,BTES302-18,B+,Regular
2416688,3,HSMC10 1/102-18,B,Regular
2416688,3,SIT,S,Regular
2416688,4,BTCS-401-18,C,Regular
2416688,4,BTCS-402-18,C,Regular
2416688,4,BTCS-403-18,B+,Regular
2416688,4,BTCS-404-18,C,Regular
2416688,4,BTCS-405-18,A+,Regular
2416688,4,BTES-401-18,B,Regular
2416688,4,BTES-402-18,P,Regular
2416688,4,EVS 101-18,B+,Regular
2416688,4,HSMC-122-18,C,Regular
2416689,1,BMPD-101-18,S,Regular
2416689,1,BTAM101-23,F(Int)/Ab (Ext),Regular
2416689,1,BTEE101-18,F(Ext/Int),Regular
2416689,1,BTEE102-18,A,Regular
2416689,1,BTME101-21,B,Regular
2416689,1,BTPH101-23,F(Int)/Ab (Ext),Regular
2416689,1,BTPH102-23,A,Regular
2416689,2,BMPD201-18,S,Regular
2416689,2,BTAM201-23,F(Ext),Regular
2416689,2,BTCH101-23,F(Ext),Regular
2416689,2,BTCH102-18,Ab(Ext),Regular
2416689,2,BTHU101-18,B+,Regular
2416689,2,BTHU102-18,Ab(Ext),Regular
2416689,2,BTMP101-18,C,Regular
2416689,2,BTPS101-18,F(Ext),Regular
2416689,2,BTPS102-18,B+,Regular
2416689,3,BTAM-302-23,F(Ext),Regular
2416689,3,BTCS301-18,C,Regular
2416689,3,BTCS302-18,F(Ext),Regular
2416689,3,BTCS303-18,A,Regular
2416689,3,BTCS304-18,P,Regular
2416689,3,BTCS305-18,P,Regular
2416689,3,BTES301-18,F(Ext),Regular
2416689,3,BTES302-18,B,Regular
2416689,3,HSMC10 1/102-18,B,Regular
2416689,3,SIT,S,Regular
2416689,4,BTCS-401-18,C,Regular
2416689,4,BTCS-402-18,C,Regular
2416689,4,BTCS-403-18,B,Regular
2416689,4,BTCS-404-18,A,Regular
2416689,4,BTCS-405-18,A,Regular
2416689,4,BTES-401-18,F(Ext),Regular
2416689,4,BTES-402-18,B+,Regular
2416689,4,EVS 101-18,A,Regular
2416689,4,HSMC-122-18,B,Regular
2416690,2,BMPD201-18,S,Regular
2416690,2,BTAM201-23,B+,Regular
2416690,2,BTCH101-23,A,Regular
2416690,2,BTCH102-18,A+,Regular
2416690,2,BTHU101-18,A,Regular
2416690,2,BTHU102-18,A,Regular
2416690,2,BTMP101-18,A+,Regular
2416690,2,BTPS101-18,A,Regular
2416690,2,BTPS102-18,A+,Regular
2416690,3,BTAM-302-23,B,Regular
2416690,3,BTCS301-18,B+,Regular
2416690,3,BTCS302-18,A+,Regular
2416690,3,BTCS303-18,A+,Regular
2416690,3,BTCS304-18,A,Regular
2416690,3,BTCS305-18,A,Regular
2416690,3,BTES301-18,A,Regular
2416690,3,BTES302-18,A,Regular
2416690,3,HSMC10 1/102-18,B+,Regular
2416690,3,SIT,S,Regular
2416690,4,BTCS-401-18,A,Regular
2416690,4,BTCS-402-18,A,Regular
2416690,4,BTCS-403-18,A+,Regular
2416690,4,BTCS-404-18,A+,Regular
2416690,4,BTCS-405-18,A+,Regular
2416690,4,BTES-401-18,A,Regular
2416690,4,BTES-402-18,B+,Regular
2416690,4,EVS 101-18,A+,Regular
2416690,4,HSMC-122-18,B+,Regular
2416691,1,BMPD-101-18,S,Reappear
2416691,1,BTAM101-23,F(Ext),Reappear
2416691,1,BTEE101-18,B,Reappear
2416691,1,BTEE102-18,A,Reappear
2416691,1,BTME101-21,B+,Reappear
2416691,1,BTPH101-23,C,Reappear
2416691,1,BTPH102-23,A+,Reappear
2416691,2,BMPD201-18,S,Reappear
2416691,2,BTAM201-23,P,Reappear
2416691,2,BTCH101-23,B,Reappear
2416691,2,BTCH102-18,B+,Reappear
2416691,2,BTHU101-18,A,Reappear
2416691,2,BTHU102-18,A+,Reappear
2416691,2,BTMP101-18,A,Reappear
2416691,2,BTPS101-18,B,Reappear
2416691,2,BTPS102-18,A,Reappear
2416691,3,BTAM-302-23,C,Regular
2416691,3,BTCS301-18,B,Regular
2416691,3,BTCS302-18,F(Ext),Regular
2416691,3,BTCS303-18,A+,Regular
2416691,3,BTCS304-18,B+,Regular
2416691,3,BTCS305-18,A,Regular
2416691,3,BTES301-18,F(Ext),Regular
2416691,3,BTES302-18,P,Regular
2416691,3,HSMC10 1/102-18,B,Regular
2416691,3,SIT,S,Regular
2416691,4,BTCS-401-18,B,Regular
2416691,4,BTCS-402-18,B,Regular
2416691,4,BTCS-403-18,B+,Regular
2416691,4,BTCS-404-18,O,Regular
2416691,4,BTCS-405-18,A+,Regular
2416691,4,BTES-401-18,C,Regular
2416691,4,BTES-402-18,C,Regular
2416691,4,EVS 101-18,A,Regular
2416691,4,HSMC-122-18,B,Regular
2416692,1,BMPD-101-18,S,Reappear
2416692,1,BTAM101-23,F(Ext),Reappear
2416692,1,BTEE101-18,B,Reappear
2416692,1,BTEE102-18,A+,Reappear
2416692,1,BTME101-21,A,Reappear
2416692,1,BTPH101-23,B,Reappear
2416692,1,BTPH102-23,A+,Reappear
2416692,2,BMPD201-18,S,Reappear
2416692,2,BTAM201-23,B,Reappear
2416692,2,BTCH101-23,B,Reappear
2416692,2,BTCH102-18,A+,Reappear
2416692,2,BTHU101-18,B+,Reappear
2416692,2,BTHU102-18,A,Reappear
2416692,2,BTMP101-18,A+,Reappear
2416692,2,BTPS101-18,B,Reappear
2416692,2,BTPS102-18,A+,Reappear
2416692,3,BTAM-302-23,B,Regular
2416692,3,BTCS301-18,B,Regular
2416692,3,BTCS302-18,F(Ext),Regular
2416692,3,BTCS303-18,B+,Regular
2416692,3,BTCS304-18,A,Regular
2416692,3,BTCS305-18,B,Regular
2416692,3,BTES301-18,P,Regular
2416692,3,BTES302-18,B+,Regular
2416692,3,HSMC10 1/102-18,A,Regular
2416692,3,SIT,S,Regular
2416692,4,BTCS-401-18,B+,Regular
2416692,4,BTCS-402-18,B,Regular
2416692,4,BTCS-403-18,B+,Regular
2416692,4,BTCS-404-18,A,Regular
2416692,4,BTCS-405-18,A+,Regular
2416692,4,BTES-401-18,B,Regular
2416692,4,BTES-402-18,B+,Regular
2416692,4,EVS 101-18,B+,Regular
2416692,4,HSMC-122-18,B+,Regular
2416693,1,BMPD-101-18,S,Regular
2416693,1,BTAM101-23,B+,Regular
2416693,1,BTEE101-18,B+,Regular
2416693,1,BTEE102-18,A+,Regular
2416693,1,BTME101-21,A+,Regular
2416693,1,BTPH101-23,B+,Regular
2416693,1,BTPH102-23,A+,Regular
2416693,2,BMPD201-18,S,Regular
2416693,2,BTAM201-23,B,Regular
2416693,2,BTCH101-23,A+,Regular
2416693,2,BTCH102-18,A+,Regular
2416693,2,BTHU101-18,A+,Regular
2416693,2,BTHU102-18,O,Regular
2416693,2,BTMP101-18,O,Regular
2416693,2,BTPS101-18,A,Regular
2416693,2,BTPS102-18,A+,Regular
2416693,3,BTAM-302-23,B+,Regular
2416693,3,BTCS301-18,A+,Regular
2416693,3,BTCS302-18,A,Regular
2416693,3,BTCS303-18,O,Regular
2416693,3,BTCS304-18,A+,Regular
2416693,3,BTCS305-18,A,Regular
2416693,3,BTES301-18,B+,Regular
2416693,3,BTES302-18,A+,Regular
2416693,3,HSMC10 1/102-18,A+,Regular
2416693,3,SIT,S,Regular
2416693,4,BTCS-401-18,A+,Regular
2416693,4,BTCS-402-18,A+,Regular
2416693,4,BTCS-403-18,A+,Regular
2416693,4,BTCS-404-18,O,Regular
2416693,4,BTCS-405-18,O,Regular
2416693,4,BTES-401-18,A+,Regular
2416693,4,BTES-402-18,O,Regular
2416693,4,EVS 101-18,O,Regular
2416693,4,HSMC-122-18,A+,Regular
2416694,1,BMPD-101-18,S,Regular
2416694,1,BTAM101-23,B+,Regular
2416694,1,BTEE101-18,A,Regular
2416694,1,BTEE102-18,O,Regular
2416694,1,BTME101-21,A+,Regular
2416694,1,BTPH101-23,A+,Regular
2416694,1,BTPH102-23,O,Regular
2416694,2,BMPD201-18,S,Regular
2416694,2,BTAM201-23,A,Regular
2416694,2,BTCH101-23,A+,Regular
2416694,2,BTCH102-18,O,Regular
2416694,2,BTHU101-18,A+,Regular
2416694,2,BTHU102-18,A+,Regular
2416694,2,BTMP101-18,O,Regular
2416694,2,BTPS101-18,A+,Regular
2416694,2,BTPS102-18,O,Regular
2416694,3,BTAM-302-23,A+,Regular
2416694,3,BTCS301-18,A+,Regular
2416694,3,BTCS302-18,A+,Regular
2416694,3,BTCS303-18,O,Regular
2416694,3,BTCS304-18,O,Regular
2416694,3,BTCS305-18,A,Regular
2416694,3,BTES301-18,A+,Regular
2416694,3,BTES302-18,O,Regular
2416694,3,HSMC10 1/102-18,A+,Regular
2416694,3,SIT,S,Regular
2416694,4,BTCS-401-18,A,Regular
2416694,4,BTCS-402-18,A,Regular
2416694,4,BTCS-403-18,A+,Regular
2416694,4,BTCS-404-18,O,Regular
2416694,4,BTCS-405-18,O,Regular
2416694,4,BTES-401-18,A+,Regular
2416694,4,BTES-402-18,O,Regular
2416694,4,EVS 101-18,O,Regular
2416694,4,HSMC-122-18,A+,Regular
2416695,1,BMPD-101-18,S,Reappear
2416695,1,BTAM101-23,B+,Reappear
2416695,1,BTEE101-18,B,Reappear
2416695,1,BTEE102-18,A+,Reappear
2416695,1,BTME101-21,A+,Reappear
2416695,1,BTPH101-23,B,Reappear
2416695,1,BTPH102-23,A+,Reappear
2416695,2,BMPD201-18,S,Regular
2416695,2,BTAM201-23,B,Regular
2416695,2,BTCH101-23,B,Regular
2416695,2,BTCH102-18,A,Regular
2416695,2,BTHU101-18,B+,Regular
2416695,2,BTHU102-18,A+,Regular
2416695,2,BTMP101-18,O,Regular
2416695,2,BTPS101-18,B,Regular
2416695,2,BTPS102-18,A,Regular
2416695,3,BTAM-302-23,B,Regular
2416695,3,BTCS301-18,F(Ext),Regular
2416695,3,BTCS302-18,F(Ext),Regular
2416695,3,BTCS303-18,A,Regular
2416695,3,BTCS304-18,B+,Regular
2416695,3,BTCS305-18,A,Regular
2416695,3,BTES301-18,C,Regular
2416695,3,BTES302-18,A,Regular
2416695,3,HSMC10 1/102-18,B,Regular
2416695,3,SIT,S,Regular
2416695,4,BTCS-401-18,B,Regular
2416695,4,BTCS-402-18,F(Ext),Regular
2416695,4,BTCS-403-18,F(Ext),Regular
2416695,4,BTCS-404-18,A+,Regular
2416695,4,BTCS-405-18,A+,Regular
2416695,4,BTES-401-18,B,Regular
2416695,4,BTES-402-18,A,Regular
2416695,4,EVS 101-18,C,Regular
2416695,4,HSMC-122-18,F(Ext),Regular
2416696,2,BMPD201-18,S,Regular
2416696,2,BTAM201-23,A+,Regular
2416696,2,BTCH101-23,A+,Regular
2416696,2,BTCH102-18,O,Regular
2416696,2,BTHU101-18,A+,Regular
2416696,2,BTHU102-18,O,Regular
2416696,2,BTMP101-18,O,Regular
2416696,2,BTPS101-18,A+,Regular
2416696,2,BTPS102-18,O,Regular
2416696,3,BTAM-302-23,A+,Regular
2416696,3,BTCS301-18,A+,Regular
2416696,3,BTCS302-18,O,Regular
2416696,3,BTCS303-18,O,Regular
2416696,3,BTCS304-18,O,Regular
2416696,3,BTCS305-18,A+,Regular
2416696,3,BTES301-18,A,Regular
2416696,3,BTES302-18,O,Regular
2416696,3,HSMC10 1/102-18,A,Regular
2416696,3,SIT,S,Regular
2416696,4,BTCS-401-18,A+,Regular
2416696,4,BTCS-402-18,A+,Regular
2416696,4,BTCS-403-18,A+,Regular
2416696,4,BTCS-404-18,O,Regular
2416696,4,BTCS-405-18,O,Regular
2416696,4,BTES-401-18,A+,Regular
2416696,4,BTES-402-18,O,Regular
2416696,4,EVS 101-18,O,Regular
2416696,4,HSMC-122-18,A,Regular
2416697,1,BMPD-101-18,S,Reappear
2416697,1,BTAM101-23,P,Reappear
2416697,1,BTEE101-18,C,Reappear
2416697,1,BTEE102-18,A+,Reappear
2416697,1,BTME101-21,B,Reappear
2416697,1,BTPH101-23,P,Reappear
2416697,1,BTPH102-23,A+,Reappear
2416697,2,BMPD201-18,S,Regular
2416697,2,BTAM201-23,F(Int)/Ab (Ext),Regular
2416697,2,BTCH101-23,F(Int)/Ab (Ext),Regular
2416697,2,BTCH102-18,B+,Regular
2416697,2,BTHU101-18,F(Int)/Ab (Ext),Regular
2416697,2,BTHU102-18,Ab(Ext),Regular
2416697,2,BTMP101-18,Ab(Ext),Regular
2416697,2,BTPS101-18,F(Int)/Ab (Ext),Regular
2416697,2,BTPS102-18,Ab(Ext),Regular
2416697,3,BTAM-302-23,F(Ext),Regular
2416697,3,BTCS301-18,F(Ext),Regular
2416697,3,BTCS302-18,B,Regular
2416697,3,BTCS303-18,A+,Regular
2416697,3,BTCS304-18,B+,Regular
2416697,3,BTCS305-18,B+,Regular
2416697,3,BTES301-18,F(Ext),Regular
2416697,3,BTES302-18,A,Regular
2416697,3,HSMC10 1/102-18,B,Regular
2416697,3,SIT,S,Regular
2416697,4,BTCS-401-18,F(Ext),Regular
2416697,4,BTCS-402-18,B,Regular
2416697,4,BTCS-403-18,B,Regular
2416697,4,BTCS-404-18,O,Regular
2416697,4,BTCS-405-18,A,Regular
2416697,4,BTES-401-18,P,Regular
2416697,4,BTES-402-18,B,Regular
2416697,4,EVS 101-18,A,Regular
2416697,4,HSMC-122-18,C,Regular
2416698,1,BMPD-101-18,S,Regular
2416698,1,BTAM101-23,F(Ext),Regular
2416698,1,BTEE101-18,F(Ext),Regular
2416698,1,BTEE102-18,A+,Regular
2416698,1,BTME101-21,A+,Regular
2416698,1,BTPH101-23,F(Ext),Regular
2416698,1,BTPH102-23,A+,Regular
2416698,2,BMPD201-18,S,Reappear
2416698,2,BTAM201-23,B,Reappear
2416698,2,BTCH101-23,B,Reappear
2416698,2,BTCH102-18,A+,Reappear
2416698,2,BTHU101-18,B+,Reappear
2416698,2,BTHU102-18,A+,Reappear
2416698,2,BTMP101-18,A+,Reappear
2416698,2,BTPS101-18,B,Reappear
2416698,2,BTPS102-18,A,Reappear
2416698,3,BTAM-302-23,B,Regular
2416698,3,BTCS301-18,B+,Regular
2416698,3,BTCS302-18,A+,Regular
2416698,3,BTCS303-18,B+,Regular
2416698,3,BTCS304-18,A,Regular
2416698,3,BTCS305-18,B,Regular
2416698,3,BTES301-18,B+,Regular
2416698,3,BTES302-18,A,Regular
2416698,3,HSMC10 1/102-18,B,Regular
2416698,3,SIT,S,Regular
2416698,4,BTCS-401-18,B+,Regular
2416698,4,BTCS-402-18,B+,Regular
2416698,4,BTCS-403-18,B+,Regular
2416698,4,BTCS-404-18,A+,Regular
2416698,4,BTCS-405-18,A+,Regular
2416698,4,BTES-401-18,B+,Regular
2416698,4,BTES-402-18,A,Regular
2416698,4,EVS 101-18,A+,Regular
2416698,4,HSMC-122-18,B,Regular
2416699,1,BMPD-101-18,S,Regular
2416699,1,BTAM101-23,A,Regular
2416699,1,BTEE101-18,A,Regular
2416699,1,BTEE102-18,O,Regular
2416699,1,BTME101-21,A+,Regular
2416699,1,BTPH101-23,A+,Regular
2416699,1,BTPH102-23,A+,Regular
2416699,2,BMPD201-18,S,Regular
2416699,2,BTAM201-23,B+,Regular
2416699,2,BTCH101-23,A+,Regular
2416699,2,BTCH102-18,O,Regular
2416699,2,BTHU101-18,A,Regular
2416699,2,BTHU102-18,A+,Regular
2416699,2,BTMP101-18,O,Regular
2416699,2,BTPS101-18,A,Regular
2416699,2,BTPS102-18,A+,Regular
2416699,3,BTAM-302-23,B+,Regular
2416699,3,BTCS301-18,A,Regular
2416699,3,BTCS302-18,A+,Regular
2416699,3,BTCS303-18,A+,Regular
2416699,3,BTCS304-18,A,Regular
2416699,3,BTCS305-18,A+,Regular
2416699,3,BTES301-18,A,Regular
2416699,3,BTES302-18,O,Regular
2416699,3,HSMC10 1/102-18,A,Regular
2416699,3,SIT,S,Regular
2416699,4,BTCS-401-18,A,Regular
2416699,4,BTCS-402-18,A+,Regular
2416699,4,BTCS-403-18,A+,Regular
2416699,4,BTCS-404-18,A,Regular
2416699,4,BTCS-405-18,O,Regular
2416699,4,BTES-401-18,A+,Regular
2416699,4,BTES-402-18,A,Regular
2416699,4,EVS 101-18,O,Regular
2416699,4,HSMC-122-18,A,Regular
2416700,1,BMPD-101-18,S,Reappear
2416700,1,BTAM101-23,P,Reappear
2416700,1,BTEE101-18,F(Ext),Reappear
2416700,1,BTEE102-18,A+,Reappear
2416700,1,BTME101-21,B,Reappear
2416700,1,BTPH101-23,P,Reappear
2416700,1,BTPH102-23,A+,Reappear
2416700,2,BMPD201-18,S,Reappear
2416700,2,BTAM201-23,F(Ext),Reappear
2416700,2,BTCH101-23,F(Ext),Reappear
2416700,2,BTCH102-18,A,Reappear
2416700,2,BTHU101-18,B+,Reappear
2416700,2,BTHU102-18,A,Reappear
2416700,2,BTMP101-18,B+,Reappear
2416700,2,BTPS101-18,C,Reappear
2416700,2,BTPS102-18,A,Reappear
2416700,3,BTAM-302-23,C,Regular
2416700,3,BTCS301-18,C,Regular
2416700,3,BTCS302-18,F(Ext),Regular
2416700,3,BTCS303-18,B,Regular
2416700,3,BTCS304-18,A,Regular
2416700,3,BTCS305-18,A,Regular
2416700,3,BTES301-18,C,Regular
2416700,3,BTES302-18,A,Regular
2416700,3,HSMC10 1/102-18,B+,Regular
2416700,3,SIT,S,Regular
2416701,2,BMPD201-18,S,Reappear
2416701,2,BTAM201-23,F(Ext),Reappear
2416701,2,BTCH101-23,B,Reappear
2416701,2,BTCH102-18,A,Reappear
2416701,2,BTHU101-18,A,Reappear
2416701,2,BTHU102-18,O,Reappear
2416701,2,BTMP101-18,A+,Reappear
2416701,2,BTPS101-18,B+,Reappear
2416701,2,BTPS102-18,A+,Reappear
2416701,3,BTAM-302-23,B,Regular
2416701,3,BTCS301-18,C,Regular
2416701,3,BTCS302-18,F(Ext),Regular
2416701,3,BTCS303-18,B+,Regular
2416701,3,BTCS304-18,B+,Regular
2416701,3,BTCS305-18,B+,Regular
2416701,3,BTES301-18,P,Regular
2416701,3,BTES302-18,A,Regular
2416701,3,HSMC10 1/102-18,B+,Regular
2416701,3,SIT,S,Regular
2416701,4,BTCS-401-18,F(Ext),Regular
2416701,4,BTCS-402-18,B+,Regular
2416701,4,BTCS-403-18,A,Regular
2416701,4,BTCS-404-18,A,Regular
2416701,4,BTCS-405-18,A,Regular
2416701,4,BTES-401-18,B,Regular
2416701,4,BTES-402-18,P,Regular
2416701,4,EVS 101-18,A+,Regular
2416701,4,HSMC-122-18,B+,Regular
2416703,1,BMPD-101-18,S,Reappear
2416703,1,BTAM101-23,C,Reappear
2416703,1,BTEE101-18,B+,Reappear
2416703,1,BTEE102-18,A+,Reappear
2416703,1,BTME101-21,A+,Reappear
2416703,1,BTPH101-23,B+,Reappear
2416703,1,BTPH102-23,A+,Reappear
2416703,2,BMPD201-18,S,Reappear
2416703,2,BTAM201-23,B+,Reappear
2416703,2,BTCH101-23,B+,Reappear
2416703,2,BTCH102-18,A+,Reappear
2416703,2,BTHU101-18,A,Reappear
2416703,2,BTHU102-18,A+,Reappear
2416703,2,BTMP101-18,A,Reappear
2416703,2,BTPS101-18,B,Reappear
2416703,2,BTPS102-18,A+,Reappear
2416703,3,BTAM-302-23,A,Regular
2416703,3,BTCS301-18,A+,Regular
2416703,3,BTCS302-18,A,Regular
2416703,3,BTCS303-18,A,Regular
2416703,3,BTCS304-18,A,Regular
2416703,3,BTCS305-18,A,Regular
2416703,3,BTES301-18,B,Regular
2416703,3,BTES302-18,A,Regular
2416703,3,HSMC10 1/102-18,B+,Regular
2416703,3,SIT,S,Regular
2416703,4,BTCS-401-18,B+,Regular
2416703,4,BTCS-402-18,A,Regular
2416703,4,BTCS-403-18,B+,Regular
2416703,4,BTCS-404-18,A,Regular
2416703,4,BTCS-405-18,A+,Regular
2416703,4,BTES-401-18,B,Regular
2416703,4,BTES-402-18,A,Regular
2416703,4,EVS 101-18,A,Regular
2416703,4,HSMC-122-18,B,Regular
2416704,1,BMPD-101-18,S,Reappear
2416704,1,BTAM101-23,F(Int),Reappear
2416704,1,BTEE101-18,Ab(Ext),Reappear
2416704,1,BTEE102-18,Ab(Ext),Reappear
2416704,1,BTME101-21,B,Reappear
2416704,1,BTPH101-23,C,Reappear
2416704,1,BTPH102-23,Ab(Ext),Reappear
2416704,2,BMPD201-18,S,Regular
2416704,2,BTAM201-23,F(Ext),Regular
2416704,2,BTCH101-23,C,Regular
2416704,2,BTCH102-18,Ab(Ext),Regular
2416704,2,BTHU101-18,A,Regular
2416704,2,BTHU102-18,Ab(Ext),Regular
2416704,2,BTMP101-18,Ab(Ext),Regular
2416704,2,BTPS101-18,B,Regular
2416704,2,BTPS102-18,Ab(Ext),Regular
2416704,3,BTCS301-18,F(Int)/Ab (Ext),Regular
2416704,3,BTCS302-18,F(Int)/Ab (Ext),Regular
2416704,3,BTCS303-18,F(Int)/Ab (Ext),Regular
2416704,3,BTCS304-18,F(Int)/Ab (Ext),Regular
2416704,3,BTCS305-18,F(Int)/Ab (Ext),Regular
2416704,3,BTES301-18,F(Int)/Ab (Ext),Regular
2416704,3,BTES302-18,F(Int)/Ab (Ext),Regular
2416704,3,HSMC10 1/102-18,F(Int)/Ab (Ext),Regular
2416704,3,SIT,S,Regular
2416704,4,BTCS-401-18,F(Int)/Ab (Ext),Regular
2416704,4,BTCS-402-18,F(Int)/Ab (Ext),Regular
2416704,4,BTCS-403-18,F(Int)/Ab (Ext),Regular
2416704,4,BTCS-404-18,F(Int)/Ab (Ext),Regular
2416704,4,BTCS-405-18,F(Int)/Ab (Ext),Regular
2416704,4,BTES-401-18,F(Int)/Ab (Ext),Regular
2416704,4,BTES-402-18,F(Int)/Ab (Ext),Regular
2416704,4,EVS 101-18,F(Int),Regular
2416704,4,HSMC-122-18,F(Int)/Ab (Ext),Regular
2416705,2,BMPD201-18,S,Reappear
2416705,2,BTAM201-23,B,Reappear
2416705,2,BTCH101-23,B,Reappear
2416705,2,BTCH102-18,A,Reappear
2416705,2,BTHU101-18,A,Reappear
2416705,2,BTHU102-18,A+,Reappear
2416705,2,BTMP101-18,A+,Reappear
2416705,2,BTPS101-18,B+,Reappear
2416705,2,BTPS102-18,A+,Reappear
2416705,3,BTAM-302-23,B+,Regular
2416705,3,BTCS301-18,A,Regular
2416705,3,BTCS302-18,A+,Regular
2416705,3,BTCS303-18,A,Regular
2416705,3,BTCS304-18,A,Regular
2416705,3,BTCS305-18,A,Regular
2416705,3,BTES301-18,B,Regular
2416705,3,BTES302-18,A,Regular
2416705,3,HSMC10 1/102-18,B,Regular
2416705,3,SIT,S,Regular
2416706,1,BMPD-101-18,S,Regular
2416706,1,BTAM101-23,A,Regular
2416706,1,BTEE101-18,A,Regular
2416706,1,BTEE102-18,A+,Regular
2416706,1,BTME101-21,A+,Regular
2416706,1,BTPH101-23,B+,Regular
2416706,1,BTPH102-23,A+,Regular
2416706,2,BMPD201-18,S,Regular
2416706,2,BTAM201-23,B+,Regular
2416706,2,BTCH101-23,A,Regular
2416706,2,BTCH102-18,A+,Regular
2416706,2,BTHU101-18,A,Regular
2416706,2,BTHU102-18,A+,Regular
2416706,2,BTMP101-18,A+,Regular
2416706,2,BTPS101-18,B+,Regular
2416706,2,BTPS102-18,A+,Regular
2416706,3,BTAM-302-23,B+,Regular
2416706,3,BTCS301-18,B+,Regular
2416706,3,BTCS302-18,A,Regular
2416706,3,BTCS303-18,A,Regular
2416706,3,BTCS304-18,A+,Regular
2416706,3,BTCS305-18,A,Regular
2416706,3,BTES301-18,B+,Regular
2416706,3,BTES302-18,A+,Regular
2416706,3,HSMC10 1/102-18,B+,Regular
2416706,3,SIT,S,Regular
2416707,1,BMPD-101-18,S,Regular
2416707,1,BTAM101-23,A,Regular
2416707,1,BTEE101-18,B+,Regular
2416707,1,BTEE102-18,O,Regular
2416707,1,BTME101-21,O,Regular
2416707,1,BTPH101-23,A,Regular
2416707,1,BTPH102-23,O,Regular
2416707,2,BMPD201-18,S,Regular
2416707,2,BTAM201-23,B+,Regular
2416707,2,BTCH101-23,A+,Regular
2416707,2,BTCH102-18,O,Regular
2416707,2,BTHU101-18,A,Regular
2416707,2,BTHU102-18,A+,Regular
2416707,2,BTMP101-18,O,Regular
2416707,2,BTPS101-18,A,Regular
2416707,2,BTPS102-18,A+,Regular
2416707,3,BTAM-302-23,B+,Regular
2416707,3,BTCS301-18,A+,Regular
2416707,3,BTCS302-18,A+,Regular
2416707,3,BTCS303-18,O,Regular
2416707,3,BTCS304-18,O,Regular
2416707,3,BTCS305-18,O,Regular
2416707,3,BTES301-18,A,Regular
2416707,3,BTES302-18,O,Regular
2416707,3,HSMC10 1/102-18,A,Regular
2416707,3,SIT,S,Regular
2416707,4,BTCS-401-18,A,Regular
2416707,4,BTCS-402-18,A+,Regular
2416707,4,BTCS-403-18,A+,Regular
2416707,4,BTCS-404-18,O,Regular
2416707,4,BTCS-405-18,O,Regular
2416707,4,BTES-401-18,A+,Regular
2416707,4,BTES-402-18,O,Regular
2416707,4,EVS 101-18,O,Regular
2416707,4,HSMC-122-18,A,Regular
2416708,1,BMPD-101-18,S,Reappear
2416708,1,BTAM101-23,Ab(Ext),Reappear
2416708,1,BTEE101-18,F(Ext),Reappear
2416708,1,BTEE102-18,Ab(Ext),Reappear
2416708,1,BTME101-21,B,Reappear
2416708,1,BTPH101-23,F(Ext),Reappear
2416708,1,BTPH102-23,Ab(Ext),Reappear
2416708,2,BMPD201-18,S,Regular
2416708,2,BTAM201-23,F(Int)/Ab (Ext),Regular
2416708,2,BTCH101-23,F(Int)/Ab (Ext),Regular
2416708,2,BTCH102-18,Ab(Ext),Regular
2416708,2,BTHU101-18,F(Int)/Ab (Ext),Regular
2416708,2,BTHU102-18,Ab(Ext),Regular
2416708,2,BTMP101-18,Ab(Ext),Regular
2416708,2,BTPS101-18,F(Int)/Ab (Ext),Regular
2416708,2,BTPS102-18,Ab(Ext),Regular
2416708,3,BTAM-302-23,F(Ext),Regular
2416708,3,BTCS301-18,Ab(Ext),Regular
2416708,3,BTCS302-18,Ab(Ext),Regular
2416708,3,BTCS303-18,Ab(Ext),Regular
2416708,3,BTCS304-18,Ab(Ext),Regular
2416708,3,BTCS305-18,F(Int)/Ab (Ext),Regular
2416708,3,BTES301-18,F(Int)/Ab (Ext),Regular
2416708,3,BTES302-18,F(Int)/Ab (Ext),Regular
2416708,3,HSMC10 1/102-18,Ab(Ext),Regular
2416708,3,SIT,S,Regular
2416708,4,BTCS-401-18,F(Int)/Ab (Ext),Regular
2416708,4,BTCS-402-18,F(Int)/Ab (Ext),Regular
2416708,4,BTCS-403-18,F(Int)/Ab (Ext),Regular
2416708,4,BTCS-404-18,F(Int)/Ab (Ext),Regular
2416708,4,BTCS-405-18,F(Int)/Ab (Ext),Regular
2416708,4,BTES-401-18,F(Int)/Ab (Ext),Regular
2416708,4,BTES-402-18,F(Int)/Ab (Ext),Regular
2416708,4,EVS 101-18,F(Int),Regular
2416708,4,HSMC-122-18,F(Int)/Ab (Ext),Regular
2416709,1,BMPD-101-18,S,Regular
2416709,1,BTAM101-23,A,Regular
2416709,1,BTEE101-18,B+,Regular
2416709,1,BTEE102-18,A+,Regular
2416709,1,BTME101-21,A+,Regular
2416709,1,BTPH101-23,B+,Regular
2416709,1,BTPH102-23,A+,Regular
2416709,2,BMPD201-18,S,Regular
2416709,2,BTAM201-23,B+,Regular
2416709,2,BTCH101-23,A,Regular
2416709,2,BTCH102-18,A,Regular
2416709,2,BTHU101-18,A,Regular
2416709,2,BTHU102-18,B+,Regular
2416709,2,BTMP101-18,A+,Regular
2416709,2,BTPS101-18,A,Regular
2416709,2,BTPS102-18,A+,Regular
2416709,3,BTAM-302-23,B+,Regular
2416709,3,BTCS301-18,B+,Regular
2416709,3,BTCS302-18,A,Regular
2416709,3,BTCS303-18,A,Regular
2416709,3,BTCS304-18,A,Regular
2416709,3,BTCS305-18,B+,Regular
2416709,3,BTES301-18,B+,Regular
2416709,3,BTES302-18,A,Regular
2416709,3,HSMC10 1/102-18,A,Regular
2416709,3,SIT,S,Regular
2416710,1,BMPD-101-18,S,Regular
2416710,1,BTAM101-23,B,Regular
2416710,1,BTEE101-18,B+,Regular
2416710,1,BTEE102-18,A+,Regular
2416710,1,BTME101-21,A+,Regular
2416710,1,BTPH101-23,B,Regular
2416710,1,BTPH102-23,A+,Regular
2416710,2,BMPD201-18,S,Regular
2416710,2,BTAM201-23,B,Regular
2416710,2,BTCH101-23,A,Regular
2416710,2,BTCH102-18,A+,Regular
2416710,2,BTHU101-18,B+,Regular
2416710,2,BTHU102-18,A,Regular
2416710,2,BTMP101-18,A,Regular
2416710,2,BTPS101-18,B+,Regular
2416710,2,BTPS102-18,A+,Regular
2416711,1,BMPD-101-18,S,Regular
2416711,1,BTAM101-23,B,Regular
2416711,1,BTEE101-18,A,Regular
2416711,1,BTEE102-18,O,Regular
2416711,1,BTME101-21,A+,Regular
2416711,1,BTPH101-23,B+,Regular
2416711,1,BTPH102-23,A+,Regular
2416711,2,BMPD201-18,S,Regular
2416711,2,BTAM201-23,B+,Regular
2416711,2,BTCH101-23,A,Regular
2416711,2,BTCH102-18,A+,Regular
2416711,2,BTHU101-18,A,Regular
2416711,2,BTHU102-18,A,Regular
2416711,2,BTMP101-18,A,Regular
2416711,2,BTPS101-18,B+,Regular
2416711,2,BTPS102-18,A+,Regular
2416711,3,BTAM-302-23,B,Regular
2416711,3,BTCS301-18,B+,Regular
2416711,3,BTCS302-18,A+,Regular
2416711,3,BTCS303-18,B+,Regular
2416711,3,BTCS304-18,A,Regular
2416711,3,BTCS305-18,B+,Regular
2416711,3,BTES301-18,B+,Regular
2416711,3,BTES302-18,A,Regular
2416711,3,HSMC10 1/102-18,A,Regular
2416711,3,SIT,S,Regular
2416712,1,BMPD-101-18,S,Reappear
2416712,1,BTAM101-23,C,Reappear
2416712,1,BTEE101-18,B,Reappear
2416712,1,BTEE102-18,A+,Reappear
2416712,1,BTME101-21,A+,Reappear
2416712,1,BTPH101-23,B+,Reappear
2416712,1,BTPH102-23,A+,Reappear
2416712,2,BMPD201-18,S,Regular
2416712,2,BTAM201-23,B,Regular
2416712,2,BTCH101-23,B+,Regular
2416712,2,BTCH102-18,A+,Regular
2416712,2,BTHU101-18,A,Regular
2416712,2,BTHU102-18,O,Regular
2416712,2,BTMP101-18,A+,Regular
2416712,2,BTPS101-18,B,Regular
2416712,2,BTPS102-18,A+,Regular
2416712,3,BTAM-302-23,B,Regular
2416712,3,BTCS301-18,A+,Regular
2416712,3,BTCS302-18,B+,Regular
2416712,3,BTCS303-18,A+,Regular
2416712,3,BTCS304-18,A+,Regular
2416712,3,BTCS305-18,A,Regular
2416712,3,BTES301-18,B+,Regular
2416712,3,BTES302-18,B+,Regular
2416712,3,HSMC10 1/102-18,B+,Regular
2416712,3,SIT,S,Regular
2416712,4,BTCS-401-18,A,Regular
2416712,4,BTCS-402-18,A+,Regular
2416712,4,BTCS-403-18,A+,Regular
2416712,4,BTCS-404-18,O,Regular
2416712,4,BTCS-405-18,A+,Regular
2416712,4,BTES-401-18,A,Regular
2416712,4,BTES-402-18,A,Regular
2416712,4,EVS 101-18,O,Regular
2416712,4,HSMC-122-18,A,Regular
2416713,1,BMPD-101-18,S,Regular
2416713,1,BTAM101-23,B,Regular
2416713,1,BTEE101-18,B+,Regular
2416713,1,BTEE102-18,A+,Regular
2416713,1,BTME101-21,A+,Regular
2416713,1,BTPH101-23,B,Regular
2416713,1,BTPH102-23,A+,Regular
2416713,2,BMPD201-18,S,Regular
2416713,2,BTAM201-23,C,Regular
2416713,2,BTCH101-23,B+,Regular
2416713,2,BTCH102-18,A+,Regular
2416713,2,BTHU101-18,A,Regular
2416713,2,BTHU102-18,A+,Regular
2416713,2,BTMP101-18,O,Regular
2416713,2,BTPS101-18,B+,Regular
2416713,2,BTPS102-18,A+,Regular
2416713,3,BTAM-302-23,B+,Regular
2416713,3,BTCS301-18,A,Regular
2416713,3,BTCS302-18,A,Regular
2416713,3,BTCS303-18,A+,Regular
2416713,3,BTCS304-18,A+,Regular
2416713,3,BTCS305-18,A,Regular
2416713,3,BTES301-18,B,Regular
2416713,3,BTES302-18,A+,Regular
2416713,3,HSMC10 1/102-18,A,Regular
2416713,3,SIT,S,Regular
2416713,4,BTCS-401-18,B+,Regular
2416713,4,BTCS-402-18,A,Regular
2416713,4,BTCS-403-18,A,Regular
2416713,4,BTCS-404-18,A+,Regular
2416713,4,BTCS-405-18,A+,Regular
2416713,4,BTES-401-18,B+,Regular
2416713,4,BTES-402-18,B+,Regular
2416713,4,EVS 101-18,A+,Regular
2416713,4,HSMC-122-18,B,Regular
2416714,1,BMPD-101-18,S,Regular
2416714,1,BTAM101-23,B+,Regular
2416714,1,BTEE101-18,B,Regular
2416714,1,BTEE102-18,O,Regular
2416714,1,BTME101-21,A+,Regular
2416714,1,BTPH101-23,B,Regular
2416714,1,BTPH102-23,O,Regular
2416714,2,BMPD201-18,S,Regular
2416714,2,BTAM201-23,B+,Regular
2416714,2,BTCH101-23,A,Regular
2416714,2,BTCH102-18,A+,Regular
2416714,2,BTHU101-18,A,Regular
2416714,2,BTHU102-18,A+,Regular
2416714,2,BTMP101-18,A+,Regular
2416714,2,BTPS101-18,B+,Regular
2416714,2,BTPS102-18,A+,Regular
2416714,4,BTCS-401-18,B+,Regular
2416714,4,BTCS-402-18,A,Regular
2416714,4,BTCS-403-18,A,Regular
2416714,4,BTCS-404-18,O,Regular
2416714,4,BTCS-405-18,A+,Regular
2416714,4,BTES-401-18,A,Regular
2416714,4,BTES-402-18,B+,Regular
2416714,4,EVS 101-18,B+,Regular
2416714,4,HSMC-122-18,B,Regular
2416715,1,BMPD-101-18,S,Regular
2416715,1,BTAM101-23,C,Regular
2416715,1,BTEE101-18,B,Regular
2416715,1,BTEE102-18,A+,Regular
2416715,1,BTME101-21,A+,Regular
2416715,1,BTPH101-23,B+,Regular
2416715,1,BTPH102-23,A+,Regular
2416715,2,BMPD201-18,S,Regular
2416715,2,BTAM201-23,B+,Regular
2416715,2,BTCH101-23,B+,Regular
2416715,2,BTCH102-18,A+,Regular
2416715,2,BTHU101-18,A,Regular
2416715,2,BTHU102-18,A+,Regular
2416715,2,BTMP101-18,O,Regular
2416715,2,BTPS101-18,B+,Regular
2416715,2,BTPS102-18,O,Regular
2416715,4,BTCS-401-18,B+,Regular
2416715,4,BTCS-402-18,A,Regular
2416715,4,BTCS-403-18,A+,Regular
2416715,4,BTCS-404-18,O,Regular
2416715,4,BTCS-405-18,O,Regular
2416715,4,BTES-401-18,A,Regular
2416715,4,BTES-402-18,A+,Regular
2416715,4,EVS 101-18,A+,Regular
2416715,4,HSMC-122-18,B+,Regular
2416716,1,BMPD-101-18,S,Reappear
2416716,1,BTAM101-23,B+,Reappear
2416716,1,BTEE101-18,B+,Reappear
2416716,1,BTEE102-18,A+,Reappear
2416716,1,BTME101-21,A+,Reappear
2416716,1,BTPH101-23,B+,Reappear
2416716,1,BTPH102-23,A+,Reappear
2416716,2,BMPD201-18,S,Regular
2416716,2,BTAM201-23,B+,Regular
2416716,2,BTCH101-23,B+,Regular
2416716,2,BTCH102-18,A+,Regular
2416716,2,BTHU101-18,B+,Regular
2416716,2,BTHU102-18,O,Regular
2416716,2,BTMP101-18,O,Regular
2416716,2,BTPS101-18,B+,Regular
2416716,2,BTPS102-18,A+,Regular
2416716,3,BTAM-302-23,B+,Regular
2416716,3,BTCS301-18,A,Regular
2416716,3,BTCS302-18,A+,Regular
2416716,3,BTCS303-18,A,Regular
2416716,3,BTCS304-18,O,Regular
2416716,3,BTCS305-18,A,Regular
2416716,3,BTES301-18,B+,Regular
2416716,3,BTES302-18,A+,Regular
2416716,3,HSMC10 1/102-18,A,Regular
2416716,3,SIT,S,Regular
2416716,4,BTCS-401-18,B+,Regular
2416716,4,BTCS-402-18,B+,Regular
2416716,4,BTCS-403-18,B,Regular
2416716,4,BTCS-404-18,A+,Regular
2416716,4,BTCS-405-18,A+,Regular
2416716,4,BTES-401-18,B,Regular
2416716,4,BTES-402-18,B+,Regular
2416716,4,EVS 101-18,A,Regular
2416716,4,HSMC-122-18,B+,Regular
2416717,1,BMPD-101-18,S,Regular
2416717,1,BTAM101-23,B+,Regular
2416717,1,BTEE101-18,A,Regular
2416717,1,BTEE102-18,O,Regular
2416717,1,BTME101-21,A+,Regular
2416717,1,BTPH101-23,B+,Regular
2416717,1,BTPH102-23,A+,Regular
2416717,2,BMPD201-18,S,Regular
2416717,2,BTAM201-23,B+,Regular
2416717,2,BTCH101-23,B+,Regular
2416717,2,BTCH102-18,A+,Regular
2416717,2,BTHU101-18,B+,Regular
2416717,2,BTHU102-18,A+,Regular
2416717,2,BTMP101-18,O,Regular
2416717,2,BTPS101-18,B+,Regular
2416717,2,BTPS102-18,A+,Regular
2416717,3,BTAM-302-23,B,Regular
2416717,3,BTCS301-18,A,Regular
2416717,3,BTCS302-18,A,Regular
2416717,3,BTCS303-18,A,Regular
2416717,3,BTCS304-18,B+,Regular
2416717,3,BTCS305-18,A,Regular
2416717,3,BTES301-18,B+,Regular
2416717,3,BTES302-18,A,Regular
2416717,3,HSMC10 1/102-18,B+,Regular
2416717,3,SIT,S,Regular
2416717,4,BTCS-401-18,A,Regular
2416717,4,BTCS-402-18,A,Regular
2416717,4,BTCS-403-18,A+,Regular
2416717,4,BTCS-404-18,O,Regular
2416717,4,BTCS-405-18,O,Regular
2416717,4,BTES-401-18,B+,Regular
2416717,4,BTES-402-18,A,Regular
2416717,4,EVS 101-18,O,Regular
2416717,4,HSMC-122-18,B+,Regular
2416718,2,BMPD201-18,S,Regular
2416718,2,BTAM201-23,B,Regular
2416718,2,BTCH101-23,B,Regular
2416718,2,BTCH102-18,A+,Regular
2416718,2,BTHU101-18,A+,Regular
2416718,2,BTHU102-18,A+,Regular
2416718,2,BTMP101-18,O,Regular
2416718,2,BTPS101-18,B+,Regular
2416718,2,BTPS102-18,O,Regular
2416718,4,BTCS-401-18,A+,Regular
2416718,4,BTCS-402-18,A,Regular
2416718,4,BTCS-403-18,A+,Regular
2416718,4,BTCS-404-18,A+,Regular
2416718,4,BTCS-405-18,O,Regular
2416718,4,BTES-401-18,A,Regular
2416718,4,BTES-402-18,A+,Regular
2416718,4,EVS 101-18,A+,Regular
2416718,4,HSMC-122-18,A,Regular
2416719,1,BMPD-101-18,S,Regular
2416719,1,BTAM101-23,F(Int)/Ab (Ext),Regular
2416719,1,BTEE101-18,F(Int)/Ab (Ext),Regular
2416719,1,BTEE102-18,Ab(Ext),Regular
2416719,1,BTME101-21,F(Int)/Ab (Ext),Regular
2416719,1,BTPH101-23,F(Int)/Ab (Ext),Regular
2416719,1,BTPH102-23,Ab(Ext),Regular
2416719,2,BMPD201-18,S,Reappear
2416719,2,BTAM201-23,F(Int)/Ab (Ext),Reappear
2416719,2,BTCH101-23,F(Int)/Ab (Ext),Reappear
2416719,2,BTCH102-18,F(Int)/Ab (Ext),Reappear
2416719,2,BTHU101-18,F(Int)/Ab (Ext),Reappear
2416719,2,BTHU102-18,F(Int)/Ab (Ext),Reappear
2416719,2,BTMP101-18,F(Int)/Ab (Ext),Reappear
2416719,2,BTPS101-18,F (Int)/Ab (Ext),Reappear
2416719,2,BTPS102-18,F (Int)/A b(Ext),Reappear
2416719,3,BTCS301-18,F(Int)/Ab (Ext),Regular
2416719,3,BTCS302-18,F(Int)/Ab (Ext),Regular
2416719,3,BTCS303-18,F(Int)/Ab (Ext),Regular
2416719,3,BTCS304-18,F(Int)/Ab (Ext),Regular
2416719,3,BTCS305-18,F(Int)/Ab (Ext),Regular
2416719,3,BTES301-18,F(Int)/Ab (Ext),Regular
2416719,3,BTES302-18,F(Int)/Ab (Ext),Regular
2416719,3,HSMC10 1/102-18,F(Int)/Ab (Ext),Regular
2416719,3,SIT,UN(Int),Regular
2416720,2,BMPD201-18,S,Regular
2416720,2,BTAM201-23,B+,Regular
2416720,2,BTCH101-23,A+,Regular
2416720,2,BTCH102-18,O,Regular
2416720,2,BTHU101-18,A,Regular
2416720,2,BTHU102-18,A+,Regular
2416720,2,BTMP101-18,O,Regular
2416720,2,BTPS101-18,A+,Regular
2416720,2,BTPS102-18,O,Regular
2416720,3,BTAM-302-23,A+,Regular
2416720,3,BTCS301-18,A+,Regular
2416720,3,BTCS302-18,O,Regular
2416720,3,BTCS303-18,O,Regular
2416720,3,BTCS304-18,O,Regular
2416720,3,BTCS305-18,O,Regular
2416720,3,BTES301-18,B+,Regular
2416720,3,BTES302-18,O,Regular
2416720,3,HSMC10 1/102-18,A,Regular
2416720,3,SIT,S,Regular
2416720,4,BTCS-401-18,A+,Regular
2416720,4,BTCS-402-18,A+,Regular
2416720,4,BTCS-403-18,A+,Regular
2416720,4,BTCS-404-18,O,Regular
2416720,4,BTCS-405-18,O,Regular
2416720,4,BTES-401-18,A+,Regular
2416720,4,BTES-402-18,O,Regular
2416720,4,EVS 101-18,O,Regular
2416720,4,HSMC-122-18,A,Regular
2416721,2,BMPD201-18,S,Reappear
2416721,2,BTAM201-23,B,Reappear
2416721,2,BTCH101-23,A,Reappear
2416721,2,BTCH102-18,A,Reappear
2416721,2,BTHU101-18,A,Reappear
2416721,2,BTHU102-18,B+,Reappear
2416721,2,BTMP101-18,O,Reappear
2416721,2,BTPS101-18,B,Reappear
2416721,2,BTPS102-18,A,Reappear
2416721,3,BTAM-302-23,A,Regular
2416721,3,BTCS301-18,A,Regular
2416721,3,BTCS302-18,A,Regular
2416721,3,BTCS303-18,B+,Regular
2416721,3,BTCS304-18,B+,Regular
2416721,3,BTCS305-18,B+,Regular
2416721,3,BTES301-18,B+,Regular
2416721,3,BTES302-18,A,Regular
2416721,3,HSMC10 1/102-18,B+,Regular
2416721,3,SIT,S,Regular
2416721,4,BTCS-401-18,A,Regular
2416721,4,BTCS-402-18,A,Regular
2416721,4,BTCS-403-18,A+,Regular
2416721,4,BTCS-404-18,P,Regular
2416721,4,BTCS-405-18,A,Regular
2416721,4,BTES-401-18,A,Regular
2416721,4,BTES-402-18,A,Regular
2416721,4,EVS 101-18,O,Regular
2416721,4,HSMC-122-18,A,Regular
2416722,1,BMPD-101-18,S,Reappear
2416722,1,BTAM101-23,B,Reappear
2416722,1,BTEE101-18,B+,Reappear
2416722,1,BTEE102-18,A+,Reappear
2416722,1,BTME101-21,A,Reappear
2416722,1,BTPH101-23,B,Reappear
2416722,1,BTPH102-23,A+,Reappear
2416722,2,BMPD201-18,S,Regular
2416722,2,BTAM201-23,B+,Regular
2416722,2,BTCH101-23,B+,Regular
2416722,2,BTCH102-18,A+,Regular
2416722,2,BTHU101-18,A,Regular
2416722,2,BTHU102-18,A+,Regular
2416722,2,BTMP101-18,A+,Regular
2416722,2,BTPS101-18,B+,Regular
2416722,2,BTPS102-18,A+,Regular
2416722,3,BTAM-302-23,F(Ext),Regular
2416722,3,BTCS301-18,B+,Regular
2416722,3,BTCS302-18,F(Ext),Regular
2416722,3,BTCS303-18,A,Regular
2416722,3,BTCS304-18,A+,Regular
2416722,3,BTCS305-18,A,Regular
2416722,3,BTES301-18,B,Regular
2416722,3,BTES302-18,A,Regular
2416722,3,HSMC10 1/102-18,B,Regular
2416722,3,SIT,S,Regular
2416722,4,BTCS-401-18,B+,Regular
2416722,4,BTCS-402-18,A,Regular
2416722,4,BTCS-403-18,B+,Regular
2416722,4,BTCS-404-18,A+,Regular
2416722,4,BTCS-405-18,A+,Regular
2416722,4,BTES-401-18,B,Regular
2416722,4,BTES-402-18,A,Regular
2416722,4,EVS 101-18,B,Regular
2416722,4,HSMC-122-18,B,Regular
2416723,1,BMPD-101-18,S,Reappear
2416723,1,BTAM101-23,P,Reappear
2416723,1,BTEE101-18,B,Reappear
2416723,1,BTEE102-18,A+,Reappear
2416723,1,BTME101-21,A,Reappear
2416723,1,BTPH101-23,B,Reappear
2416723,1,BTPH102-23,A+,Reappear
2416723,2,BMPD201-18,S,Regular
2416723,2,BTAM201-23,C,Regular
2416723,2,BTCH101-23,B,Regular
2416723,2,BTCH102-18,A+,Regular
2416723,2,BTHU101-18,A,Regular
2416723,2,BTHU102-18,O,Regular
2416723,2,BTMP101-18,A+,Regular
2416723,2,BTPS101-18,B,Regular
2416723,2,BTPS102-18,A+,Regular
2416723,3,BTAM-302-23,B,Regular
2416723,3,BTCS301-18,B+,Regular
2416723,3,BTCS302-18,F(Ext),Regular
2416723,3,BTCS303-18,B+,Regular
2416723,3,BTCS304-18,A,Regular
2416723,3,BTCS305-18,A,Regular
2416723,3,BTES301-18,B,Regular
2416723,3,BTES302-18,A+,Regular
2416723,3,HSMC10 1/102-18,B+,Regular
2416723,3,SIT,S,Regular
2416723,4,BTCS-401-18,B,Regular
2416723,4,BTCS-402-18,B+,Regular
2416723,4,BTCS-403-18,B+,Regular
2416723,4,BTCS-404-18,A+,Regular
2416723,4,BTCS-405-18,A+,Regular
2416723,4,BTES-401-18,B,Regular
2416723,4,BTES-402-18,A,Regular
2416723,4,EVS 101-18,A+,Regular
2416723,4,HSMC-122-18,B+,Regular
2416724,1,BMPD-101-18,S,Regular
2416724,1,BTAM101-23,C,Regular
2416724,1,BTEE101-18,B,Regular
2416724,1,BTEE102-18,A+,Regular
2416724,1,BTME101-21,A,Regular
2416724,1,BTPH101-23,F(Ext),Regular
2416724,1,BTPH102-23,A+,Regular
2416724,2,BMPD201-18,S,Regular
2416724,2,BTAM201-23,B,Regular
2416724,2,BTCH101-23,P,Regular
2416724,2,BTCH102-18,A+,Regular
2416724,2,BTHU101-18,B+,Regular
2416724,2,BTHU102-18,A+,Regular
2416724,2,BTMP101-18,A+,Regular
2416724,2,BTPS101-18,F(Ext),Regular
2416724,2,BTPS102-18,A+,Regular
2416724,3,BTAM-302-23,F(Ext),Regular
2416724,3,BTCS301-18,B,Regular
2416724,3,BTCS302-18,B,Regular
2416724,3,BTCS303-18,A,Regular
2416724,3,BTCS304-18,A,Regular
2416724,3,BTCS305-18,B+,Regular
2416724,3,BTES301-18,B,Regular
2416724,3,BTES302-18,A+,Regular
2416724,3,HSMC10 1/102-18,B,Regular
2416724,3,SIT,S,Regular
2416724,4,BTCS-401-18,C,Regular
2416724,4,BTCS-402-18,B,Regular
2416724,4,BTCS-403-18,B+,Regular
2416724,4,BTCS-404-18,A+,Regular
2416724,4,BTCS-405-18,A,Regular
2416724,4,BTES-401-18,B,Regular
2416724,4,BTES-402-18,A+,Regular
2416724,4,EVS 101-18,A+,Regular
2416724,4,HSMC-122-18,B,Regular
2416725,1,BMPD-101-18,S,Regular
2416725,1,BTAM101-23,F(Int)/Ab (Ext),Regular
2416725,1,BTEE101-18,Ab(Ext),Regular
2416725,1,BTEE102-18,Ab(Ext),Regular
2416725,1,BTME101-21,F(Int)/Ab (Ext),Regular
2416725,1,BTPH101-23,Ab(Ext),Regular
2416725,1,BTPH102-23,Ab(Ext),Regular
2416726,1,BMPD-101-18,S,Reappear
2416726,1,BTAM101-23,C,Reappear
2416726,1,BTEE101-18,C,Reappear
2416726,1,BTEE102-18,A+,Reappear
2416726,1,BTME101-21,A,Reappear
2416726,1,BTPH101-23,B,Reappear
2416726,1,BTPH102-23,A+,Reappear
2416726,2,BMPD201-18,S,Regular
2416726,2,BTAM201-23,P,Regular
2416726,2,BTCH101-23,C,Regular
2416726,2,BTCH102-18,A+,Regular
2416726,2,BTHU101-18,A,Regular
2416726,2,BTHU102-18,A,Regular
2416726,2,BTMP101-18,B+,Regular
2416726,2,BTPS101-18,C,Regular
2416726,2,BTPS102-18,A+,Regular
2416726,3,BTAM-302-23,C,Regular
2416726,3,BTCS301-18,B+,Regular
2416726,3,BTCS302-18,B+,Regular
2416726,3,BTCS303-18,A,Regular
2416726,3,BTCS304-18,A,Regular
2416726,3,BTCS305-18,A,Regular
2416726,3,BTES301-18,B+,Regular
2416726,3,BTES302-18,A,Regular
2416726,3,HSMC10 1/102-18,B+,Regular
2416726,3,SIT,S,Regular
2416726,4,BTCS-401-18,A,Regular
2416726,4,BTCS-402-18,B+,Regular
2416726,4,BTCS-403-18,B+,Regular
2416726,4,BTCS-404-18,A,Regular
2416726,4,BTCS-405-18,A,Regular
2416726,4,BTES-401-18,B,Regular
2416726,4,BTES-402-18,A,Regular
2416726,4,EVS 101-18,A,Regular
2416726,4,HSMC-122-18,B+,Regular
2416727,1,BMPD-101-18,S,Regular
2416727,1,BTAM101-23,A,Regular
2416727,1,BTEE101-18,A,Regular
2416727,1,BTEE102-18,A+,Regular
2416727,1,BTME101-21,A+,Regular
2416727,1,BTPH101-23,B,Regular
2416727,1,BTPH102-23,A+,Regular
2416727,2,BMPD201-18,S,Regular
2416727,2,BTAM201-23,B+,Regular
2416727,2,BTCH101-23,A,Regular
2416727,2,BTCH102-18,A+,Regular
2416727,2,BTHU101-18,A+,Regular
2416727,2,BTHU102-18,A+,Regular
2416727,2,BTMP101-18,O,Regular
2416727,2,BTPS101-18,A,Regular
2416727,2,BTPS102-18,A+,Regular
2416727,3,BTAM-302-23,A,Regular
2416727,3,BTCS301-18,A,Regular
2416727,3,BTCS302-18,A+,Regular
2416727,3,BTCS303-18,A,Regular
2416727,3,BTCS304-18,A,Regular
2416727,3,BTCS305-18,B+,Regular
2416727,3,BTES301-18,B+,Regular
2416727,3,BTES302-18,A+,Regular
2416727,3,HSMC10 1/102-18,A,Regular
2416727,3,SIT,S,Regular
2416729,1,BMPD-101-18,S,Reappear
2416729,1,BTAM101-23,P,Reappear
2416729,1,BTEE101-18,F(Ext),Reappear
2416729,1,BTEE102-18,B+,Reappear
2416729,1,BTME101-21,A,Reappear
2416729,1,BTPH101-23,P,Reappear
2416729,1,BTPH102-23,A+,Reappear
2416729,2,BMPD201-18,S,Regular
2416729,2,BTAM201-23,B,Regular
2416729,2,BTCH101-23,C,Regular
2416729,2,BTCH102-18,A+,Regular
2416729,2,BTHU101-18,B+,Regular
2416729,2,BTHU102-18,A+,Regular
2416729,2,BTMP101-18,A,Regular
2416729,2,BTPS101-18,B,Regular
2416729,2,BTPS102-18,A+,Regular
2416729,3,BTAM-302-23,C,Regular
2416729,3,BTCS301-18,B,Regular
2416729,3,BTCS302-18,C,Regular
2416729,3,BTCS303-18,A,Regular
2416729,3,BTCS304-18,A+,Regular
2416729,3,BTCS305-18,B,Regular
2416729,3,BTES301-18,C,Regular
2416729,3,BTES302-18,A,Regular
2416729,3,HSMC10 1/102-18,B+,Regular
2416729,3,SIT,S,Regular
2416729,4,BTCS-401-18,F(Ext),Regular
2416729,4,BTCS-402-18,C,Regular
2416729,4,BTCS-403-18,C,Regular
2416729,4,BTCS-404-18,B,Regular
2416729,4,BTCS-405-18,B,Regular
2416729,4,BTES-401-18,P,Regular
2416729,4,BTES-402-18,P,Regular
2416729,4,EVS 101-18,B+,Regular
2416729,4,HSMC-122-18,P,Regular
2416730,1,BMPD-101-18,S,Reappear
2416730,1,BTAM101-23,P,Reappear
2416730,1,BTEE101-18,B+,Reappear
2416730,1,BTEE102-18,O,Reappear
2416730,1,BTME101-21,A,Reappear
2416730,1,BTPH101-23,B+,Reappear
2416730,1,BTPH102-23,A+,Reappear
2416730,2,BMPD201-18,S,Regular
2416730,2,BTAM201-23,C,Regular
2416730,2,BTCH101-23,B+,Regular
2416730,2,BTCH102-18,A+,Regular
2416730,2,BTHU101-18,A,Regular
2416730,2,BTHU102-18,B+,Regular
2416730,2,BTMP101-18,A+,Regular
2416730,2,BTPS101-18,B+,Regular
2416730,2,BTPS102-18,A+,Regular
2416730,3,BTAM-302-23,F(Ext),Regular
2416730,3,BTCS301-18,B+,Regular
2416730,3,BTCS302-18,A,Regular
2416730,3,BTCS303-18,A,Regular
2416730,3,BTCS304-18,A,Regular
2416730,3,BTCS305-18,A,Regular
2416730,3,BTES301-18,P,Regular
2416730,3,BTES302-18,A+,Regular
2416730,3,HSMC10 1/102-18,B+,Regular
2416730,3,SIT,S,Regular
2416730,4,BTCS-401-18,B,Regular
2416730,4,BTCS-402-18,B+,Regular
2416730,4,BTCS-403-18,A,Regular
2416730,4,BTCS-404-18,O,Regular
2416730,4,BTCS-405-18,A+,Regular
2416730,4,BTES-401-18,B,Regular
2416730,4,BTES-402-18,A,Regular
2416730,4,EVS 101-18,B+,Regular
2416730,4,HSMC-122-18,B+,Regular
2416731,1,BMPD-101-18,S,Reappear
2416731,1,BTAM101-23,C,Reappear
2416731,1,BTEE101-18,B+,Reappear
2416731,1,BTEE102-18,A+,Reappear
2416731,1,BTME101-21,A+,Reappear
2416731,1,BTPH101-23,B,Reappear
2416731,1,BTPH102-23,A+,Reappear
2416731,2,BMPD201-18,S,Regular
2416731,2,BTAM201-23,B,Regular
2416731,2,BTCH101-23,B,Regular
2416731,2,BTCH102-18,A+,Regular
2416731,2,BTHU101-18,A+,Regular
2416731,2,BTHU102-18,A+,Regular
2416731,2,BTMP101-18,A+,Regular
2416731,2,BTPS101-18,F(Ext),Regular
2416731,2,BTPS102-18,A+,Regular
2416731,3,BTAM-302-23,B,Regular
2416731,3,BTCS301-18,B+,Regular
2416731,3,BTCS302-18,A,Regular
2416731,3,BTCS303-18,B+,Regular
2416731,3,BTCS304-18,A,Regular
2416731,3,BTCS305-18,B,Regular
2416731,3,BTES301-18,B+,Regular
2416731,3,BTES302-18,A+,Regular
2416731,3,HSMC10 1/102-18,A,Regular
2416731,3,SIT,S,Regular
2416731,4,BTCS-401-18,A+,Regular
2416731,4,BTCS-402-18,A+,Regular
2416731,4,BTCS-403-18,A+,Regular
2416731,4,BTCS-404-18,O,Regular
2416731,4,BTCS-405-18,O,Regular
2416731,4,BTES-401-18,A+,Regular
2416731,4,BTES-402-18,A+,Regular
2416731,4,EVS 101-18,O,Regular
2416731,4,HSMC-122-18,A+,Regular
2416732,1,BMPD-101-18,S,Regular
2416732,1,BTAM101-23,A,Regular
2416732,1,BTEE101-18,B+,Regular
2416732,1,BTEE102-18,O,Regular
2416732,1,BTME101-21,A+,Regular
2416732,1,BTPH101-23,B+,Regular
2416732,1,BTPH102-23,A+,Regular
2416732,2,BMPD201-18,S,Regular
2416732,2,BTAM201-23,B+,Regular
2416732,2,BTCH101-23,B+,Regular
2416732,2,BTCH102-18,A+,Regular
2416732,2,BTHU101-18,A,Regular
2416732,2,BTHU102-18,A,Regular
2416732,2,BTMP101-18,A,Regular
2416732,2,BTPS101-18,B+,Regular
2416732,2,BTPS102-18,A+,Regular
2416732,3,BTAM-302-23,B+,Regular
2416732,3,BTCS301-18,A,Regular
2416732,3,BTCS302-18,A+,Regular
2416732,3,BTCS303-18,B+,Regular
2416732,3,BTCS304-18,O,Regular
2416732,3,BTCS305-18,A,Regular
2416732,3,BTES301-18,B+,Regular
2416732,3,BTES302-18,A+,Regular
2416732,3,HSMC10 1/102-18,B+,Regular
2416732,3,SIT,S,Regular
2416732,4,BTCS-401-18,A+,Regular
2416732,4,BTCS-402-18,A,Regular
2416732,4,BTCS-403-18,A+,Regular
2416732,4,BTCS-404-18,A+,Regular
2416732,4,BTCS-405-18,A,Regular
2416732,4,BTES-401-18,A+,Regular
2416732,4,BTES-402-18,O,Regular
2416732,4,EVS 101-18,A+,Regular
2416732,4,HSMC-122-18,B+,Regular
2416733,1,BMPD-101-18,S,Regular
2416733,1,BTAM101-23,F(Ext),Regular
2416733,1,BTEE101-18,P,Regular
2416733,1,BTEE102-18,A+,Regular
2416733,1,BTME101-21,A,Regular
2416733,1,BTPH101-23,F(Ext),Regular
2416733,1,BTPH102-23,A+,Regular
2416733,2,BMPD201-18,S,Regular
2416733,2,BTAM201-23,P,Regular
2416733,2,BTCH101-23,C,Regular
2416733,2,BTCH102-18,A+,Regular
2416733,2,BTHU101-18,A,Regular
2416733,2,BTHU102-18,A,Regular
2416733,2,BTMP101-18,A,Regular
2416733,2,BTPS101-18,F(Ext),Regular
2416733,2,BTPS102-18,A+,Regular
2416733,3,BTAM-302-23,F(Ext),Regular
2416733,3,BTCS301-18,F(Ext),Regular
2416733,3,BTCS302-18,F(Ext),Regular
2416733,3,BTCS303-18,B,Regular
2416733,3,BTCS304-18,A,Regular
2416733,3,BTCS305-18,C,Regular
2416733,3,BTES301-18,C,Regular
2416733,3,BTES302-18,A+,Regular
2416733,3,HSMC10 1/102-18,B,Regular
2416733,3,SIT,S,Regular
2416733,4,BTCS-401-18,F(Int)/Ab (Ext),Regular
2416733,4,BTCS-402-18,F(Int)/Ab (Ext),Regular
2416733,4,BTCS-403-18,F(Int)/Ab (Ext),Regular
2416733,4,BTCS-404-18,F(Int)/Ab (Ext),Regular
2416733,4,BTCS-405-18,F(Int)/Ab (Ext),Regular
2416733,4,BTES-401-18,F(Int)/Ab (Ext),Regular
2416733,4,BTES-402-18,F(Int)/Ab (Ext),Regular
2416733,4,EVS 101-18,F(Int),Regular
2416733,4,HSMC-122-18,F(Int)/Ab (Ext),Regular
2416734,1,BMPD-101-18,S,Regular
2416734,1,BTAM101-23,B+,Regular
2416734,1,BTEE101-18,A,Regular
2416734,1,BTEE102-18,O,Regular
2416734,1,BTME101-21,A+,Regular
2416734,1,BTPH101-23,B,Regular
2416734,1,BTPH102-23,A+,Regular
2416734,2,BMPD201-18,S,Regular
2416734,2,BTAM201-23,B,Regular
2416734,2,BTCH101-23,B+,Regular
2416734,2,BTCH102-18,A+,Regular
2416734,2,BTHU101-18,A+,Regular
2416734,2,BTHU102-18,A+,Regular
2416734,2,BTMP101-18,A+,Regular
2416734,2,BTPS101-18,B+,Regular
2416734,2,BTPS102-18,A+,Regular
2416734,3,BTAM-302-23,B,Regular
2416734,3,BTCS301-18,A+,Regular
2416734,3,BTCS302-18,A+,Regular
2416734,3,BTCS303-18,A+,Regular
2416734,3,BTCS304-18,A+,Regular
2416734,3,BTCS305-18,B+,Regular
2416734,3,BTES301-18,B+,Regular
2416734,3,BTES302-18,A+,Regular
2416734,3,HSMC10 1/102-18,A,Regular
2416734,3,SIT,S,Regular
2416734,4,BTCS-401-18,A,Regular
2416734,4,BTCS-402-18,A+,Regular
2416734,4,BTCS-403-18,A+,Regular
2416734,4,BTCS-404-18,A+,Regular
2416734,4,BTCS-405-18,O,Regular
2416734,4,BTES-401-18,A+,Regular
2416734,4,BTES-402-18,A+,Regular
2416734,4,EVS 101-18,O,Regular
2416734,4,HSMC-122-18,A,Regular
2416735,1,BMPD-101-18,S,Regular
2416735,1,BTAM101-23,F(Ext),Regular
2416735,1,BTEE101-18,B+,Regular
2416735,1,BTEE102-18,A+,Regular
2416735,1,BTME101-21,A,Regular
2416735,1,BTPH101-23,C,Regular
2416735,1,BTPH102-23,A+,Regular
2416735,2,BMPD201-18,S,Regular
2416735,2,BTAM201-23,B,Regular
2416735,2,BTCH101-23,A,Regular
2416735,2,BTCH102-18,A+,Regular
2416735,2,BTHU101-18,A,Regular
2416735,2,BTHU102-18,A+,Regular
2416735,2,BTMP101-18,A,Regular
2416735,2,BTPS101-18,B,Regular
2416735,2,BTPS102-18,A,Regular
2416735,3,BTAM-302-23,A,Regular
2416735,3,BTCS301-18,B+,Regular
2416735,3,BTCS302-18,A+,Regular
2416735,3,BTCS303-18,A,Regular
2416735,3,BTCS304-18,A,Regular
2416735,3,BTCS305-18,B+,Regular
2416735,3,BTES301-18,B,Regular
2416735,3,BTES302-18,A+,Regular
2416735,3,HSMC10 1/102-18,A,Regular
2416735,3,SIT,S,Regular
2416735,4,BTCS-401-18,A,Regular
2416735,4,BTCS-402-18,A,Regular
2416735,4,BTCS-403-18,A+,Regular
2416735,4,BTCS-404-18,A+,Regular
2416735,4,BTCS-405-18,A+,Regular
2416735,4,BTES-401-18,A,Regular
2416735,4,BTES-402-18,A+,Regular
2416735,4,EVS 101-18,A+,Regular
2416735,4,HSMC-122-18,A,Regular
2416736,1,BMPD-101-18,S,Reappear
2416736,1,BTAM101-23,C,Reappear
2416736,1,BTEE101-18,B,Reappear
2416736,1,BTEE102-18,A+,Reappear
2416736,1,BTME101-21,B+,Reappear
2416736,1,BTPH101-23,C,Reappear
2416736,1,BTPH102-23,A+,Reappear
2416736,2,BMPD201-18,S,Regular
2416736,2,BTAM201-23,F(Ext),Regular
2416736,2,BTCH101-23,F(Ext),Regular
2416736,2,BTCH102-18,A,Regular
2416736,2,BTHU101-18,B+,Regular
2416736,2,BTHU102-18,B+,Regular
2416736,2,BTMP101-18,B+,Regular
2416736,2,BTPS101-18,F(Ext),Regular
2416736,2,BTPS102-18,B+,Regular
2416736,3,BTAM-302-23,F(Ext),Regular
2416736,3,BTCS301-18,F(Ext),Regular
2416736,3,BTCS302-18,B,Regular
2416736,3,BTCS303-18,B+,Regular
2416736,3,BTCS304-18,B+,Regular
2416736,3,BTCS305-18,P,Regular
2416736,3,BTES301-18,Ab(Ext),Regular
2416736,3,BTES302-18,A,Regular
2416736,3,HSMC10 1/102-18,Ab(Ext),Regular
2416736,3,SIT,S,Regular
2416736,4,BTCS-401-18,F(Int)/Ab (Ext),Regular
2416736,4,BTCS-402-18,F(Int)/Ab (Ext),Regular
2416736,4,BTCS-403-18,F(Int)/Ab (Ext),Regular
2416736,4,BTCS-404-18,F(Int)/Ab (Ext),Regular
2416736,4,BTCS-405-18,F(Int)/Ab (Ext),Regular
2416736,4,BTES-401-18,F(Int)/Ab (Ext),Regular
2416736,4,BTES-402-18,F(Int)/Ab (Ext),Regular
2416736,4,EVS 101-18,P,Regular
2416736,4,HSMC-122-18,F(Int)/Ab (Ext),Regular
2416737,1,BMPD-101-18,S,Regular
2416737,1,BTAM101-23,B+,Regular
2416737,1,BTEE101-18,B,Regular
2416737,1,BTEE102-18,A+,Regular
2416737,1,BTME101-21,A+,Regular
2416737,1,BTPH101-23,C,Regular
2416737,1,BTPH102-23,A+,Regular
2416737,2,BMPD201-18,S,Regular
2416737,2,BTAM201-23,A,Regular
2416737,2,BTCH101-23,A+,Regular
2416737,2,BTCH102-18,A+,Regular
2416737,2,BTHU101-18,A,Regular
2416737,2,BTHU102-18,A+,Regular
2416737,2,BTMP101-18,A+,Regular
2416737,2,BTPS101-18,B+,Regular
2416737,2,BTPS102-18,A+,Regular
2416737,3,BTAM-302-23,B+,Regular
2416737,3,BTCS301-18,A+,Regular
2416737,3,BTCS302-18,A+,Regular
2416737,3,BTCS303-18,A,Regular
2416737,3,BTCS304-18,A+,Regular
2416737,3,BTCS305-18,A,Regular
2416737,3,BTES301-18,A,Regular
2416737,3,BTES302-18,A+,Regular
2416737,3,HSMC10 1/102-18,A,Regular
2416737,3,SIT,S,Regular
2416737,4,BTCS-401-18,B+,Regular
2416737,4,BTCS-402-18,A,Regular
2416737,4,BTCS-403-18,B+,Regular
2416737,4,BTCS-404-18,O,Regular
2416737,4,BTCS-405-18,A+,Regular
2416737,4,BTES-401-18,B+,Regular
2416737,4,BTES-402-18,B+,Regular
2416737,4,EVS 101-18,A+,Regular
2416737,4,HSMC-122-18,B+,Regular
2416738,1,BMPD-101-18,S,Regular
2416738,1,BTAM101-23,A,Regular
2416738,1,BTEE101-18,A,Regular
2416738,1,BTEE102-18,O,Regular
2416738,1,BTME101-21,A+,Regular
2416738,1,BTPH101-23,B+,Regular
2416738,1,BTPH102-23,O,Regular
2416738,2,BMPD201-18,S,Regular
2416738,2,BTAM201-23,B,Regular
2416738,2,BTCH101-23,A,Regular
2416738,2,BTCH102-18,A+,Regular
2416738,2,BTHU101-18,A+,Regular
2416738,2,BTHU102-18,A+,Regular
2416738,2,BTMP101-18,O,Regular
2416738,2,BTPS101-18,B+,Regular
2416738,2,BTPS102-18,A+,Regular
2416738,3,BTAM-302-23,B+,Regular
2416738,3,BTCS301-18,A,Regular
2416738,3,BTCS302-18,A+,Regular
2416738,3,BTCS303-18,A+,Regular
2416738,3,BTCS304-18,A+,Regular
2416738,3,BTCS305-18,A+,Regular
2416738,3,BTES301-18,B+,Regular
2416738,3,BTES302-18,A,Regular
2416738,3,HSMC10 1/102-18,A,Regular
2416738,3,SIT,S,Regular
2416739,1,BMPD-101-18,S,Reappear
2416739,1,BTAM101-23,C,Reappear
2416739,1,BTEE101-18,B,Reappear
2416739,1,BTEE102-18,A+,Reappear
2416739,1,BTME101-21,B,Reappear
2416739,1,BTPH101-23,B,Reappear
2416739,1,BTPH102-23,A+,Reappear
2416739,2,BMPD201-18,S,Regular
2416739,2,BTAM201-23,P,Regular
2416739,2,BTCH101-23,C,Regular
2416739,2,BTCH102-18,A+,Regular
2416739,2,BTHU101-18,B+,Regular
2416739,2,BTHU102-18,A+,Regular
2416739,2,BTMP101-18,A,Regular
2416739,2,BTPS101-18,B,Regular
2416739,2,BTPS102-18,A+,Regular
2416739,3,BTAM-302-23,B,Regular
2416739,3,BTCS301-18,B,Regular
2416739,3,BTCS302-18,B,Regular
2416739,3,BTCS303-18,A,Regular
2416739,3,BTCS304-18,A+,Regular
2416739,3,BTCS305-18,B,Regular
2416739,3,BTES301-18,P,Regular
2416739,3,BTES302-18,A+,Regular
2416739,3,HSMC10 1/102-18,A,Regular
2416739,3,SIT,S,Regular
2416740,1,BMPD-101-18,S,Regular
2416740,1,BTAM101-23,B+,Regular
2416740,1,BTEE101-18,B,Regular
2416740,1,BTEE102-18,A+,Regular
2416740,1,BTME101-21,A,Regular
2416740,1,BTPH101-23,B+,Regular
2416740,1,BTPH102-23,A+,Regular
2416740,2,BMPD201-18,S,Regular
2416740,2,BTAM201-23,B+,Regular
2416740,2,BTCH101-23,A,Regular
2416740,2,BTCH102-18,A+,Regular
2416740,2,BTHU101-18,A,Regular
2416740,2,BTHU102-18,O,Regular
2416740,2,BTMP101-18,O,Regular
2416740,2,BTPS101-18,B+,Regular
2416740,2,BTPS102-18,A+,Regular
2416740,3,BTAM-302-23,B+,Regular
2416740,3,BTCS301-18,A,Regular
2416740,3,BTCS302-18,A+,Regular
2416740,3,BTCS303-18,B+,Regular
2416740,3,BTCS304-18,A,Regular
2416740,3,BTCS305-18,B,Regular
2416740,3,BTES301-18,A,Regular
2416740,3,BTES302-18,A,Regular
2416740,3,HSMC10 1/102-18,A,Regular
2416740,3,SIT,S,Regular
2416740,4,BTCS-401-18,B+,Regular
2416740,4,BTCS-402-18,A,Regular
2416740,4,BTCS-403-18,A+,Regular
2416740,4,BTCS-404-18,A+,Regular
2416740,4,BTCS-405-18,A,Regular
2416740,4,BTES-401-18,A,Regular
2416740,4,BTES-402-18,B+,Regular
2416740,4,EVS 101-18,A+,Regular
2416740,4,HSMC-122-18,B+,Regular
2416741,1,BMPD-101-18,S,Regular
2416741,1,BTAM101-23,B+,Regular
2416741,1,BTEE101-18,B+,Regular
2416741,1,BTEE102-18,O,Regular
2416741,1,BTME101-21,A,Regular
2416741,1,BTPH101-23,B+,Regular
2416741,1,BTPH102-23,A+,Regular
2416741,2,BMPD201-18,S,Regular
2416741,2,BTAM201-23,P,Regular
2416741,2,BTCH101-23,B,Regular
2416741,2,BTCH102-18,A+,Regular
2416741,2,BTHU101-18,A,Regular
2416741,2,BTHU102-18,B+,Regular
2416741,2,BTMP101-18,A+,Regular
2416741,2,BTPS101-18,B,Regular
2416741,2,BTPS102-18,A+,Regular
2416741,3,BTAM-302-23,B+,Regular
2416741,3,BTCS301-18,A,Regular
2416741,3,BTCS302-18,B,Regular
2416741,3,BTCS303-18,B+,Regular
2416741,3,BTCS304-18,A,Regular
2416741,3,BTCS305-18,B+,Regular
2416741,3,BTES301-18,A,Regular
2416741,3,BTES302-18,A+,Regular
2416741,3,HSMC10 1/102-18,A,Regular
2416741,3,SIT,S,Regular
2416741,4,BTCS-401-18,B+,Regular
2416741,4,BTCS-402-18,A+,Regular
2416741,4,BTCS-403-18,A+,Regular
2416741,4,BTCS-404-18,A+,Regular
2416741,4,BTCS-405-18,A+,Regular
2416741,4,BTES-401-18,A,Regular
2416741,4,BTES-402-18,A+,Regular
2416741,4,EVS 101-18,O,Regular
2416741,4,HSMC-122-18,A,Regular
2416742,1,BMPD-101-18,S,Regular
2416742,1,BTAM101-23,A,Regular
2416742,1,BTEE101-18,A,Regular
2416742,1,BTEE102-18,O,Regular
2416742,1,BTME101-21,A+,Regular
2416742,1,BTPH101-23,B+,Regular
2416742,1,BTPH102-23,O,Regular
2416742,2,BMPD201-18,S,Regular
2416742,2,BTAM201-23,A,Regular
2416742,2,BTCH101-23,A,Regular
2416742,2,BTCH102-18,A+,Regular
2416742,2,BTHU101-18,A,Regular
2416742,2,BTHU102-18,A+,Regular
2416742,2,BTMP101-18,O,Regular
2416742,2,BTPS101-18,A,Regular
2416742,2,BTPS102-18,O,Regular
2416742,3,BTAM-302-23,B+,Regular
2416742,3,BTCS301-18,A,Regular
2416742,3,BTCS302-18,A,Regular
2416742,3,BTCS303-18,A,Regular
2416742,3,BTCS304-18,A,Regular
2416742,3,BTCS305-18,A+,Regular
2416742,3,BTES301-18,B,Regular
2416742,3,BTES302-18,A+,Regular
2416742,3,HSMC10 1/102-18,A,Regular
2416742,3,SIT,S,Regular
2416742,4,BTCS-401-18,A,Regular
2416742,4,BTCS-402-18,A,Regular
2416742,4,BTCS-403-18,A,Regular
2416742,4,BTCS-404-18,O,Regular
2416742,4,BTCS-405-18,A+,Regular
2416742,4,BTES-401-18,A,Regular
2416742,4,BTES-402-18,A,Regular
2416742,4,EVS 101-18,O,Regular
2416742,4,HSMC-122-18,A,Regular
2416743,1,BMPD-101-18,S,Regular
2416743,1,BTAM101-23,A,Regular
2416743,1,BTEE101-18,B+,Regular
2416743,1,BTEE102-18,A+,Regular
2416743,1,BTME101-21,A,Regular
2416743,1,BTPH101-23,B+,Regular
2416743,1,BTPH102-23,A+,Regular
2416743,2,BMPD201-18,S,Regular
2416743,2,BTAM201-23,B+,Regular
2416743,2,BTCH101-23,B+,Regular
2416743,2,BTCH102-18,A+,Regular
2416743,2,BTHU101-18,A+,Regular
2416743,2,BTHU102-18,A+,Regular
2416743,2,BTMP101-18,O,Regular
2416743,2,BTPS101-18,A,Regular
2416743,2,BTPS102-18,A+,Regular
2416743,3,BTAM-302-23,B+,Regular
2416743,3,BTCS301-18,A+,Regular
2416743,3,BTCS302-18,B+,Regular
2416743,3,BTCS303-18,A,Regular
2416743,3,BTCS304-18,A,Regular
2416743,3,BTCS305-18,A,Regular
2416743,3,BTES301-18,A,Regular
2416743,3,BTES302-18,A+,Regular
2416743,3,HSMC10 1/102-18,A+,Regular
2416743,3,SIT,S,Regular
2416743,4,BTCS-401-18,A,Regular
2416743,4,BTCS-402-18,A+,Regular
2416743,4,BTCS-403-18,A+,Regular
2416743,4,BTCS-404-18,A+,Regular
2416743,4,BTCS-405-18,A+,Regular
2416743,4,BTES-401-18,A+,Regular
2416743,4,BTES-402-18,A+,Regular
2416743,4,EVS 101-18,O,Regular
2416743,4,HSMC-122-18,A+,Regular
2416744,1,BMPD-101-18,S,Regular
2416744,1,BTAM101-23,A,Regular
2416744,1,BTEE101-18,A,Regular
2416744,1,BTEE102-18,A+,Regular
2416744,1,BTME101-21,A+,Regular
2416744,1,BTPH101-23,B+,Regular
2416744,1,BTPH102-23,A+,Regular
2416744,2,BMPD201-18,S,Regular
2416744,2,BTAM201-23,A,Regular
2416744,2,BTCH101-23,A,Regular
2416744,2,BTCH102-18,A+,Regular
2416744,2,BTHU101-18,A+,Regular
2416744,2,BTHU102-18,A+,Regular
2416744,2,BTMP101-18,A,Regular
2416744,2,BTPS101-18,A+,Regular
2416744,2,BTPS102-18,A+,Regular
2416744,3,BTAM-302-23,B+,Regular
2416744,3,BTCS301-18,A+,Regular
2416744,3,BTCS302-18,A,Regular
2416744,3,BTCS303-18,B+,Regular
2416744,3,BTCS304-18,A,Regular
2416744,3,BTCS305-18,A,Regular
2416744,3,BTES301-18,A,Regular
2416744,3,BTES302-18,A,Regular
2416744,3,HSMC10 1/102-18,A,Regular
2416744,3,SIT,S,Regular
2416745,1,BMPD-101-18,S,Regular
2416745,1,BTAM101-23,C,Regular
2416745,1,BTEE101-18,F(Ext),Regular
2416745,1,BTEE102-18,A+,Regular
2416745,1,BTME101-21,B+,Regular
2416745,1,BTPH101-23,F(Ext),Regular
2416745,1,BTPH102-23,A+,Regular
2416745,2,BMPD201-18,S,Regular
2416745,2,BTAM201-23,F(Ext),Regular
2416745,2,BTCH101-23,F(Ext),Regular
2416745,2,BTCH102-18,A+,Regular
2416745,2,BTHU101-18,B+,Regular
2416745,2,BTHU102-18,A+,Regular
2416745,2,BTMP101-18,A+,Regular
2416745,2,BTPS101-18,F(Ext),Regular
2416745,2,BTPS102-18,A+,Regular
2416745,3,BTAM-302-23,F(Ext),Regular
2416745,3,BTCS301-18,F(Ext),Regular
2416745,3,BTCS302-18,F(Ext),Regular
2416745,3,BTCS303-18,A,Regular
2416745,3,BTCS304-18,A,Regular
2416745,3,BTCS305-18,B+,Regular
2416745,3,BTES301-18,F(Ext),Regular
2416745,3,BTES302-18,A,Regular
2416745,3,HSMC10 1/102-18,C,Regular
2416745,3,SIT,S,Regular
2416746,1,BMPD-101-18,S,Regular
2416746,1,BTAM101-23,F(Int)/Ab (Ext),Regular
2416746,1,BTEE101-18,F(Int)/Ab (Ext),Regular
2416746,1,BTEE102-18,Ab(Ext),Regular
2416746,1,BTME101-21,Ab(Ext),Regular
2416746,1,BTPH101-23,F(Int)/Ab (Ext),Regular
2416746,1,BTPH102-23,Ab(Ext),Regular
2416747,1,BMPD-101-18,S,Regular
2416747,1,BTAM101-23,A+,Regular
2416747,1,BTEE101-18,A,Regular
2416747,1,BTEE102-18,O,Regular
2416747,1,BTME101-21,A+,Regular
2416747,1,BTPH101-23,A,Regular
2416747,1,BTPH102-23,A+,Regular
2416747,2,BMPD201-18,S,Regular
2416747,2,BTAM201-23,A,Regular
2416747,2,BTCH101-23,A+,Regular
2416747,2,BTCH102-18,O,Regular
2416747,2,BTHU101-18,A+,Regular
2416747,2,BTHU102-18,O,Regular
2416747,2,BTMP101-18,O,Regular
2416747,2,BTPS101-18,A+,Regular
2416747,2,BTPS102-18,O,Regular
2416747,3,BTAM-302-23,A,Regular
2416747,3,BTCS301-18,O,Regular
2416747,3,BTCS302-18,O,Regular
2416747,3,BTCS303-18,O,Regular
2416747,3,BTCS304-18,O,Regular
2416747,3,BTCS305-18,O,Regular
2416747,3,BTES301-18,A,Regular
2416747,3,BTES302-18,O,Regular
2416747,3,HSMC10 1/102-18,A+,Regular
2416747,3,SIT,S,Regular
2416748,1,BMPD-101-18,S,Reappear
2416748,1,BTAM101-23,B,Reappear
2416748,1,BTEE101-18,B+,Reappear
2416748,1,BTEE102-18,A+,Reappear
2416748,1,BTME101-21,A+,Reappear
2416748,1,BTPH101-23,B,Reappear
2416748,1,BTPH102-23,A+,Reappear
2416748,2,BMPD201-18,S,Regular
2416748,2,BTAM201-23,B,Regular
2416748,2,BTCH101-23,C,Regular
2416748,2,BTCH102-18,A+,Regular
2416748,2,BTHU101-18,A+,Regular
2416748,2,BTHU102-18,A+,Regular
2416748,2,BTMP101-18,O,Regular
2416748,2,BTPS101-18,A,Regular
2416748,2,BTPS102-18,A+,Regular
2416748,3,BTAM-302-23,C,Regular
2416748,3,BTCS301-18,B,Regular
2416748,3,BTCS302-18,A,Regular
2416748,3,BTCS303-18,B,Regular
2416748,3,BTCS304-18,B+,Regular
2416748,3,BTCS305-18,B+,Regular
2416748,3,BTES301-18,B,Regular
2416748,3,BTES302-18,A+,Regular
2416748,3,HSMC10 1/102-18,B+,Regular
2416748,3,SIT,S,Regular
2416749,1,BMPD-101-18,S,Regular
2416749,1,BTAM101-23,B,Regular
2416749,1,BTEE101-18,B,Regular
2416749,1,BTEE102-18,A+,Regular
2416749,1,BTME101-21,B+,Regular
2416749,1,BTPH101-23,B,Regular
2416749,1,BTPH102-23,A+,Regular
2416749,2,BMPD201-18,S,Regular
2416749,2,BTAM201-23,C,Regular
2416749,2,BTCH101-23,B,Regular
2416749,2,BTCH102-18,A+,Regular
2416749,2,BTHU101-18,A,Regular
2416749,2,BTHU102-18,A+,Regular
2416749,2,BTMP101-18,O,Regular
2416749,2,BTPS101-18,B+,Regular
2416749,2,BTPS102-18,A+,Regular
2416749,3,BTAM-302-23,C,Regular
2416749,3,BTCS301-18,B,Regular
2416749,3,BTCS302-18,B,Regular
2416749,3,BTCS303-18,B,Regular
2416749,3,BTCS304-18,B+,Regular
2416749,3,BTCS305-18,B,Regular
2416749,3,BTES301-18,C,Regular
2416749,3,BTES302-18,A,Regular
2416749,3,HSMC10 1/102-18,B+,Regular
2416749,3,SIT,S,Regular
2416749,4,BTCS-401-18,B,Regular
2416749,4,BTCS-402-18,B,Regular
2416749,4,BTCS-403-18,B+,Regular
2416749,4,BTCS-404-18,A+,Regular
2416749,4,BTCS-405-18,A+,Regular
2416749,4,BTES-401-18,B+,Regular
2416749,4,BTES-402-18,A+,Regular
2416749,4,EVS 101-18,A,Regular
2416749,4,HSMC-122-18,A,Regular
2416750,1,BMPD-101-18,S,Regular
2416750,1,BTAM101-23,B,Regular
2416750,1,BTEE101-18,B+,Regular
2416750,1,BTEE102-18,A,Regular
2416750,1,BTME101-21,A+,Regular
2416750,1,BTPH101-23,C,Regular
2416750,1,BTPH102-23,A+,Regular
2416750,2,BMPD201-18,S,Regular
2416750,2,BTAM201-23,B,Regular
2416750,2,BTCH101-23,B+,Regular
2416750,2,BTCH102-18,A+,Regular
2416750,2,BTHU101-18,A+,Regular
2416750,2,BTHU102-18,A,Regular
2416750,2,BTMP101-18,A+,Regular
2416750,2,BTPS101-18,A,Regular
2416750,2,BTPS102-18,A,Regular
2416750,3,BTAM-302-23,B,Regular
2416750,3,BTCS301-18,A,Regular
2416750,3,BTCS302-18,A+,Regular
2416750,3,BTCS303-18,A+,Regular
2416750,3,BTCS304-18,A+,Regular
2416750,3,BTCS305-18,A+,Regular
2416750,3,BTES301-18,B+,Regular
2416750,3,BTES302-18,A+,Regular
2416750,3,HSMC10 1/102-18,A+,Regular
2416750,3,SIT,S,Regular
2416750,4,BTCS-401-18,B+,Regular
2416750,4,BTCS-402-18,A+,Regular
2416750,4,BTCS-403-18,A+,Regular
2416750,4,BTCS-404-18,O,Regular
2416750,4,BTCS-405-18,O,Regular
2416750,4,BTES-401-18,A+,Regular
2416750,4,BTES-402-18,O,Regular
2416750,4,EVS 101-18,A+,Regular
2416750,4,HSMC-122-18,A,Regular
2416751,1,BMPD-101-18,S,Reappear
2416751,1,BTAM101-23,P,Reappear
2416751,1,BTEE101-18,C,Reappear
2416751,1,BTEE102-18,A+,Reappear
2416751,1,BTME101-21,B+,Reappear
2416751,1,BTPH101-23,P,Reappear
2416751,1,BTPH102-23,A+,Reappear
2416751,2,BMPD201-18,S,Reappear
2416751,2,BTAM201-23,B,Reappear
2416751,2,BTCH101-23,F(Ext),Reappear
2416751,2,BTCH102-18,A+,Reappear
2416751,2,BTHU101-18,B+,Reappear
2416751,2,BTHU102-18,A,Reappear
2416751,2,BTMP101-18,O,Reappear
2416751,2,BTPS101-18,B,Reappear
2416751,2,BTPS102-18,A+,Reappear
2416751,3,BTAM-302-23,C,Regular
2416751,3,BTCS301-18,F(Ext),Regular
2416751,3,BTCS302-18,F(Ext),Regular
2416751,3,BTCS303-18,B+,Regular
2416751,3,BTCS304-18,A,Regular
2416751,3,BTCS305-18,B+,Regular
2416751,3,BTES301-18,P,Regular
2416751,3,BTES302-18,A,Regular
2416751,3,HSMC10 1/102-18,C,Regular
2416751,3,SIT,S,Regular
2416751,4,BTCS-401-18,F(Ext),Regular
2416751,4,BTCS-402-18,B,Regular
2416751,4,BTCS-403-18,B+,Regular
2416751,4,BTCS-404-18,A,Regular
2416751,4,BTCS-405-18,A,Regular
2416751,4,BTES-401-18,B,Regular
2416751,4,BTES-402-18,A,Regular
2416751,4,EVS 101-18,B+,Regular
2416751,4,HSMC-122-18,B,Regular
2416752,1,BMPD-101-18,S,Reappear
2416752,1,BTAM101-23,F(Ext/Int),Reappear
2416752,1,BTEE101-18,P,Reappear
2416752,1,BTEE102-18,A,Reappear
2416752,1,BTME101-21,C,Reappear
2416752,1,BTPH101-23,P,Reappear
2416752,1,BTPH102-23,A,Reappear
2416752,2,BMPD201-18,S,Regular
2416752,2,BTAM201-23,F(Int)/Ab (Ext),Regular
2416752,2,BTCH101-23,F(Int)/Ab (Ext),Regular
2416752,2,BTCH102-18,Ab(Ext),Regular
2416752,2,BTHU101-18,F(Int)/Ab (Ext),Regular
2416752,2,BTHU102-18,B,Regular
2416752,2,BTMP101-18,Ab(Ext),Regular
2416752,2,BTPS101-18,F(Int)/Ab (Ext),Regular
2416752,2,BTPS102-18,Ab(Ext),Regular
2416752,3,BTAM-302-23,F(Ext),Regular
2416752,3,BTCS301-18,F(Ext),Regular
2416752,3,BTCS302-18,F(Ext),Regular
2416752,3,BTCS303-18,Ab(Ext),Regular
2416752,3,BTCS304-18,B,Regular
2416752,3,BTCS305-18,P,Regular
2416752,3,BTES301-18,C,Regular
2416752,3,BTES302-18,Ab(Ext),Regular
2416752,3,HSMC10 1/102-18,C,Regular
2416752,3,SIT,S,Regular
2416752,4,BTCS-401-18,F(Ext),Regular
2416752,4,BTCS-402-18,C,Regular
2416752,4,BTCS-403-18,F(Ext),Regular
2416752,4,BTCS-404-18,F(Int)/Ab (Ext),Regular
2416752,4,BTCS-405-18,F(Int)/Ab (Ext),Regular
2416752,4,BTES-401-18,F(Ext),Regular
2416752,4,BTES-402-18,F(Int)/Ab (Ext),Regular
2416752,4,EVS 101-18,B+,Regular
2416752,4,HSMC-122-18,B,Regular
2416753,1,BMPD-101-18,S,Regular
2416753,1,BTAM101-23,C,Regular
2416753,1,BTEE101-18,B+,Regular
2416753,1,BTEE102-18,O,Regular
2416753,1,BTME101-21,A+,Regular
2416753,1,BTPH101-23,A+,Regular
2416753,1,BTPH102-23,O,Regular
2416753,2,BMPD201-18,S,Regular
2416753,2,BTAM201-23,A,Regular
2416753,2,BTCH101-23,A+,Regular
2416753,2,BTCH102-18,A+,Regular
2416753,2,BTHU101-18,A+,Regular
2416753,2,BTHU102-18,A+,Regular
2416753,2,BTMP101-18,O,Regular
2416753,2,BTPS101-18,A+,Regular
2416753,2,BTPS102-18,A+,Regular
2416753,3,BTAM-302-23,B,Regular
2416753,3,BTCS301-18,B+,Regular
2416753,3,BTCS302-18,A,Regular
2416753,3,BTCS303-18,A,Regular
2416753,3,BTCS304-18,A,Regular
2416753,3,BTCS305-18,A+,Regular
2416753,3,BTES301-18,B,Regular
2416753,3,BTES302-18,A,Regular
2416753,3,HSMC10 1/102-18,A,Regular
2416753,3,SIT,S,Regular
2416753,4,BTCS-401-18,B,Regular
2416753,4,BTCS-402-18,A+,Regular
2416753,4,BTCS-403-18,A,Regular
2416753,4,BTCS-404-18,O,Regular
2416753,4,BTCS-405-18,A+,Regular
2416753,4,BTES-401-18,A+,Regular
2416753,4,BTES-402-18,O,Regular
2416753,4,EVS 101-18,A+,Regular
2416753,4,HSMC-122-18,A,Regular
2416754,1,BMPD-101-18,S,Reappear
2416754,1,BTAM101-23,C,Reappear
2416754,1,BTEE101-18,B+,Reappear
2416754,1,BTEE102-18,A+,Reappear
2416754,1,BTME101-21,A,Reappear
2416754,1,BTPH101-23,B,Reappear
2416754,1,BTPH102-23,O,Reappear
2416754,2,BMPD201-18,S,Regular
2416754,2,BTAM201-23,B+,Regular
2416754,2,BTCH101-23,B+,Regular
2416754,2,BTCH102-18,A+,Regular
2416754,2,BTHU101-18,O,Regular
2416754,2,BTHU102-18,A+,Regular
2416754,2,BTMP101-18,A+,Regular
2416754,2,BTPS101-18,A,Regular
2416754,2,BTPS102-18,A+,Regular
2416754,3,BTAM-302-23,B+,Regular
2416754,3,BTCS301-18,A,Regular
2416754,3,BTCS302-18,B+,Regular
2416754,3,BTCS303-18,A+,Regular
2416754,3,BTCS304-18,A+,Regular
2416754,3,BTCS305-18,A+,Regular
2416754,3,BTES301-18,B+,Regular
2416754,3,BTES302-18,A+,Regular
2416754,3,HSMC10 1/102-18,B+,Regular
2416754,3,SIT,S,Regular
2416754,4,BTCS-401-18,A,Regular
2416754,4,BTCS-402-18,A,Regular
2416754,4,BTCS-403-18,A,Regular
2416754,4,BTCS-404-18,O,Regular
2416754,4,BTCS-405-18,A,Regular
2416754,4,BTES-401-18,A,Regular
2416754,4,BTES-402-18,A+,Regular
2416754,4,EVS 101-18,A,Regular
2416754,4,HSMC-122-18,B+,Regular
2416755,1,BMPD-101-18,S,Reappear
2416755,1,BTAM101-23,F(Int),Reappear
2416755,1,BTEE101-18,C,Reappear
2416755,1,BTEE102-18,A,Reappear
2416755,1,BTME101-21,B,Reappear
2416755,1,BTPH101-23,F(Ext),Reappear
2416755,1,BTPH102-23,A+,Reappear
2416755,2,BMPD201-18,S,Regular
2416755,2,BTAM201-23,P,Regular
2416755,2,BTCH101-23,F(Ext),Regular
2416755,2,BTCH102-18,A+,Regular
2416755,2,BTHU101-18,A+,Regular
2416755,2,BTHU102-18,A+,Regular
2416755,2,BTMP101-18,A,Regular
2416755,2,BTPS101-18,F(Ext),Regular
2416755,2,BTPS102-18,A,Regular
2416755,3,BTAM-302-23,F(Ext),Regular
2416755,3,BTCS301-18,B,Regular
2416755,3,BTCS302-18,F(Ext),Regular
2416755,3,BTCS303-18,A,Regular
2416755,3,BTCS304-18,A+,Regular
2416755,3,BTCS305-18,B+,Regular
2416755,3,BTES301-18,B,Regular
2416755,3,BTES302-18,B+,Regular
2416755,3,HSMC10 1/102-18,B,Regular
2416755,3,SIT,S,Regular
2416755,4,BTCS-401-18,B,Regular
2416755,4,BTCS-402-18,B+,Regular
2416755,4,BTCS-403-18,B+,Regular
2416755,4,BTCS-404-18,O,Regular
2416755,4,BTCS-405-18,A,Regular
2416755,4,BTES-401-18,B,Regular
2416755,4,BTES-402-18,A,Regular
2416755,4,EVS 101-18,A+,Regular
2416755,4,HSMC-122-18,B+,Regular
2416756,1,BMPD-101-18,S,Reappear
2416756,1,BTAM101-23,C,Reappear
2416756,1,BTEE101-18,B,Reappear
2416756,1,BTEE102-18,A+,Reappear
2416756,1,BTME101-21,A,Reappear
2416756,1,BTPH101-23,B,Reappear
2416756,1,BTPH102-23,A,Reappear
2416756,2,BMPD201-18,S,Regular
2416756,2,BTAM201-23,B,Regular
2416756,2,BTCH101-23,B,Regular
2416756,2,BTCH102-18,A,Regular
2416756,2,BTHU101-18,A+,Regular
2416756,2,BTHU102-18,A,Regular
2416756,2,BTMP101-18,A+,Regular
2416756,2,BTPS101-18,A,Regular
2416756,2,BTPS102-18,A+,Regular
2416756,3,BTAM-302-23,F(Ext),Regular
2416756,3,BTCS301-18,B,Regular
2416756,3,BTCS302-18,F(Ext),Regular
2416756,3,BTCS303-18,A,Regular
2416756,3,BTCS304-18,A+,Regular
2416756,3,BTCS305-18,A,Regular
2416756,3,BTES301-18,C,Regular
2416756,3,BTES302-18,A,Regular
2416756,3,HSMC10 1/102-18,B,Regular
2416756,3,SIT,S,Regular
2416756,4,BTCS-401-18,C,Regular
2416756,4,BTCS-402-18,B,Regular
2416756,4,BTCS-403-18,B,Regular
2416756,4,BTCS-404-18,A+,Regular
2416756,4,BTCS-405-18,B+,Regular
2416756,4,BTES-401-18,B,Regular
2416756,4,BTES-402-18,B+,Regular
2416756,4,EVS 101-18,A+,Regular
2416756,4,HSMC-122-18,B+,Regular
2416757,1,BMPD-101-18,S,Regular
2416757,1,BTAM101-23,C,Regular
2416757,1,BTEE101-18,C,Regular
2416757,1,BTEE102-18,A+,Regular
2416757,1,BTME101-21,A+,Regular
2416757,1,BTPH101-23,F(Ext),Regular
2416757,1,BTPH102-23,A+,Regular
2416757,2,BMPD201-18,S,Regular
2416757,2,BTAM201-23,B,Regular
2416757,2,BTCH101-23,B,Regular
2416757,2,BTCH102-18,A+,Regular
2416757,2,BTHU101-18,A+,Regular
2416757,2,BTHU102-18,A+,Regular
2416757,2,BTMP101-18,A+,Regular
2416757,2,BTPS101-18,B+,Regular
2416757,2,BTPS102-18,A+,Regular
2416757,3,BTAM-302-23,C,Regular
2416757,3,BTCS301-18,B,Regular
2416757,3,BTCS302-18,F(Ext),Regular
2416757,3,BTCS303-18,A,Regular
2416757,3,BTCS304-18,B+,Regular
2416757,3,BTCS305-18,A,Regular
2416757,3,BTES301-18,B,Regular
2416757,3,BTES302-18,A+,Regular
2416757,3,HSMC10 1/102-18,B+,Regular
2416757,3,SIT,S,Regular
2416757,4,BTCS-401-18,B+,Regular
2416757,4,BTCS-402-18,B+,Regular
2416757,4,BTCS-403-18,B+,Regular
2416757,4,BTCS-404-18,A+,Regular
2416757,4,BTCS-405-18,A,Regular
2416757,4,BTES-401-18,B+,Regular
2416757,4,BTES-402-18,B+,Regular
2416757,4,EVS 101-18,A,Regular
2416757,4,HSMC-122-18,B,Regular
2416758,1,BMPD-101-18,S,Reappear
2416758,1,BTAM101-23,B+,Reappear
2416758,1,BTEE101-18,B+,Reappear
2416758,1,BTEE102-18,A,Reappear
2416758,1,BTME101-21,A+,Reappear
2416758,1,BTPH101-23,B,Reappear
2416758,1,BTPH102-23,A+,Reappear
2416758,2,BMPD201-18,S,Regular
2416758,2,BTAM201-23,B,Regular
2416758,2,BTCH101-23,A,Regular
2416758,2,BTCH102-18,A,Regular
2416758,2,BTHU101-18,A,Regular
2416758,2,BTHU102-18,A,Regular
2416758,2,BTMP101-18,B,Regular
2416758,2,BTPS101-18,B,Regular
2416758,2,BTPS102-18,A+,Regular
2416758,3,BTAM-302-23,B+,Regular
2416758,3,BTCS301-18,A,Regular
2416758,3,BTCS302-18,B+,Regular
2416758,3,BTCS303-18,A,Regular
2416758,3,BTCS304-18,B+,Regular
2416758,3,BTCS305-18,A+,Regular
2416758,3,BTES301-18,B,Regular
2416758,3,BTES302-18,A,Regular
2416758,3,HSMC10 1/102-18,B+,Regular
2416758,3,SIT,S,Regular
2416758,4,BTCS-401-18,A,Regular
2416758,4,BTCS-402-18,A,Regular
2416758,4,BTCS-403-18,A,Regular
2416758,4,BTCS-404-18,A+,Regular
2416758,4,BTCS-405-18,A+,Regular
2416758,4,BTES-401-18,A,Regular
2416758,4,BTES-402-18,A+,Regular
2416758,4,EVS 101-18,A+,Regular
2416758,4,HSMC-122-18,B+,Regular
2416759,2,BMPD201-18,S,Regular
2416759,2,BTAM201-23,B+,Regular
2416759,2,BTCH101-23,B+,Regular
2416759,2,BTCH102-18,A+,Regular
2416759,2,BTHU101-18,B+,Regular
2416759,2,BTHU102-18,A+,Regular
2416759,2,BTMP101-18,A+,Regular
2416759,2,BTPS101-18,A+,Regular
2416759,2,BTPS102-18,A+,Regular
2416759,3,BTAM-302-23,B,Regular
2416759,3,BTCS301-18,A,Regular
2416759,3,BTCS302-18,B+,Regular
2416759,3,BTCS303-18,A+,Regular
2416759,3,BTCS304-18,A,Regular
2416759,3,BTCS305-18,A,Regular
2416759,3,BTES301-18,A,Regular
2416759,3,BTES302-18,A,Regular
2416759,3,HSMC10 1/102-18,A,Regular
2416759,3,SIT,S,Regular
2416759,4,BTCS-401-18,B+,Regular
2416759,4,BTCS-402-18,A+,Regular
2416759,4,BTCS-403-18,A+,Regular
2416759,4,BTCS-404-18,A+,Regular
2416759,4,BTCS-405-18,B+,Regular
2416759,4,BTES-401-18,A+,Regular
2416759,4,BTES-402-18,B+,Regular
2416759,4,EVS 101-18,A+,Regular
2416759,4,HSMC-122-18,B+,Regular
2416760,1,BMPD-101-18,S,Regular
2416760,1,BTAM101-23,A+,Regular
2416760,1,BTEE101-18,B,Regular
2416760,1,BTEE102-18,A+,Regular
2416760,1,BTME101-21,A+,Regular
2416760,1,BTPH101-23,B+,Regular
2416760,1,BTPH102-23,O,Regular
2416760,2,BMPD201-18,S,Regular
2416760,2,BTAM201-23,A,Regular
2416760,2,BTCH101-23,B+,Regular
2416760,2,BTCH102-18,A+,Regular
2416760,2,BTHU101-18,A+,Regular
2416760,2,BTHU102-18,O,Regular
2416760,2,BTMP101-18,O,Regular
2416760,2,BTPS101-18,B+,Regular
2416760,2,BTPS102-18,A+,Regular
2416760,3,BTAM-302-23,B+,Regular
2416760,3,BTCS301-18,B,Regular
2416760,3,BTCS302-18,A,Regular
2416760,3,BTCS303-18,A+,Regular
2416760,3,BTCS304-18,A+,Regular
2416760,3,BTCS305-18,A+,Regular
2416760,3,BTES301-18,B,Regular
2416760,3,BTES302-18,A,Regular
2416760,3,HSMC10 1/102-18,A,Regular
2416760,3,SIT,S,Regular
2416760,4,BTCS-401-18,A,Regular
2416760,4,BTCS-402-18,A,Regular
2416760,4,BTCS-403-18,A+,Regular
2416760,4,BTCS-404-18,O,Regular
2416760,4,BTCS-405-18,A,Regular
2416760,4,BTES-401-18,A,Regular
2416760,4,BTES-402-18,B+,Regular
2416760,4,EVS 101-18,A+,Regular
2416760,4,HSMC-122-18,A,Regular
2416762,1,BMPD-101-18,S,Regular
2416762,1,BTAM101-23,B+,Regular
2416762,1,BTEE101-18,A,Regular
2416762,1,BTEE102-18,A+,Regular
2416762,1,BTME101-21,A+,Regular
2416762,1,BTPH101-23,A,Regular
2416762,1,BTPH102-23,O,Regular
2416762,2,BMPD201-18,S,Regular
2416762,2,BTAM201-23,A,Regular
2416762,2,BTCH101-23,A+,Regular
2416762,2,BTCH102-18,O,Regular
2416762,2,BTHU101-18,A+,Regular
2416762,2,BTHU102-18,A+,Regular
2416762,2,BTMP101-18,O,Regular
2416762,2,BTPS101-18,A,Regular
2416762,2,BTPS102-18,A+,Regular
2416762,3,BTAM-302-23,B+,Regular
2416762,3,BTCS301-18,A+,Regular
2416762,3,BTCS302-18,O,Regular
2416762,3,BTCS303-18,O,Regular
2416762,3,BTCS304-18,O,Regular
2416762,3,BTCS305-18,O,Regular
2416762,3,BTES301-18,A,Regular
2416762,3,BTES302-18,O,Regular
2416762,3,HSMC10 1/102-18,A+,Regular
2416762,3,SIT,S,Regular
2416762,4,BTCS-401-18,A+,Regular
2416762,4,BTCS-402-18,A+,Regular
2416762,4,BTCS-403-18,A+,Regular
2416762,4,BTCS-404-18,O,Regular
2416762,4,BTCS-405-18,O,Regular
2416762,4,BTES-401-18,A+,Regular
2416762,4,BTES-402-18,O,Regular
2416762,4,EVS 101-18,O,Regular
2416762,4,HSMC-122-18,A,Regular
2416763,1,BMPD-101-18,S,Regular
2416763,1,BTAM101-23,O,Regular
2416763,1,BTEE101-18,A,Regular
2416763,1,BTEE102-18,O,Regular
2416763,1,BTME101-21,O,Regular
2416763,1,BTPH101-23,A+,Regular
2416763,1,BTPH102-23,O,Regular
2416763,2,BMPD201-18,S,Regular
2416763,2,BTAM201-23,A+,Regular
2416763,2,BTCH101-23,A+,Regular
2416763,2,BTCH102-18,O,Regular
2416763,2,BTHU101-18,A+,Regular
2416763,2,BTHU102-18,O,Regular
2416763,2,BTMP101-18,O,Regular
2416763,2,BTPS101-18,O,Regular
2416763,2,BTPS102-18,O,Regular
2416763,3,BTAM-302-23,O,Regular
2416763,3,BTCS301-18,A+,Regular
2416763,3,BTCS302-18,O,Regular
2416763,3,BTCS303-18,O,Regular
2416763,3,BTCS304-18,O,Regular
2416763,3,BTCS305-18,O,Regular
2416763,3,BTES301-18,A,Regular
2416763,3,BTES302-18,O,Regular
2416763,3,HSMC10 1/102-18,A+,Regular
2416763,3,SIT,S,Regular
2416763,4,BTCS-401-18,A,Regular
2416763,4,BTCS-402-18,A+,Regular
2416763,4,BTCS-403-18,A+,Regular
2416763,4,BTCS-404-18,O,Regular
2416763,4,BTCS-405-18,O,Regular
2416763,4,BTES-401-18,O,Regular
2416763,4,BTES-402-18,O,Regular
2416763,4,EVS 101-18,O,Regular
2416763,4,HSMC-122-18,A,Regular
2416764,1,BMPD-101-18,S,Reappear
2416764,1,BTAM101-23,F(Int),Reappear
2416764,1,BTEE101-18,B,Reappear
2416764,1,BTEE102-18,A+,Reappear
2416764,1,BTME101-21,B+,Reappear
2416764,1,BTPH101-23,C,Reappear
2416764,1,BTPH102-23,A+,Reappear
2416764,2,BMPD201-18,S,Regular
2416764,2,BTAM201-23,B,Regular
2416764,2,BTCH101-23,A,Regular
2416764,2,BTCH102-18,A+,Regular
2416764,2,BTHU101-18,A,Regular
2416764,2,BTHU102-18,B+,Regular
2416764,2,BTMP101-18,B+,Regular
2416764,2,BTPS101-18,B+,Regular
2416764,2,BTPS102-18,A+,Regular
2416764,3,BTAM-302-23,B,Regular
2416764,3,BTCS301-18,B+,Regular
2416764,3,BTCS302-18,F(Ext),Regular
2416764,3,BTCS303-18,A,Regular
2416764,3,BTCS304-18,B,Regular
2416764,3,BTCS305-18,A,Regular
2416764,3,BTES301-18,B,Regular
2416764,3,BTES302-18,B+,Regular
2416764,3,HSMC10 1/102-18,B+,Regular
2416764,3,SIT,S,Regular
2416764,4,BTCS-401-18,A,Regular
2416764,4,BTCS-402-18,B+,Regular
2416764,4,BTCS-403-18,B+,Regular
2416764,4,BTCS-404-18,A+,Regular
2416764,4,BTCS-405-18,B+,Regular
2416764,4,BTES-401-18,A,Regular
2416764,4,BTES-402-18,B+,Regular
2416764,4,EVS 101-18,A+,Regular
2416764,4,HSMC-122-18,B+,Regular
2416765,1,BMPD-101-18,S,Reappear
2416765,1,BTAM101-23,B,Reappear
2416765,1,BTEE101-18,C,Reappear
2416765,1,BTEE102-18,A+,Reappear
2416765,1,BTME101-21,A+,Reappear
2416765,1,BTPH101-23,C,Reappear
2416765,1,BTPH102-23,A+,Reappear
2416765,2,BMPD201-18,S,Regular
2416765,2,BTAM201-23,B,Regular
2416765,2,BTCH101-23,B,Regular
2416765,2,BTCH102-18,A+,Regular
2416765,2,BTHU101-18,A,Regular
2416765,2,BTHU102-18,B+,Regular
2416765,2,BTMP101-18,A,Regular
2416765,2,BTPS101-18,B,Regular
2416765,2,BTPS102-18,A,Regular
2416765,3,BTAM-302-23,C,Regular
2416765,3,BTCS301-18,C,Regular
2416765,3,BTCS302-18,F(Ext),Regular
2416765,3,BTCS303-18,A,Regular
2416765,3,BTCS304-18,A,Regular
2416765,3,BTCS305-18,A,Regular
2416765,3,BTES301-18,F(Ext),Regular
2416765,3,BTES302-18,B,Regular
2416765,3,HSMC10 1/102-18,B+,Regular
2416765,3,SIT,S,Regular
2416765,4,BTCS-401-18,B+,Regular
2416765,4,BTCS-402-18,B+,Regular
2416765,4,BTCS-403-18,B+,Regular
2416765,4,BTCS-404-18,O,Regular
2416765,4,BTCS-405-18,A,Regular
2416765,4,BTES-401-18,B,Regular
2416765,4,BTES-402-18,B+,Regular
2416765,4,EVS 101-18,A+,Regular
2416765,4,HSMC-122-18,B,Regular
2416766,1,BMPD-101-18,S,Reappear
2416766,1,BTAM101-23,P,Reappear
2416766,1,BTEE101-18,B,Reappear
2416766,1,BTEE102-18,A,Reappear
2416766,1,BTME101-21,A,Reappear
2416766,1,BTPH101-23,B,Reappear
2416766,1,BTPH102-23,O,Reappear
2416766,2,BMPD201-18,S,Regular
2416766,2,BTAM201-23,C,Regular
2416766,2,BTCH101-23,B,Regular
2416766,2,BTCH102-18,A+,Regular
2416766,2,BTHU101-18,A,Regular
2416766,2,BTHU102-18,A,Regular
2416766,2,BTMP101-18,B+,Regular
2416766,2,BTPS101-18,B+,Regular
2416766,2,BTPS102-18,A,Regular
2416766,3,BTAM-302-23,C,Regular
2416766,3,BTCS301-18,B,Regular
2416766,3,BTCS302-18,B,Regular
2416766,3,BTCS303-18,B,Regular
2416766,3,BTCS304-18,P,Regular
2416766,3,BTCS305-18,B,Regular
2416766,3,BTES301-18,B,Regular
2416766,3,BTES302-18,B+,Regular
2416766,3,HSMC10 1/102-18,A,Regular
2416766,3,SIT,S,Regular
2416766,4,BTCS-401-18,B+,Regular
2416766,4,BTCS-402-18,B+,Regular
2416766,4,BTCS-403-18,A,Regular
2416766,4,BTCS-404-18,A+,Regular
2416766,4,BTCS-405-18,B+,Regular
2416766,4,BTES-401-18,B,Regular
2416766,4,BTES-402-18,B,Regular
2416766,4,EVS 101-18,A+,Regular
2416766,4,HSMC-122-18,B+,Regular
2416767,1,BMPD-101-18,S,Reappear
2416767,1,BTAM101-23,C,Reappear
2416767,1,BTEE101-18,B,Reappear
2416767,1,BTEE102-18,B+,Reappear
2416767,1,BTME101-21,B+,Reappear
2416767,1,BTPH101-23,C,Reappear
2416767,1,BTPH102-23,A+,Reappear
2416767,2,BMPD201-18,S,Regular
2416767,2,BTAM201-23,P,Regular
2416767,2,BTCH101-23,C,Regular
2416767,2,BTCH102-18,A+,Regular
2416767,2,BTHU101-18,A,Regular
2416767,2,BTHU102-18,A,Regular
2416767,2,BTMP101-18,B+,Regular
2416767,2,BTPS101-18,B,Regular
2416767,2,BTPS102-18,A,Regular
2416767,3,BTAM-302-23,F(Ext),Regular
2416767,3,BTCS301-18,B,Regular
2416767,3,BTCS302-18,F(Ext),Regular
2416767,3,BTCS303-18,A,Regular
2416767,3,BTCS304-18,B+,Regular
2416767,3,BTCS305-18,A,Regular
2416767,3,BTES301-18,B,Regular
2416767,3,BTES302-18,B,Regular
2416767,3,HSMC10 1/102-18,B+,Regular
2416767,3,SIT,S,Regular
2416767,4,BTCS-401-18,Ab(Ext),Regular
2416767,4,BTCS-402-18,Ab(Ext),Regular
2416767,4,BTCS-403-18,B+,Regular
2416767,4,BTCS-404-18,O,Regular
2416767,4,BTCS-405-18,A,Regular
2416767,4,BTES-401-18,Ab(Ext),Regular
2416767,4,BTES-402-18,B+,Regular
2416767,4,EVS 101-18,A+,Regular
2416767,4,HSMC-122-18,B,Regular
2416768,1,BMPD-101-18,S,Reappear
2416768,1,BTAM101-23,P,Reappear
2416768,1,BTEE101-18,B+,Reappear
2416768,1,BTEE102-18,A,Reappear
2416768,1,BTME101-21,A,Reappear
2416768,1,BTPH101-23,B,Reappear
2416768,1,BTPH102-23,A+,Reappear
2416768,2,BMPD201-18,S,Regular
2416768,2,BTAM201-23,C,Regular
2416768,2,BTCH101-23,B,Regular
2416768,2,BTCH102-18,A+,Regular
2416768,2,BTHU101-18,A,Regular
2416768,2,BTHU102-18,B+,Regular
2416768,2,BTMP101-18,B+,Regular
2416768,2,BTPS101-18,F(Ext),Regular
2416768,2,BTPS102-18,A,Regular
2416768,3,BTAM-302-23,P,Regular
2416768,3,BTCS301-18,B+,Regular
2416768,3,BTCS302-18,B+,Regular
2416768,3,BTCS303-18,A,Regular
2416768,3,BTCS304-18,B,Regular
2416768,3,BTCS305-18,A,Regular
2416768,3,BTES301-18,C,Regular
2416768,3,BTES302-18,B+,Regular
2416768,3,HSMC10 1/102-18,B+,Regular
2416768,3,SIT,S,Regular
2416769,1,BMPD-101-18,S,Regular
2416769,1,BTAM101-23,F(Ext/Int),Regular
2416769,1,BTEE101-18,C,Regular
2416769,1,BTEE102-18,B+,Regular
2416769,1,BTME101-21,P,Regular
2416769,1,BTPH101-23,C,Regular
2416769,1,BTPH102-23,A,Regular
2416769,2,BMPD201-18,S,Regular
2416769,2,BTAM201-23,F(Ext),Regular
2416769,2,BTCH101-23,P,Regular
2416769,2,BTCH102-18,A+,Regular
2416769,2,BTHU101-18,A,Regular
2416769,2,BTHU102-18,A,Regular
2416769,2,BTMP101-18,B+,Regular
2416769,2,BTPS101-18,C,Regular
2416769,2,BTPS102-18,A+,Regular
2416769,3,BTAM-302-23,F(Ext),Regular
2416769,3,BTCS301-18,F(Ext),Regular
2416769,3,BTCS302-18,C,Regular
2416769,3,BTCS303-18,A,Regular
2416769,3,BTCS304-18,A,Regular
2416769,3,BTCS305-18,A+,Regular
2416769,3,BTES301-18,F(Ext),Regular
2416769,3,BTES302-18,B,Regular
2416769,3,HSMC10 1/102-18,P,Regular
2416769,3,SIT,S,Regular
2416770,1,BMPD-101-18,S,Regular
2416770,1,BTAM101-23,C,Regular
2416770,1,BTEE101-18,B+,Regular
2416770,1,BTEE102-18,A+,Regular
2416770,1,BTME101-21,A+,Regular
2416770,1,BTPH101-23,P,Regular
2416770,1,BTPH102-23,A+,Regular
2416770,2,BMPD201-18,S,Reappear
2416770,2,BTAM201-23,C,Reappear
2416770,2,BTCH101-23,F(Ext),Reappear
2416770,2,BTCH102-18,A+,Reappear
2416770,2,BTHU101-18,A+,Reappear
2416770,2,BTHU102-18,A+,Reappear
2416770,2,BTMP101-18,A+,Reappear
2416770,2,BTPS101-18,A,Reappear
2416770,2,BTPS102-18,A,Reappear
2416770,3,BTAM-302-23,F(Int),Regular
2416770,3,BTCS301-18,B+,Regular
2416770,3,BTCS302-18,F(Int),Regular
2416770,3,BTCS303-18,P,Regular
2416770,3,BTCS304-18,F(Int),Regular
2416770,3,BTCS305-18,F(Ext/Int),Regular
2416770,3,BTES301-18,F(Int),Regular
2416770,3,BTES302-18,F(Int),Regular
2416770,3,HSMC10 1/102-18,F(Ext),Regular
2416770,3,SIT,UN(Int),Regular
2416771,1,BMPD-101-18,S,Reappear
2416771,1,BTAM101-23,F(Ext),Reappear
2416771,1,BTEE101-18,B+,Reappear
2416771,1,BTEE102-18,A+,Reappear
2416771,1,BTME101-21,A,Reappear
2416771,1,BTPH101-23,C,Reappear
2416771,1,BTPH102-23,O,Reappear
2416771,2,BMPD201-18,S,Regular
2416771,2,BTAM201-23,F(Ext),Regular
2416771,2,BTCH101-23,B,Regular
2416771,2,BTCH102-18,A+,Regular
2416771,2,BTHU101-18,A+,Regular
2416771,2,BTHU102-18,A+,Regular
2416771,2,BTMP101-18,A,Regular
2416771,2,BTPS101-18,F(Ext),Regular
2416771,2,BTPS102-18,A+,Regular
2416771,3,BTAM-302-23,C,Regular
2416771,3,BTCS301-18,F(Ext),Regular
2416771,3,BTCS302-18,B,Regular
2416771,3,BTCS303-18,A,Regular
2416771,3,BTCS304-18,A+,Regular
2416771,3,BTCS305-18,A+,Regular
2416771,3,BTES301-18,C,Regular
2416771,3,BTES302-18,A,Regular
2416771,3,HSMC10 1/102-18,B+,Regular
2416771,3,SIT,S,Regular
2416771,4,BTCS-401-18,B+,Regular
2416771,4,BTCS-402-18,B+,Regular
2416771,4,BTCS-403-18,B+,Regular
2416771,4,BTCS-404-18,A,Regular
2416771,4,BTCS-405-18,B+,Regular
2416771,4,BTES-401-18,B,Regular
2416771,4,BTES-402-18,B+,Regular
2416771,4,EVS 101-18,A+,Regular
2416771,4,HSMC-122-18,B+,Regular
2416772,1,BMPD-101-18,S,Regular
2416772,1,BTAM101-23,B,Regular
2416772,1,BTEE101-18,C,Regular
2416772,1,BTEE102-18,A+,Regular
2416772,1,BTME101-21,A+,Regular
2416772,1,BTPH101-23,B,Regular
2416772,1,BTPH102-23,O,Regular
2416772,2,BMPD201-18,S,Regular
2416772,2,BTAM201-23,B,Regular
2416772,2,BTCH101-23,B,Regular
2416772,2,BTCH102-18,A+,Regular
2416772,2,BTHU101-18,A+,Regular
2416772,2,BTHU102-18,A+,Regular
2416772,2,BTMP101-18,A+,Regular
2416772,2,BTPS101-18,A,Regular
2416772,2,BTPS102-18,O,Regular
2416772,3,BTAM-302-23,F(Ext),Regular
2416772,3,BTCS301-18,A,Regular
2416772,3,BTCS302-18,A+,Regular
2416772,3,BTCS303-18,A+,Regular
2416772,3,BTCS304-18,O,Regular
2416772,3,BTCS305-18,A+,Regular
2416772,3,BTES301-18,B,Regular
2416772,3,BTES302-18,A,Regular
2416772,3,HSMC10 1/102-18,A,Regular
2416772,3,SIT,S,Regular
2416772,4,BTCS-401-18,B+,Regular
2416772,4,BTCS-402-18,A+,Regular
2416772,4,BTCS-403-18,A,Regular
2416772,4,BTCS-404-18,O,Regular
2416772,4,BTCS-405-18,A+,Regular
2416772,4,BTES-401-18,A+,Regular
2416772,4,BTES-402-18,A,Regular
2416772,4,EVS 101-18,A+,Regular
2416772,4,HSMC-122-18,B+,Regular
2416773,1,BMPD-101-18,S,Regular
2416773,1,BTAM101-23,B+,Regular
2416773,1,BTEE101-18,B+,Regular
2416773,1,BTEE102-18,O,Regular
2416773,1,BTME101-21,A+,Regular
2416773,1,BTPH101-23,B+,Regular
2416773,1,BTPH102-23,O,Regular
2416773,2,BMPD201-18,S,Regular
2416773,2,BTAM201-23,B,Regular
2416773,2,BTCH101-23,B+,Regular
2416773,2,BTCH102-18,A+,Regular
2416773,2,BTHU101-18,A+,Regular
2416773,2,BTHU102-18,A+,Regular
2416773,2,BTMP101-18,O,Regular
2416773,2,BTPS101-18,A,Regular
2416773,2,BTPS102-18,A+,Regular
2416773,3,BTAM-302-23,F(Ext),Regular
2416773,3,BTCS301-18,B,Regular
2416773,3,BTCS302-18,F(Ext),Regular
2416773,3,BTCS303-18,A+,Regular
2416773,3,BTCS304-18,O,Regular
2416773,3,BTCS305-18,A+,Regular
2416773,3,BTES301-18,B,Regular
2416773,3,BTES302-18,A,Regular
2416773,3,HSMC10 1/102-18,B+,Regular
2416773,3,SIT,S,Regular
2416773,4,BTCS-401-18,A,Regular
2416773,4,BTCS-402-18,A,Regular
2416773,4,BTCS-403-18,A,Regular
2416773,4,BTCS-404-18,O,Regular
2416773,4,BTCS-405-18,A+,Regular
2416773,4,BTES-401-18,A,Regular
2416773,4,BTES-402-18,A,Regular
2416773,4,EVS 101-18,A+,Regular
2416773,4,HSMC-122-18,B+,Regular
2416774,1,BMPD-101-18,S,Regular
2416774,1,BTAM101-23,A,Regular
2416774,1,BTEE101-18,A,Regular
2416774,1,BTEE102-18,O,Regular
2416774,1,BTME101-21,A+,Regular
2416774,1,BTPH101-23,B+,Regular
2416774,1,BTPH102-23,O,Regular
2416774,2,BMPD201-18,S,Regular
2416774,2,BTAM201-23,B+,Regular
2416774,2,BTCH101-23,A,Regular
2416774,2,BTCH102-18,A+,Regular
2416774,2,BTHU101-18,A+,Regular
2416774,2,BTHU102-18,A+,Regular
2416774,2,BTMP101-18,O,Regular
2416774,2,BTPS101-18,B+,Regular
2416774,2,BTPS102-18,A+,Regular
2416774,3,BTAM-302-23,B,Regular
2416774,3,BTCS301-18,A,Regular
2416774,3,BTCS302-18,B+,Regular
2416774,3,BTCS303-18,A+,Regular
2416774,3,BTCS304-18,O,Regular
2416774,3,BTCS305-18,A+,Regular
2416774,3,BTES301-18,B+,Regular
2416774,3,BTES302-18,A+,Regular
2416774,3,HSMC10 1/102-18,B+,Regular
2416774,3,SIT,S,Regular
2416774,4,BTCS-401-18,A,Regular
2416774,4,BTCS-402-18,A,Regular
2416774,4,BTCS-403-18,B+,Regular
2416774,4,BTCS-404-18,O,Regular
2416774,4,BTCS-405-18,A,Regular
2416774,4,BTES-401-18,B+,Regular
2416774,4,BTES-402-18,A+,Regular
2416774,4,EVS 101-18,A+,Regular
2416774,4,HSMC-122-18,B+,Regular
2416775,1,BMPD-101-18,S,Regular
2416775,1,BTAM101-23,B+,Regular
2416775,1,BTEE101-18,B+,Regular
2416775,1,BTEE102-18,A+,Regular
2416775,1,BTME101-21,B+,Regular
2416775,1,BTPH101-23,B,Regular
2416775,1,BTPH102-23,O,Regular
2416775,2,BMPD201-18,S,Regular
2416775,2,BTAM201-23,B+,Regular
2416775,2,BTCH101-23,B+,Regular
2416775,2,BTCH102-18,A+,Regular
2416775,2,BTHU101-18,A,Regular
2416775,2,BTHU102-18,A,Regular
2416775,2,BTMP101-18,B,Regular
2416775,2,BTPS101-18,B+,Regular
2416775,2,BTPS102-18,A+,Regular
2416775,3,BTAM-302-23,B,Regular
2416775,3,BTCS301-18,B+,Regular
2416775,3,BTCS302-18,A,Regular
2416775,3,BTCS303-18,A,Regular
2416775,3,BTCS304-18,B,Regular
2416775,3,BTCS305-18,B+,Regular
2416775,3,BTES301-18,B,Regular
2416775,3,BTES302-18,B+,Regular
2416775,3,HSMC10 1/102-18,B,Regular
2416775,3,SIT,S,Regular
2416775,4,BTCS-401-18,A,Regular
2416775,4,BTCS-402-18,A,Regular
2416775,4,BTCS-403-18,B+,Regular
2416775,4,BTCS-404-18,A+,Regular
2416775,4,BTCS-405-18,B+,Regular
2416775,4,BTES-401-18,B+,Regular
2416775,4,BTES-402-18,B+,Regular
2416775,4,EVS 101-18,B+,Regular
2416775,4,HSMC-122-18,B,Regular
2416776,1,BMPD-101-18,S,Regular
2416776,1,BTAM101-23,B,Regular
2416776,1,BTEE101-18,B+,Regular
2416776,1,BTEE102-18,A+,Regular
2416776,1,BTME101-21,A,Regular
2416776,1,BTPH101-23,B,Regular
2416776,1,BTPH102-23,A+,Regular
2416776,2,BMPD201-18,S,Regular
2416776,2,BTAM201-23,B+,Regular
2416776,2,BTCH101-23,B+,Regular
2416776,2,BTCH102-18,A+,Regular
2416776,2,BTHU101-18,A,Regular
2416776,2,BTHU102-18,A,Regular
2416776,2,BTMP101-18,B+,Regular
2416776,2,BTPS101-18,B+,Regular
2416776,2,BTPS102-18,A+,Regular
2416776,3,BTAM-302-23,A,Regular
2416776,3,BTCS301-18,A+,Regular
2416776,3,BTCS302-18,A+,Regular
2416776,3,BTCS303-18,A+,Regular
2416776,3,BTCS304-18,A,Regular
2416776,3,BTCS305-18,A,Regular
2416776,3,BTES301-18,B+,Regular
2416776,3,BTES302-18,A,Regular
2416776,3,HSMC10 1/102-18,B+,Regular
2416776,3,SIT,S,Regular
2416776,4,BTCS-401-18,A,Regular
2416776,4,BTCS-402-18,A+,Regular
2416776,4,BTCS-403-18,A,Regular
2416776,4,BTCS-404-18,O,Regular
2416776,4,BTCS-405-18,A+,Regular
2416776,4,BTES-401-18,A,Regular
2416776,4,BTES-402-18,B+,Regular
2416776,4,EVS 101-18,A,Regular
2416776,4,HSMC-122-18,B+,Regular
2416777,1,BMPD-101-18,S,Regular
2416777,1,BTAM101-23,B,Regular
2416777,1,BTEE101-18,B+,Regular
2416777,1,BTEE102-18,A,Regular
2416777,1,BTME101-21,A,Regular
2416777,1,BTPH101-23,B,Regular
2416777,1,BTPH102-23,O,Regular
2416777,2,BMPD201-18,S,Regular
2416777,2,BTAM201-23,C,Regular
2416777,2,BTCH101-23,A,Regular
2416777,2,BTCH102-18,A,Regular
2416777,2,BTHU101-18,A,Regular
2416777,2,BTHU102-18,B+,Regular
2416777,2,BTMP101-18,B,Regular
2416777,2,BTPS101-18,B,Regular
2416777,2,BTPS102-18,A,Regular
2416777,3,BTAM-302-23,C,Regular
2416777,3,BTCS301-18,B+,Regular
2416777,3,BTCS302-18,B+,Regular
2416777,3,BTCS303-18,B,Regular
2416777,3,BTCS304-18,Ab(Ext),Regular
2416777,3,BTCS305-18,Ab(Ext),Regular
2416777,3,BTES301-18,B,Regular
2416777,3,BTES302-18,P,Regular
2416777,3,HSMC10 1/102-18,B+,Regular
2416777,3,SIT,S,Regular
2416777,4,BTCS-401-18,C,Regular
2416777,4,BTCS-402-18,B,Regular
2416777,4,BTCS-403-18,B+,Regular
2416777,4,BTCS-404-18,P,Regular
2416777,4,BTCS-405-18,C,Regular
2416777,4,BTES-401-18,B,Regular
2416777,4,BTES-402-18,B,Regular
2416777,4,EVS 101-18,B+,Regular
2416777,4,HSMC-122-18,B,Regular
2416778,1,BMPD-101-18,S,Regular
2416778,1,BTAM101-23,B,Regular
2416778,1,BTEE101-18,B+,Regular
2416778,1,BTEE102-18,A+,Regular
2416778,1,BTME101-21,B+,Regular
2416778,1,BTPH101-23,B,Regular
2416778,1,BTPH102-23,A+,Regular
2416778,2,BMPD201-18,S,Regular
2416778,2,BTAM201-23,B,Regular
2416778,2,BTCH101-23,B,Regular
2416778,2,BTCH102-18,A+,Regular
2416778,2,BTHU101-18,A,Regular
2416778,2,BTHU102-18,A+,Regular
2416778,2,BTMP101-18,A,Regular
2416778,2,BTPS101-18,A,Regular
2416778,2,BTPS102-18,A,Regular
2416778,3,BTAM-302-23,C,Regular
2416778,3,BTCS301-18,B,Regular
2416778,3,BTCS302-18,B,Regular
2416778,3,BTCS303-18,A+,Regular
2416778,3,BTCS304-18,A,Regular
2416778,3,BTCS305-18,A,Regular
2416778,3,BTES301-18,B,Regular
2416778,3,BTES302-18,B+,Regular
2416778,3,HSMC10 1/102-18,B,Regular
2416778,3,SIT,S,Regular
2416778,4,BTCS-401-18,A+,Regular
2416778,4,BTCS-402-18,A,Regular
2416778,4,BTCS-403-18,B+,Regular
2416778,4,BTCS-404-18,A,Regular
2416778,4,BTCS-405-18,B+,Regular
2416778,4,BTES-401-18,A,Regular
2416778,4,BTES-402-18,B,Regular
2416778,4,EVS 101-18,A,Regular
2416778,4,HSMC-122-18,A,Regular
2416779,1,BMPD-101-18,S,Regular
2416779,1,BTAM101-23,B+,Regular
2416779,1,BTEE101-18,B+,Regular
2416779,1,BTEE102-18,A,Regular
2416779,1,BTME101-21,A+,Regular
2416779,1,BTPH101-23,B+,Regular
2416779,1,BTPH102-23,A+,Regular
2416779,2,BMPD201-18,S,Regular
2416779,2,BTAM201-23,B+,Regular
2416779,2,BTCH101-23,B+,Regular
2416779,2,BTCH102-18,A+,Regular
2416779,2,BTHU101-18,A,Regular
2416779,2,BTHU102-18,B+,Regular
2416779,2,BTMP101-18,B+,Regular
2416779,2,BTPS101-18,A,Regular
2416779,2,BTPS102-18,B+,Regular
2416779,3,BTAM-302-23,B,Regular
2416779,3,BTCS301-18,B+,Regular
2416779,3,BTCS302-18,B+,Regular
2416779,3,BTCS303-18,A,Regular
2416779,3,BTCS304-18,A,Regular
2416779,3,BTCS305-18,A+,Regular
2416779,3,BTES301-18,B,Regular
2416779,3,BTES302-18,A,Regular
2416779,3,HSMC10 1/102-18,B+,Regular
2416779,3,SIT,S,Regular
2416779,4,BTCS-401-18,B+,Regular
2416779,4,BTCS-402-18,A,Regular
2416779,4,BTCS-403-18,A+,Regular
2416779,4,BTCS-404-18,O,Regular
2416779,4,BTCS-405-18,A+,Regular
2416779,4,BTES-401-18,A+,Regular
2416779,4,BTES-402-18,B+,Regular
2416779,4,EVS 101-18,A+,Regular
2416779,4,HSMC-122-18,A,Regular
2416780,1,BMPD-101-18,S,Regular
2416780,1,BTAM101-23,B,Regular
2416780,1,BTEE101-18,B+,Regular
2416780,1,BTEE102-18,A+,Regular
2416780,1,BTME101-21,A+,Regular
2416780,1,BTPH101-23,B,Regular
2416780,1,BTPH102-23,O,Regular
2416780,2,BMPD201-18,S,Regular
2416780,2,BTAM201-23,B,Regular
2416780,2,BTCH101-23,B+,Regular
2416780,2,BTCH102-18,O,Regular
2416780,2,BTHU101-18,A,Regular
2416780,2,BTHU102-18,A+,Regular
2416780,2,BTMP101-18,A+,Regular
2416780,2,BTPS101-18,B+,Regular
2416780,2,BTPS102-18,O,Regular
2416780,3,BTAM-302-23,B,Regular
2416780,3,BTCS301-18,B+,Regular
2416780,3,BTCS302-18,F(Ext),Regular
2416780,3,BTCS303-18,A+,Regular
2416780,3,BTCS304-18,A+,Regular
2416780,3,BTCS305-18,A+,Regular
2416780,3,BTES301-18,B+,Regular
2416780,3,BTES302-18,A+,Regular
2416780,3,HSMC10 1/102-18,A,Regular
2416780,3,SIT,S,Regular
2416780,4,BTCS-401-18,A,Regular
2416780,4,BTCS-402-18,A,Regular
2416780,4,BTCS-403-18,A,Regular
2416780,4,BTCS-404-18,O,Regular
2416780,4,BTCS-405-18,A+,Regular
2416780,4,BTES-401-18,A,Regular
2416780,4,BTES-402-18,A+,Regular
2416780,4,EVS 101-18,O,Regular
2416780,4,HSMC-122-18,B+,Regular
2416781,1,BMPD-101-18,S,Reappear
2416781,1,BTAM101-23,B,Reappear
2416781,1,BTEE101-18,B+,Reappear
2416781,1,BTEE102-18,A+,Reappear
2416781,1,BTME101-21,A+,Reappear
2416781,1,BTPH101-23,Ab(Ext),Reappear
2416781,1,BTPH102-23,O,Reappear
2416781,2,BMPD201-18,S,Reappear
2416781,2,BTAM201-23,B,Reappear
2416781,2,BTCH101-23,B,Reappear
2416781,2,BTCH102-18,A+,Reappear
2416781,2,BTHU101-18,A,Reappear
2416781,2,BTHU102-18,B+,Reappear
2416781,2,BTMP101-18,A,Reappear
2416781,2,BTPS101-18,B,Reappear
2416781,2,BTPS102-18,A,Reappear
2416781,3,BTAM-302-23,B,Regular
2416781,3,BTCS301-18,B+,Regular
2416781,3,BTCS302-18,A,Regular
2416781,3,BTCS303-18,A+,Regular
2416781,3,BTCS304-18,A,Regular
2416781,3,BTCS305-18,A,Regular
2416781,3,BTES301-18,B,Regular
2416781,3,BTES302-18,B+,Regular
2416781,3,HSMC10 1/102-18,B,Regular
2416781,3,SIT,S,Regular
2416781,4,BTCS-401-18,B+,Regular
2416781,4,BTCS-402-18,B+,Regular
2416781,4,BTCS-403-18,A,Regular
2416781,4,BTCS-404-18,A+,Regular
2416781,4,BTCS-405-18,B+,Regular
2416781,4,BTES-401-18,B+,Regular
2416781,4,BTES-402-18,B,Regular
2416781,4,EVS 101-18,A+,Regular
2416781,4,HSMC-122-18,B+,Regular
2416782,1,BMPD-101-18,S,Regular
2416782,1,BTAM101-23,C,Regular
2416782,1,BTEE101-18,B,Regular
2416782,1,BTEE102-18,A+,Regular
2416782,1,BTME101-21,A,Regular
2416782,1,BTPH101-23,F(Ext),Regular
2416782,1,BTPH102-23,A+,Regular
2416782,2,BMPD201-18,S,Reappear
2416782,2,BTAM201-23,B,Reappear
2416782,2,BTCH101-23,F(Ext),Reappear
2416782,2,BTCH102-18,A+,Reappear
2416782,2,BTHU101-18,B,Reappear
2416782,2,BTHU102-18,A,Reappear
2416782,2,BTMP101-18,B+,Reappear
2416782,2,BTPS101-18,B+,Reappear
2416782,2,BTPS102-18,O,Reappear
2416782,3,BTAM-302-23,B,Regular
2416782,3,BTCS301-18,B+,Regular
2416782,3,BTCS302-18,B+,Regular
2416782,3,BTCS303-18,A+,Regular
2416782,3,BTCS304-18,A,Regular
2416782,3,BTCS305-18,A,Regular
2416782,3,BTES301-18,B,Regular
2416782,3,BTES302-18,B+,Regular
2416782,3,HSMC10 1/102-18,B,Regular
2416782,3,SIT,S,Regular
2416782,4,BTCS-401-18,B+,Regular
2416782,4,BTCS-402-18,C,Regular
2416782,4,BTCS-403-18,B,Regular
2416782,4,BTCS-404-18,A+,Regular
2416782,4,BTCS-405-18,A,Regular
2416782,4,BTES-401-18,B,Regular
2416782,4,BTES-402-18,A,Regular
2416782,4,EVS 101-18,B+,Regular
2416782,4,HSMC-122-18,B,Regular
2416783,1,BMPD-101-18,S,Regular
2416783,1,BTAM101-23,B,Regular
2416783,1,BTEE101-18,B+,Regular
2416783,1,BTEE102-18,A+,Regular
2416783,1,BTME101-21,A+,Regular
2416783,1,BTPH101-23,F(Ext),Regular
2416783,1,BTPH102-23,A+,Regular
2416783,2,BMPD201-18,S,Regular
2416783,2,BTAM201-23,A,Regular
2416783,2,BTCH101-23,A,Regular
2416783,2,BTCH102-18,O,Regular
2416783,2,BTHU101-18,A+,Regular
2416783,2,BTHU102-18,A+,Regular
2416783,2,BTMP101-18,O,Regular
2416783,2,BTPS101-18,B+,Regular
2416783,2,BTPS102-18,A+,Regular
2416783,3,BTAM-302-23,B+,Regular
2416783,3,BTCS301-18,A+,Regular
2416783,3,BTCS302-18,A,Regular
2416783,3,BTCS303-18,O,Regular
2416783,3,BTCS304-18,O,Regular
2416783,3,BTCS305-18,O,Regular
2416783,3,BTES301-18,B+,Regular
2416783,3,BTES302-18,O,Regular
2416783,3,HSMC10 1/102-18,B+,Regular
2416783,3,SIT,S,Regular
2416783,4,BTCS-401-18,A,Regular
2416783,4,BTCS-402-18,B,Regular
2416783,4,BTCS-403-18,A,Regular
2416783,4,BTCS-404-18,A+,Regular
2416783,4,BTCS-405-18,A+,Regular
2416783,4,BTES-401-18,B+,Regular
2416783,4,BTES-402-18,O,Regular
2416783,4,EVS 101-18,A,Regular
2416783,4,HSMC-122-18,B+,Regular
2416784,1,BMPD-101-18,S,Reappear
2416784,1,BTAM101-23,F(Ext),Reappear
2416784,1,BTEE101-18,C,Reappear
2416784,1,BTEE102-18,A+,Reappear
2416784,1,BTME101-21,B,Reappear
2416784,1,BTPH101-23,P,Reappear
2416784,1,BTPH102-23,A+,Reappear
2416784,2,BMPD201-18,S,Reappear
2416784,2,BTAM201-23,F(Ext),Reappear
2416784,2,BTCH101-23,B,Reappear
2416784,2,BTCH102-18,A+,Reappear
2416784,2,BTHU101-18,A,Reappear
2416784,2,BTHU102-18,B+,Reappear
2416784,2,BTMP101-18,A,Reappear
2416784,2,BTPS101-18,B,Reappear
2416784,2,BTPS102-18,A+,Reappear
2416784,3,BTAM-302-23,P,Regular
2416784,3,BTCS301-18,C,Regular
2416784,3,BTCS302-18,F(Ext),Regular
2416784,3,BTCS303-18,B,Regular
2416784,3,BTCS304-18,C,Regular
2416784,3,BTCS305-18,B+,Regular
2416784,3,BTES301-18,P,Regular
2416784,3,BTES302-18,B+,Regular
2416784,3,HSMC10 1/102-18,B+,Regular
2416784,3,SIT,S,Regular
2416784,4,BTCS-401-18,B+,Regular
2416784,4,BTCS-402-18,B,Regular
2416784,4,BTCS-403-18,B,Regular
2416784,4,BTCS-404-18,A+,Regular
2416784,4,BTCS-405-18,B+,Regular
2416784,4,BTES-401-18,B,Regular
2416784,4,BTES-402-18,B,Regular
2416784,4,EVS 101-18,B,Regular
2416784,4,HSMC-122-18,B,Regular
2416785,1,BMPD-101-18,S,Reappear
2416785,1,BTAM101-23,Ab(Ext),Reappear
2416785,1,BTEE101-18,Ab(Ext),Reappear
2416785,1,BTEE102-18,A,Reappear
2416785,1,BTME101-21,B,Reappear
2416785,1,BTPH101-23,Ab(Ext),Reappear
2416785,1,BTPH102-23,A+,Reappear
2416785,2,BMPD201-18,S,Regular
2416785,2,BTAM201-23,F(Ext),Regular
2416785,2,BTCH101-23,F(Ext),Regular
2416785,2,BTCH102-18,A+,Regular
2416785,2,BTHU101-18,B+,Regular
2416785,2,BTHU102-18,B+,Regular
2416785,2,BTMP101-18,A+,Regular
2416785,2,BTPS101-18,F(Ext),Regular
2416785,2,BTPS102-18,A,Regular
2416785,3,BTAM-302-23,F(Ext),Regular
2416785,3,BTCS301-18,F(Ext),Regular
2416785,3,BTCS302-18,F(Ext),Regular
2416785,3,BTCS303-18,A,Regular
2416785,3,BTCS304-18,B,Regular
2416785,3,BTCS305-18,A,Regular
2416785,3,BTES301-18,F(Ext),Regular
2416785,3,BTES302-18,A,Regular
2416785,3,HSMC10 1/102-18,F(Ext),Regular
2416785,3,SIT,S,Regular
2416785,4,BTCS-401-18,C,Regular
2416785,4,BTCS-402-18,B,Regular
2416785,4,BTCS-403-18,P,Regular
2416785,4,BTCS-404-18,A+,Regular
2416785,4,BTCS-405-18,A,Regular
2416785,4,BTES-401-18,C,Regular
2416785,4,BTES-402-18,B,Regular
2416785,4,EVS 101-18,B,Regular
2416785,4,HSMC-122-18,F(Ext),Regular
2416786,1,BMPD-101-18,S,Reappear
2416786,1,BTAM101-23,F(Ext),Reappear
2416786,1,BTEE101-18,F(Ext),Reappear
2416786,1,BTEE102-18,A+,Reappear
2416786,1,BTME101-21,B,Reappear
2416786,1,BTPH101-23,Ab(Ext),Reappear
2416786,1,BTPH102-23,A,Reappear
2416786,2,BMPD201-18,S,Regular
2416786,2,BTAM201-23,F(Ext/Int),Regular
2416786,2,BTCH101-23,F(Ext),Regular
2416786,2,BTCH102-18,A+,Regular
2416786,2,BTHU101-18,P,Regular
2416786,2,BTHU102-18,B+,Regular
2416786,2,BTMP101-18,B+,Regular
2416786,2,BTPS101-18,F(Ext),Regular
2416786,2,BTPS102-18,B+,Regular
2416787,2,BMPD201-18,S,Reappear
2416787,2,BTAM201-23,F(Ext),Reappear
2416787,2,BTCH101-23,Ab(Ext),Reappear
2416787,2,BTCH102-18,A+,Reappear
2416787,2,BTHU101-18,B+,Reappear
2416787,2,BTHU102-18,A+,Reappear
2416787,2,BTMP101-18,A+,Reappear
2416787,2,BTPS101-18,B,Reappear
2416787,2,BTPS102-18,A,Reappear
2416787,3,BTCS301-18,F(Int)/Ab (Ext),Regular
2416787,3,BTCS302-18,F(Int)/Ab (Ext),Regular
2416787,3,BTCS303-18,Ab(Ext),Regular
2416787,3,BTCS304-18,Ab(Ext),Regular
2416787,3,BTCS305-18,Ab(Ext),Regular
2416787,3,BTES301-18,F(Int)/Ab (Ext),Regular
2416787,3,BTES302-18,B+,Regular
2416787,3,HSMC10 1/102-18,F(Int)/Ab (Ext),Regular
2416787,3,SIT,S,Regular
2416787,4,BTCS-401-18,F(Int)/Ab (Ext),Regular
2416787,4,BTCS-402-18,F(Int)/Ab (Ext),Regular
2416787,4,BTCS-403-18,F(Int)/Ab (Ext),Regular
2416787,4,BTCS-404-18,F(Int)/Ab (Ext),Regular
2416787,4,BTCS-405-18,F(Int)/Ab (Ext),Regular
2416787,4,BTES-401-18,F(Int)/Ab (Ext),Regular
2416787,4,BTES-402-18,F(Int)/Ab (Ext),Regular
2416787,4,EVS 101-18,F(Int),Regular
2416787,4,HSMC-122-18,F(Int)/Ab (Ext),Regular
2416788,1,BMPD-101-18,S,Regular
2416788,1,BTAM101-23,B+,Regular
2416788,1,BTEE101-18,B,Regular
2416788,1,BTEE102-18,A,Regular
2416788,1,BTME101-21,B+,Regular
2416788,1,BTPH101-23,C,Regular
2416788,1,BTPH102-23,A+,Regular
2416788,2,BMPD201-18,S,Regular
2416788,2,BTAM201-23,B,Regular
2416788,2,BTCH101-23,B+,Regular
2416788,2,BTCH102-18,A,Regular
2416788,2,BTHU101-18,A,Regular
2416788,2,BTHU102-18,A,Regular
2416788,2,BTMP101-18,B,Regular
2416788,2,BTPS101-18,A,Regular
2416788,2,BTPS102-18,A,Regular
2416788,3,BTAM-302-23,B+,Regular
2416788,3,BTCS301-18,A,Regular
2416788,3,BTCS302-18,A,Regular
2416788,3,BTCS303-18,A,Regular
2416788,3,BTCS304-18,B+,Regular
2416788,3,BTCS305-18,A+,Regular
2416788,3,BTES301-18,C,Regular
2416788,3,BTES302-18,B,Regular
2416788,3,HSMC10 1/102-18,B+,Regular
2416788,3,SIT,S,Regular
2416788,4,BTCS-401-18,B+,Regular
2416788,4,BTCS-402-18,A,Regular
2416788,4,BTCS-403-18,A,Regular
2416788,4,BTCS-404-18,P,Regular
2416788,4,BTCS-405-18,C,Regular
2416788,4,BTES-401-18,B+,Regular
2416788,4,BTES-402-18,P,Regular
2416788,4,EVS 101-18,A,Regular
2416788,4,HSMC-122-18,B+,Regular
2416789,1,BMPD-101-18,S,Regular
2416789,1,BTAM101-23,B+,Regular
2416789,1,BTEE101-18,A,Regular
2416789,1,BTEE102-18,O,Regular
2416789,1,BTME101-21,A+,Regular
2416789,1,BTPH101-23,B+,Regular
2416789,1,BTPH102-23,A+,Regular
2416789,2,BMPD201-18,S,Regular
2416789,2,BTAM201-23,B+,Regular
2416789,2,BTCH101-23,A+,Regular
2416789,2,BTCH102-18,A,Regular
2416789,2,BTHU101-18,A,Regular
2416789,2,BTHU102-18,A,Regular
2416789,2,BTMP101-18,A+,Regular
2416789,2,BTPS101-18,A,Regular
2416789,2,BTPS102-18,A,Regular
2416789,3,BTAM-302-23,A,Regular
2416789,3,BTCS301-18,A+,Regular
2416789,3,BTCS302-18,A,Regular
2416789,3,BTCS303-18,A+,Regular
2416789,3,BTCS304-18,A+,Regular
2416789,3,BTCS305-18,B+,Regular
2416789,3,BTES301-18,A,Regular
2416789,3,BTES302-18,A+,Regular
2416789,3,HSMC10 1/102-18,A,Regular
2416789,3,SIT,S,Regular
2416789,4,BTCS-401-18,A+,Regular
2416789,4,BTCS-402-18,A+,Regular
2416789,4,BTCS-403-18,A+,Regular
2416789,4,BTCS-404-18,O,Regular
2416789,4,BTCS-405-18,A+,Regular
2416789,4,BTES-401-18,A+,Regular
2416789,4,BTES-402-18,A+,Regular
2416789,4,EVS 101-18,O,Regular
2416789,4,HSMC-122-18,A,Regular
2416790,1,BMPD-101-18,S,Regular
2416790,1,BTAM101-23,B,Regular
2416790,1,BTEE101-18,B+,Regular
2416790,1,BTEE102-18,A+,Regular
2416790,1,BTME101-21,A+,Regular
2416790,1,BTPH101-23,A,Regular
2416790,1,BTPH102-23,O,Regular
2416790,2,BMPD201-18,S,Regular
2416790,2,BTAM201-23,B+,Regular
2416790,2,BTCH101-23,A,Regular
2416790,2,BTCH102-18,A+,Regular
2416790,2,BTHU101-18,A+,Regular
2416790,2,BTHU102-18,A+,Regular
2416790,2,BTMP101-18,A,Regular
2416790,2,BTPS101-18,A,Regular
2416790,2,BTPS102-18,A+,Regular
2416790,3,BTAM-302-23,B,Regular
2416790,3,BTCS301-18,B,Regular
2416790,3,BTCS302-18,B,Regular
2416790,3,BTCS303-18,A,Regular
2416790,3,BTCS304-18,A+,Regular
2416790,3,BTCS305-18,A,Regular
2416790,3,BTES301-18,B,Regular
2416790,3,BTES302-18,A+,Regular
2416790,3,HSMC10 1/102-18,B+,Regular
2416790,3,SIT,S,Regular
2416791,1,BMPD-101-18,S,Regular
2416791,1,BTAM101-23,B+,Regular
2416791,1,BTEE101-18,B+,Regular
2416791,1,BTEE102-18,A+,Regular
2416791,1,BTME101-21,A+,Regular
2416791,1,BTPH101-23,B,Regular
2416791,1,BTPH102-23,A+,Regular
2416791,2,BMPD201-18,S,Regular
2416791,2,BTAM201-23,A,Regular
2416791,2,BTCH101-23,A,Regular
2416791,2,BTCH102-18,A+,Regular
2416791,2,BTHU101-18,A+,Regular
2416791,2,BTHU102-18,A+,Regular
2416791,2,BTMP101-18,A+,Regular
2416791,2,BTPS101-18,A+,Regular
2416791,2,BTPS102-18,O,Regular
2416791,3,BTAM-302-23,B+,Regular
2416791,3,BTCS301-18,A+,Regular
2416791,3,BTCS302-18,A+,Regular
2416791,3,BTCS303-18,A,Regular
2416791,3,BTCS304-18,A,Regular
2416791,3,BTCS305-18,B+,Regular
2416791,3,BTES301-18,A,Regular
2416791,3,BTES302-18,A+,Regular
2416791,3,HSMC10 1/102-18,A,Regular
2416791,3,SIT,S,Regular
2416791,4,BTCS-401-18,A,Regular
2416791,4,BTCS-402-18,A,Regular
2416791,4,BTCS-403-18,A,Regular
2416791,4,BTCS-404-18,A,Regular
2416791,4,BTCS-405-18,A,Regular
2416791,4,BTES-401-18,A,Regular
2416791,4,BTES-402-18,P,Regular
2416791,4,EVS 101-18,A+,Regular
2416791,4,HSMC-122-18,B+,Regular
2416792,1,BMPD-101-18,S,Reappear
2416792,1,BTAM101-23,P,Reappear
2416792,1,BTEE101-18,B+,Reappear
2416792,1,BTEE102-18,A+,Reappear
2416792,1,BTME101-21,A,Reappear
2416792,1,BTPH101-23,C,Reappear
2416792,1,BTPH102-23,A+,Reappear
2416792,2,BMPD201-18,S,Regular
2416792,2,BTAM201-23,F(Ext),Regular
2416792,2,BTCH101-23,B,Regular
2416792,2,BTCH102-18,A+,Regular
2416792,2,BTHU101-18,B+,Regular
2416792,2,BTHU102-18,A,Regular
2416792,2,BTMP101-18,A,Regular
2416792,2,BTPS101-18,F(Ext),Regular
2416792,2,BTPS102-18,A+,Regular
2416792,3,BTAM-302-23,F(Ext),Regular
2416792,3,BTCS301-18,C,Regular
2416792,3,BTCS302-18,F(Ext),Regular
2416792,3,BTCS303-18,B+,Regular
2416792,3,BTCS304-18,A,Regular
2416792,3,BTCS305-18,A,Regular
2416792,3,BTES301-18,F(Ext),Regular
2416792,3,BTES302-18,B+,Regular
2416792,3,HSMC10 1/102-18,C,Regular
2416792,3,SIT,S,Regular
2416792,4,BTCS-401-18,F(Ext),Regular
2416792,4,BTCS-402-18,B+,Regular
2416792,4,BTCS-403-18,C,Regular
2416792,4,BTCS-404-18,O,Regular
2416792,4,BTCS-405-18,A,Regular
2416792,4,BTES-401-18,F(Ext),Regular
2416792,4,BTES-402-18,B,Regular
2416792,4,EVS 101-18,A,Regular
2416792,4,HSMC-122-18,B,Regular
2416793,1,BMPD-101-18,S,Reappear
2416793,1,BTAM101-23,C,Reappear
2416793,1,BTEE101-18,B+,Reappear
2416793,1,BTEE102-18,A+,Reappear
2416793,1,BTME101-21,A,Reappear
2416793,1,BTPH101-23,B,Reappear
2416793,1,BTPH102-23,A+,Reappear
2416793,2,BMPD201-18,S,Reappear
2416793,2,BTAM201-23,Ab(Ext),Reappear
2416793,2,BTCH101-23,C,Reappear
2416793,2,BTCH102-18,A+,Reappear
2416793,2,BTHU101-18,A,Reappear
2416793,2,BTHU102-18,A,Reappear
2416793,2,BTMP101-18,O,Reappear
2416793,2,BTPS101-18,B,Reappear
2416793,2,BTPS102-18,A+,Reappear
2416793,3,BTAM-302-23,C,Regular
2416793,3,BTCS301-18,B,Regular
2416793,3,BTCS302-18,F(Ext),Regular
2416793,3,BTCS303-18,A,Regular
2416793,3,BTCS304-18,A+,Regular
2416793,3,BTCS305-18,B+,Regular
2416793,3,BTES301-18,C,Regular
2416793,3,BTES302-18,A,Regular
2416793,3,HSMC10 1/102-18,A,Regular
2416793,3,SIT,S,Regular
2416793,4,BTCS-401-18,C,Regular
2416793,4,BTCS-402-18,B+,Regular
2416793,4,BTCS-403-18,B,Regular
2416793,4,BTCS-404-18,A+,Regular
2416793,4,BTCS-405-18,A,Regular
2416793,4,BTES-401-18,B,Regular
2416793,4,BTES-402-18,B+,Regular
2416793,4,EVS 101-18,A+,Regular
2416793,4,HSMC-122-18,B+,Regular
2416794,1,BMPD-101-18,S,Regular
2416794,1,BTAM101-23,B,Regular
2416794,1,BTEE101-18,B+,Regular
2416794,1,BTEE102-18,O,Regular
2416794,1,BTME101-21,A,Regular
2416794,1,BTPH101-23,B,Regular
2416794,1,BTPH102-23,A+,Regular
2416794,2,BMPD201-18,S,Regular
2416794,2,BTAM201-23,B+,Regular
2416794,2,BTCH101-23,B+,Regular
2416794,2,BTCH102-18,A+,Regular
2416794,2,BTHU101-18,A+,Regular
2416794,2,BTHU102-18,A+,Regular
2416794,2,BTMP101-18,A,Regular
2416794,2,BTPS101-18,B+,Regular
2416794,2,BTPS102-18,A+,Regular
2416794,3,BTAM-302-23,B,Regular
2416794,3,BTCS301-18,A,Regular
2416794,3,BTCS302-18,B+,Regular
2416794,3,BTCS303-18,A,Regular
2416794,3,BTCS304-18,A+,Regular
2416794,3,BTCS305-18,A+,Regular
2416794,3,BTES301-18,B+,Regular
2416794,3,BTES302-18,A,Regular
2416794,3,HSMC10 1/102-18,B+,Regular
2416794,3,SIT,S,Regular
2416795,1,BMPD-101-18,S,Regular
2416795,1,BTAM101-23,B,Regular
2416795,1,BTEE101-18,B+,Regular
2416795,1,BTEE102-18,O,Regular
2416795,1,BTME101-21,A+,Regular
2416795,1,BTPH101-23,B,Regular
2416795,1,BTPH102-23,O,Regular
2416795,2,BMPD201-18,S,Regular
2416795,2,BTAM201-23,B+,Regular
2416795,2,BTCH101-23,A,Regular
2416795,2,BTCH102-18,A+,Regular
2416795,2,BTHU101-18,A+,Regular
2416795,2,BTHU102-18,A+,Regular
2416795,2,BTMP101-18,A,Regular
2416795,2,BTPS101-18,A,Regular
2416795,2,BTPS102-18,A+,Regular
2416795,3,BTAM-302-23,F(Ext),Regular
2416795,3,BTCS301-18,B+,Regular
2416795,3,BTCS302-18,F(Ext),Regular
2416795,3,BTCS303-18,A,Regular
2416795,3,BTCS304-18,A,Regular
2416795,3,BTCS305-18,A,Regular
2416795,3,BTES301-18,B,Regular
2416795,3,BTES302-18,A,Regular
2416795,3,HSMC10 1/102-18,A,Regular
2416795,3,SIT,S,Regular
2416795,4,BTCS-401-18,B+,Regular
2416795,4,BTCS-402-18,B+,Regular
2416795,4,BTCS-403-18,B+,Regular
2416795,4,BTCS-404-18,A+,Regular
2416795,4,BTCS-405-18,A,Regular
2416795,4,BTES-401-18,A,Regular
2416795,4,BTES-402-18,B+,Regular
2416795,4,EVS 101-18,A+,Regular
2416795,4,HSMC-122-18,A,Regular
2416796,2,BMPD201-18,S,Regular
2416796,2,BTAM201-23,B+,Regular
2416796,2,BTCH101-23,B+,Regular
2416796,2,BTCH102-18,A+,Regular
2416796,2,BTHU101-18,A+,Regular
2416796,2,BTHU102-18,B+,Regular
2416796,2,BTMP101-18,A+,Regular
2416796,2,BTPS101-18,A,Regular
2416796,2,BTPS102-18,A+,Regular
2416796,3,BTAM-302-23,B,Regular
2416796,3,BTCS301-18,A,Regular
2416796,3,BTCS302-18,B+,Regular
2416796,3,BTCS303-18,B+,Regular
2416796,3,BTCS304-18,A+,Regular
2416796,3,BTCS305-18,C,Regular
2416796,3,BTES301-18,B,Regular
2416796,3,BTES302-18,A,Regular
2416796,3,HSMC10 1/102-18,A,Regular
2416796,3,SIT,S,Regular
2416798,1,BMPD-101-18,S,Regular
2416798,1,BTAM101-23,F(Ext),Regular
2416798,1,BTEE101-18,P,Regular
2416798,1,BTEE102-18,A+,Regular
2416798,1,BTME101-21,B,Regular
2416798,1,BTPH101-23,F(Ext),Regular
2416798,1,BTPH102-23,A,Regular
2416798,2,BMPD201-18,S,Reappear
2416798,2,BTAM201-23,F(Ext/Int),Reappear
2416798,2,BTCH101-23,C,Reappear
2416798,2,BTCH102-18,A,Reappear
2416798,2,BTHU101-18,P,Reappear
2416798,2,BTHU102-18,B+,Reappear
2416798,2,BTMP101-18,B+,Reappear
2416798,2,BTPS101-18,Ab(Ext),Reappear
2416798,2,BTPS102-18,A,Reappear
2416798,3,BTAM-302-23,F(Ext),Regular
2416798,3,BTCS301-18,F(Ext),Regular
2416798,3,BTCS302-18,F(Ext),Regular
2416798,3,BTCS303-18,A,Regular
2416798,3,BTCS304-18,A,Regular
2416798,3,BTCS305-18,B,Regular
2416798,3,BTES301-18,P,Regular
2416798,3,BTES302-18,A,Regular
2416798,3,HSMC10 1/102-18,C,Regular
2416798,3,SIT,S,Regular
2416798,4,BTCS-401-18,F(Ext),Regular
2416798,4,BTCS-402-18,F(Ext),Regular
2416798,4,BTCS-403-18,F(Ext),Regular
2416798,4,BTCS-404-18,B+,Regular
2416798,4,BTCS-405-18,B+,Regular
2416798,4,BTES-401-18,F(Ext),Regular
2416798,4,BTES-402-18,C,Regular
2416798,4,EVS 101-18,B+,Regular
2416798,4,HSMC-122-18,B,Regular
2416799,1,BMPD-101-18,S,Regular
2416799,1,BTAM101-23,P,Regular
2416799,1,BTEE101-18,B,Regular
2416799,1,BTEE102-18,A,Regular
2416799,1,BTME101-21,B+,Regular
2416799,1,BTPH101-23,C,Regular
2416799,1,BTPH102-23,A+,Regular
2416799,2,BMPD201-18,S,Regular
2416799,2,BTAM201-23,C,Regular
2416799,2,BTCH101-23,B,Regular
2416799,2,BTCH102-18,A,Regular
2416799,2,BTHU101-18,A,Regular
2416799,2,BTHU102-18,A,Regular
2416799,2,BTMP101-18,B+,Regular
2416799,2,BTPS101-18,B,Regular
2416799,2,BTPS102-18,A,Regular
2416799,3,BTAM-302-23,B,Regular
2416799,3,BTCS301-18,B+,Regular
2416799,3,BTCS302-18,B+,Regular
2416799,3,BTCS303-18,A,Regular
2416799,3,BTCS304-18,B+,Regular
2416799,3,BTCS305-18,B,Regular
2416799,3,BTES301-18,C,Regular
2416799,3,BTES302-18,B,Regular
2416799,3,HSMC10 1/102-18,B+,Regular
2416799,3,SIT,S,Regular
2416801,1,BMPD-101-18,S,Reappear
2416801,1,BTAM101-23,B,Reappear
2416801,1,BTEE101-18,B+,Reappear
2416801,1,BTEE102-18,A+,Reappear
2416801,1,BTME101-21,A+,Reappear
2416801,1,BTPH101-23,B,Reappear
2416801,1,BTPH102-23,O,Reappear
2416801,2,BMPD201-18,S,Regular
2416801,2,BTAM201-23,B,Regular
2416801,2,BTCH101-23,B+,Regular
2416801,2,BTCH102-18,A+,Regular
2416801,2,BTHU101-18,A+,Regular
2416801,2,BTHU102-18,A+,Regular
2416801,2,BTMP101-18,A,Regular
2416801,2,BTPS101-18,B+,Regular
2416801,2,BTPS102-18,A+,Regular
2416801,3,BTAM-302-23,B,Regular
2416801,3,BTCS301-18,B+,Regular
2416801,3,BTCS302-18,F(Ext),Regular
2416801,3,BTCS303-18,B+,Regular
2416801,3,BTCS304-18,B,Regular
2416801,3,BTCS305-18,B,Regular
2416801,3,BTES301-18,B,Regular
2416801,3,BTES302-18,B+,Regular
2416801,3,HSMC10 1/102-18,B+,Regular
2416801,3,SIT,S,Regular
2416802,1,BMPD-101-18,S,Regular
2416802,1,BTAM101-23,B,Regular
2416802,1,BTEE101-18,A,Regular
2416802,1,BTEE102-18,O,Regular
2416802,1,BTME101-21,A,Regular
2416802,1,BTPH101-23,B,Regular
2416802,1,BTPH102-23,A+,Regular
2416802,2,BMPD201-18,S,Regular
2416802,2,BTAM201-23,B+,Regular
2416802,2,BTCH101-23,B+,Regular
2416802,2,BTCH102-18,A+,Regular
2416802,2,BTHU101-18,A+,Regular
2416802,2,BTHU102-18,A+,Regular
2416802,2,BTMP101-18,A,Regular
2416802,2,BTPS101-18,A,Regular
2416802,2,BTPS102-18,O,Regular
2416802,3,BTAM-302-23,B,Regular
2416802,3,BTCS301-18,B+,Regular
2416802,3,BTCS302-18,A,Regular
2416802,3,BTCS303-18,A+,Regular
2416802,3,BTCS304-18,A+,Regular
2416802,3,BTCS305-18,B+,Regular
2416802,3,BTES301-18,C,Regular
2416802,3,BTES302-18,A,Regular
2416802,3,HSMC10 1/102-18,B+,Regular
2416802,3,SIT,S,Regular
2416802,4,BTCS-401-18,B,Regular
2416802,4,BTCS-402-18,B+,Regular
2416802,4,BTCS-403-18,B+,Regular
2416802,4,BTCS-404-18,A+,Regular
2416802,4,BTCS-405-18,A,Regular
2416802,4,BTES-401-18,B+,Regular
2416802,4,BTES-402-18,B,Regular
2416802,4,EVS 101-18,A+,Regular
2416802,4,HSMC-122-18,B+,Regular
2416803,1,BMPD-101-18,S,Reappear
2416803,1,BTAM101-23,P,Reappear
2416803,1,BTEE101-18,B,Reappear
2416803,1,BTEE102-18,A+,Reappear
2416803,1,BTME101-21,B,Reappear
2416803,1,BTPH101-23,P,Reappear
2416803,1,BTPH102-23,A+,Reappear
2416803,2,BMPD201-18,S,Reappear
2416803,2,BTAM201-23,F(Ext),Reappear
2416803,2,BTCH101-23,B,Reappear
2416803,2,BTCH102-18,A+,Reappear
2416803,2,BTHU101-18,B+,Reappear
2416803,2,BTHU102-18,A+,Reappear
2416803,2,BTMP101-18,B+,Reappear
2416803,2,BTPS101-18,B,Reappear
2416803,2,BTPS102-18,A+,Reappear
2416803,3,BTAM-302-23,F(Ext/Int),Regular
2416803,3,BTCS301-18,C,Regular
2416803,3,BTCS302-18,F(Ext),Regular
2416803,3,BTCS303-18,A,Regular
2416803,3,BTCS304-18,A,Regular
2416803,3,BTCS305-18,B+,Regular
2416803,3,BTES301-18,P,Regular
2416803,3,BTES302-18,B+,Regular
2416803,3,HSMC10 1/102-18,B,Regular
2416803,3,SIT,S,Regular
2416803,4,BTCS-401-18,F(Ext),Regular
2416803,4,BTCS-402-18,F(Ext/Int),Regular
2416803,4,BTCS-403-18,F(Ext),Regular
2416803,4,BTCS-404-18,A,Regular
2416803,4,BTCS-405-18,B+,Regular
2416803,4,BTES-401-18,C,Regular
2416803,4,BTES-402-18,B,Regular
2416803,4,EVS 101-18,C,Regular
2416803,4,HSMC-122-18,C,Regular
2416804,1,BMPD-101-18,S,Reappear
2416804,1,BTAM101-23,B,Reappear
2416804,1,BTEE101-18,B,Reappear
2416804,1,BTEE102-18,A+,Reappear
2416804,1,BTME101-21,B+,Reappear
2416804,1,BTPH101-23,C,Reappear
2416804,1,BTPH102-23,A+,Reappear
2416804,2,BMPD201-18,S,Regular
2416804,2,BTAM201-23,C,Regular
2416804,2,BTCH101-23,B+,Regular
2416804,2,BTCH102-18,A+,Regular
2416804,2,BTHU101-18,B+,Regular
2416804,2,BTHU102-18,A+,Regular
2416804,2,BTMP101-18,A+,Regular
2416804,2,BTPS101-18,B,Regular
2416804,2,BTPS102-18,A+,Regular
2416804,3,BTAM-302-23,B,Regular
2416804,3,BTCS301-18,B+,Regular
2416804,3,BTCS302-18,B,Regular
2416804,3,BTCS303-18,A+,Regular
2416804,3,BTCS304-18,B,Regular
2416804,3,BTCS305-18,A+,Regular
2416804,3,BTES301-18,C,Regular
2416804,3,BTES302-18,A,Regular
2416804,3,HSMC10 1/102-18,B+,Regular
2416804,3,SIT,S,Regular
2416804,4,BTCS-401-18,B,Regular
2416804,4,BTCS-402-18,B,Regular
2416804,4,BTCS-403-18,B+,Regular
2416804,4,BTCS-404-18,P,Regular
2416804,4,BTCS-405-18,C,Regular
2416804,4,BTES-401-18,B,Regular
2416804,4,BTES-402-18,P,Regular
2416804,4,EVS 101-18,A,Regular
2416804,4,HSMC-122-18,B,Regular
2416805,1,BMPD-101-18,S,Regular
2416805,1,BTAM101-23,C,Regular
2416805,1,BTEE101-18,C,Regular
2416805,1,BTEE102-18,A,Regular
2416805,1,BTME101-21,A,Regular
2416805,1,BTPH101-23,F(Ext),Regular
2416805,1,BTPH102-23,A,Regular
2416805,2,BMPD201-18,S,Regular
2416805,2,BTAM201-23,Ab(Ext),Regular
2416805,2,BTCH101-23,P,Regular
2416805,2,BTCH102-18,A+,Regular
2416805,2,BTHU101-18,Ab(Ext),Regular
2416805,2,BTHU102-18,A+,Regular
2416805,2,BTMP101-18,B+,Regular
2416805,2,BTPS101-18,Ab(Ext),Regular
2416805,2,BTPS102-18,A,Regular
2416805,3,BTAM-302-23,B,Regular
2416805,3,BTCS301-18,A,Regular
2416805,3,BTCS302-18,B,Regular
2416805,3,BTCS303-18,A+,Regular
2416805,3,BTCS304-18,B+,Regular
2416805,3,BTCS305-18,B+,Regular
2416805,3,BTES301-18,C,Regular
2416805,3,BTES302-18,A,Regular
2416805,3,HSMC10 1/102-18,B,Regular
2416805,3,SIT,S,Regular
2416805,4,BTCS-401-18,C,Regular
2416805,4,BTCS-402-18,B,Regular
2416805,4,BTCS-403-18,B,Regular
2416805,4,BTCS-404-18,F(Int),Regular
2416805,4,BTCS-405-18,C,Regular
2416805,4,BTES-401-18,B,Regular
2416805,4,BTES-402-18,F(Int),Regular
2416805,4,EVS 101-18,B+,Regular
2416805,4,HSMC-122-18,B,Regular
2416807,1,BMPD-101-18,S,Regular
2416807,1,BTAM101-23,B,Regular
2416807,1,BTEE101-18,B+,Regular
2416807,1,BTEE102-18,O,Regular
2416807,1,BTME101-21,A,Regular
2416807,1,BTPH101-23,B+,Regular
2416807,1,BTPH102-23,O,Regular
2416807,2,BMPD201-18,S,Regular
2416807,2,BTAM201-23,B+,Regular
2416807,2,BTCH101-23,A,Regular
2416807,2,BTCH102-18,A+,Regular
2416807,2,BTHU101-18,A+,Regular
2416807,2,BTHU102-18,A+,Regular
2416807,2,BTMP101-18,A,Regular
2416807,2,BTPS101-18,A,Regular
2416807,2,BTPS102-18,O,Regular
2416807,3,BTAM-302-23,B,Regular
2416807,3,BTCS301-18,B+,Regular
2416807,3,BTCS302-18,B+,Regular
2416807,3,BTCS303-18,A+,Regular
2416807,3,BTCS304-18,A,Regular
2416807,3,BTCS305-18,B+,Regular
2416807,3,BTES301-18,B,Regular
2416807,3,BTES302-18,A,Regular
2416807,3,HSMC10 1/102-18,A,Regular
2416807,3,SIT,S,Regular
2416807,4,BTCS-401-18,A,Regular
2416807,4,BTCS-402-18,A,Regular
2416807,4,BTCS-403-18,A,Regular
2416807,4,BTCS-404-18,A+,Regular
2416807,4,BTCS-405-18,A,Regular
2416807,4,BTES-401-18,A+,Regular
2416807,4,BTES-402-18,A+,Regular
2416807,4,EVS 101-18,O,Regular
2416807,4,HSMC-122-18,A,Regular
2416808,1,BMPD-101-18,S,Regular
2416808,1,BTAM101-23,B+,Regular
2416808,1,BTEE101-18,A,Regular
2416808,1,BTEE102-18,O,Regular
2416808,1,BTME101-21,A,Regular
2416808,1,BTPH101-23,A,Regular
2416808,1,BTPH102-23,O,Regular
2416808,2,BMPD201-18,S,Regular
2416808,2,BTAM201-23,B+,Regular
2416808,2,BTCH101-23,A+,Regular
2416808,2,BTCH102-18,O,Regular
2416808,2,BTHU101-18,A,Regular
2416808,2,BTHU102-18,A+,Regular
2416808,2,BTMP101-18,O,Regular
2416808,2,BTPS101-18,B+,Regular
2416808,2,BTPS102-18,O,Regular
2416808,3,BTAM-302-23,B+,Regular
2416808,3,BTCS301-18,B+,Regular
2416808,3,BTCS302-18,A,Regular
2416808,3,BTCS303-18,O,Regular
2416808,3,BTCS304-18,A+,Regular
2416808,3,BTCS305-18,A+,Regular
2416808,3,BTES301-18,B,Regular
2416808,3,BTES302-18,A+,Regular
2416808,3,HSMC10 1/102-18,B+,Regular
2416808,3,SIT,S,Regular
2416808,4,BTCS-401-18,B+,Regular
2416808,4,BTCS-402-18,B+,Regular
2416808,4,BTCS-403-18,B+,Regular
2416808,4,BTCS-404-18,O,Regular
2416808,4,BTCS-405-18,A,Regular
2416808,4,BTES-401-18,B+,Regular
2416808,4,BTES-402-18,A+,Regular
2416808,4,EVS 101-18,A+,Regular
2416808,4,HSMC-122-18,B+,Regular
2416809,1,BMPD-101-18,S,Regular
2416809,1,BTAM101-23,B,Regular
2416809,1,BTEE101-18,B+,Regular
2416809,1,BTEE102-18,A+,Regular
2416809,1,BTME101-21,A,Regular
2416809,1,BTPH101-23,B,Regular
2416809,1,BTPH102-23,O,Regular
2416809,2,BMPD201-18,S,Regular
2416809,2,BTAM201-23,B,Regular
2416809,2,BTCH101-23,B+,Regular
2416809,2,BTCH102-18,A+,Regular
2416809,2,BTHU101-18,A,Regular
2416809,2,BTHU102-18,A,Regular
2416809,2,BTMP101-18,A,Regular
2416809,2,BTPS101-18,A,Regular
2416809,2,BTPS102-18,A+,Regular
2416809,3,BTAM-302-23,B+,Regular
2416809,3,BTCS301-18,A,Regular
2416809,3,BTCS302-18,B+,Regular
2416809,3,BTCS303-18,A,Regular
2416809,3,BTCS304-18,A+,Regular
2416809,3,BTCS305-18,B+,Regular
2416809,3,BTES301-18,B+,Regular
2416809,3,BTES302-18,A+,Regular
2416809,3,HSMC10 1/102-18,A,Regular
2416809,3,SIT,S,Regular
2416809,4,BTCS-401-18,B,Regular
2416809,4,BTCS-402-18,A,Regular
2416809,4,BTCS-403-18,A,Regular
2416809,4,BTCS-404-18,A,Regular
2416809,4,BTCS-405-18,A,Regular
2416809,4,BTES-401-18,A,Regular
2416809,4,BTES-402-18,B,Regular
2416809,4,EVS 101-18,A+,Regular
2416809,4,HSMC-122-18,A,Regular
2416810,1,BMPD-101-18,S,Regular
2416810,1,BTAM101-23,B+,Regular
2416810,1,BTEE101-18,B+,Regular
2416810,1,BTEE102-18,O,Regular
2416810,1,BTME101-21,A,Regular
2416810,1,BTPH101-23,B,Regular
2416810,1,BTPH102-23,O,Regular
2416810,2,BMPD201-18,S,Regular
2416810,2,BTAM201-23,B+,Regular
2416810,2,BTCH101-23,A,Regular
2416810,2,BTCH102-18,O,Regular
2416810,2,BTHU101-18,A+,Regular
2416810,2,BTHU102-18,O,Regular
2416810,2,BTMP101-18,A,Regular
2416810,2,BTPS101-18,A,Regular
2416810,2,BTPS102-18,O,Regular
2416810,3,BTAM-302-23,A,Regular
2416810,3,BTCS301-18,A+,Regular
2416810,3,BTCS302-18,B+,Regular
2416810,3,BTCS303-18,A+,Regular
2416810,3,BTCS304-18,A+,Regular
2416810,3,BTCS305-18,A,Regular
2416810,3,BTES301-18,B+,Regular
2416810,3,BTES302-18,A,Regular
2416810,3,HSMC10 1/102-18,A,Regular
2416810,3,SIT,S,Regular
2416810,4,BTCS-401-18,A+,Regular
2416810,4,BTCS-402-18,A+,Regular
2416810,4,BTCS-403-18,A+,Regular
2416810,4,BTCS-404-18,B,Regular
2416810,4,BTCS-405-18,B,Regular
2416810,4,BTES-401-18,A,Regular
2416810,4,BTES-402-18,A,Regular
2416810,4,EVS 101-18,O,Regular
2416810,4,HSMC-122-18,A,Regular
2416811,2,BMPD201-18,S,Regular
2416811,2,BTAM201-23,B,Regular
2416811,2,BTCH101-23,B,Regular
2416811,2,BTCH102-18,A+,Regular
2416811,2,BTHU101-18,A,Regular
2416811,2,BTHU102-18,B+,Regular
2416811,2,BTMP101-18,B+,Regular
2416811,2,BTPS101-18,F(Ext),Regular
2416811,2,BTPS102-18,A,Regular
2416811,3,BTAM-302-23,B,Regular
2416811,3,BTCS301-18,F(Ext),Regular
2416811,3,BTCS302-18,F(Ext),Regular
2416811,3,BTCS303-18,A,Regular
2416811,3,BTCS304-18,A,Regular
2416811,3,BTCS305-18,C,Regular
2416811,3,BTES301-18,C,Regular
2416811,3,BTES302-18,A,Regular
2416811,3,HSMC10 1/102-18,B,Regular
2416811,3,SIT,S,Regular
2416811,4,BTCS-401-18,P,Regular
2416811,4,BTCS-402-18,B,Regular
2416811,4,BTCS-403-18,B,Regular
2416811,4,BTCS-404-18,A,Regular
2416811,4,BTCS-405-18,A,Regular
2416811,4,BTES-401-18,B,Regular
2416811,4,BTES-402-18,P,Regular
2416811,4,EVS 101-18,B+,Regular
2416811,4,HSMC-122-18,B,Regular
2416812,1,BMPD-101-18,S,Reappear
2416812,1,BTAM101-23,B,Reappear
2416812,1,BTEE101-18,B,Reappear
2416812,1,BTEE102-18,A+,Reappear
2416812,1,BTME101-21,A,Reappear
2416812,1,BTPH101-23,B,Reappear
2416812,1,BTPH102-23,A+,Reappear
2416812,2,BMPD201-18,S,Reappear
2416812,2,BTAM201-23,F(Ext),Reappear
2416812,2,BTCH101-23,B,Reappear
2416812,2,BTCH102-18,A+,Reappear
2416812,2,BTHU101-18,A,Reappear
2416812,2,BTHU102-18,A+,Reappear
2416812,2,BTMP101-18,B+,Reappear
2416812,2,BTPS101-18,B,Reappear
2416812,2,BTPS102-18,A+,Reappear
2416812,3,BTAM-302-23,F(Ext),Regular
2416812,3,BTCS301-18,F(Ext),Regular
2416812,3,BTCS302-18,F(Ext),Regular
2416812,3,BTCS303-18,A,Regular
2416812,3,BTCS304-18,B+,Regular
2416812,3,BTCS305-18,A,Regular
2416812,3,BTES301-18,B,Regular
2416812,3,BTES302-18,A,Regular
2416812,3,HSMC10 1/102-18,C,Regular
2416812,3,SIT,S,Regular
2416812,4,BTCS-401-18,F(Ext),Regular
2416812,4,BTCS-402-18,C,Regular
2416812,4,BTCS-403-18,F(Ext),Regular
2416812,4,BTCS-404-18,A,Regular
2416812,4,BTCS-405-18,B+,Regular
2416812,4,BTES-401-18,C,Regular
2416812,4,BTES-402-18,P,Regular
2416812,4,EVS 101-18,A,Regular
2416812,4,HSMC-122-18,F(Ext),Regular
2416813,1,BMPD-101-18,S,Reappear
2416813,1,BTAM101-23,F(Ext),Reappear
2416813,1,BTEE101-18,B+,Reappear
2416813,1,BTEE102-18,A+,Reappear
2416813,1,BTME101-21,B+,Reappear
2416813,1,BTPH101-23,B,Reappear
2416813,1,BTPH102-23,A+,Reappear
2416813,2,BMPD201-18,S,Regular
2416813,2,BTAM201-23,C,Regular
2416813,2,BTCH101-23,C,Regular
2416813,2,BTCH102-18,A+,Regular
2416813,2,BTHU101-18,A,Regular
2416813,2,BTHU102-18,B+,Regular
2416813,2,BTMP101-18,B,Regular
2416813,2,BTPS101-18,C,Regular
2416813,2,BTPS102-18,A,Regular
2416813,3,BTAM-302-23,B,Regular
2416813,3,BTCS301-18,B+,Regular
2416813,3,BTCS302-18,F(Ext),Regular
2416813,3,BTCS303-18,B,Regular
2416813,3,BTCS304-18,B,Regular
2416813,3,BTCS305-18,P,Regular
2416813,3,BTES301-18,C,Regular
2416813,3,BTES302-18,B+,Regular
2416813,3,HSMC10 1/102-18,B,Regular
2416813,3,SIT,S,Regular
2416813,4,BTCS-401-18,B,Regular
2416813,4,BTCS-402-18,B,Regular
2416813,4,BTCS-403-18,B,Regular
2416813,4,BTCS-404-18,P,Regular
2416813,4,BTCS-405-18,B+,Regular
2416813,4,BTES-401-18,B,Regular
2416813,4,BTES-402-18,P,Regular
2416813,4,EVS 101-18,P,Regular
2416813,4,HSMC-122-18,P,Regular
2416814,1,BMPD-101-18,S,Reappear
2416814,1,BTAM101-23,C,Reappear
2416814,1,BTEE101-18,B,Reappear
2416814,1,BTEE102-18,A,Reappear
2416814,1,BTME101-21,B+,Reappear
2416814,1,BTPH101-23,P,Reappear
2416814,1,BTPH102-23,A,Reappear
2416814,2,BMPD201-18,S,Reappear
2416814,2,BTAM201-23,C,Reappear
2416814,2,BTCH101-23,B+,Reappear
2416814,2,BTCH102-18,A+,Reappear
2416814,2,BTHU101-18,A,Reappear
2416814,2,BTHU102-18,A,Reappear
2416814,2,BTMP101-18,A+,Reappear
2416814,2,BTPS101-18,B,Reappear
2416814,2,BTPS102-18,A,Reappear
2416814,3,BTAM-302-23,B,Regular
2416814,3,BTCS301-18,A,Regular
2416814,3,BTCS302-18,F(Ext),Regular
2416814,3,BTCS303-18,B+,Regular
2416814,3,BTCS304-18,B+,Regular
2416814,3,BTCS305-18,A,Regular
2416814,3,BTES301-18,P,Regular
2416814,3,BTES302-18,B+,Regular
2416814,3,HSMC10 1/102-18,B+,Regular
2416814,3,SIT,S,Regular
2416814,4,BTCS-401-18,B+,Regular
2416814,4,BTCS-402-18,B+,Regular
2416814,4,BTCS-403-18,A,Regular
2416814,4,BTCS-404-18,A,Regular
2416814,4,BTCS-405-18,B+,Regular
2416814,4,BTES-401-18,B+,Regular
2416814,4,BTES-402-18,B,Regular
2416814,4,EVS 101-18,A+,Regular
2416814,4,HSMC-122-18,B+,Regular
2416815,1,BMPD-101-18,S,Regular
2416815,1,BTAM101-23,A,Regular
2416815,1,BTEE101-18,B+,Regular
2416815,1,BTEE102-18,O,Regular
2416815,1,BTME101-21,O,Regular
2416815,1,BTPH101-23,B+,Regular
2416815,1,BTPH102-23,O,Regular
2416815,2,BMPD201-18,S,Regular
2416815,2,BTAM201-23,A,Regular
2416815,2,BTCH101-23,B+,Regular
2416815,2,BTCH102-18,A+,Regular
2416815,2,BTHU101-18,A+,Regular
2416815,2,BTHU102-18,A+,Regular
2416815,2,BTMP101-18,O,Regular
2416815,2,BTPS101-18,A,Regular
2416815,2,BTPS102-18,O,Regular
2416815,3,BTAM-302-23,B+,Regular
2416815,3,BTCS301-18,A+,Regular
2416815,3,BTCS302-18,A,Regular
2416815,3,BTCS303-18,O,Regular
2416815,3,BTCS304-18,A+,Regular
2416815,3,BTCS305-18,A+,Regular
2416815,3,BTES301-18,A,Regular
2416815,3,BTES302-18,A+,Regular
2416815,3,HSMC10 1/102-18,A+,Regular
2416815,3,SIT,S,Regular
2416815,4,BTCS-401-18,A+,Regular
2416815,4,BTCS-402-18,A+,Regular
2416815,4,BTCS-403-18,A+,Regular
2416815,4,BTCS-404-18,O,Regular
2416815,4,BTCS-405-18,A,Regular
2416815,4,BTES-401-18,A,Regular
2416815,4,BTES-402-18,O,Regular
2416815,4,EVS 101-18,A+,Regular
2416815,4,HSMC-122-18,A,Regular
2416976,4,BTCS-401-18,A+,Regular
2416976,4,BTCS-402-18,A+,Regular
2416976,4,BTCS-403-18,A+,Regular
2416976,4,BTCS-404-18,O,Regular
2416976,4,BTCS-405-18,O,Regular
2416976,4,BTES-401-18,A+,Regular
2416976,4,BTES-402-18,A+,Regular
2416976,4,EVS 101-18,O,Regular
2416976,4,HSMC-122-18,A,Regular
2416980,4,BTCS-401-18,B+,Regular
2416980,4,BTCS-402-18,A+,Regular
2416980,4,BTCS-403-18,A+,Regular
2416980,4,BTCS-404-18,A+,Regular
2416980,4,BTCS-405-18,A+,Regular
2416980,4,BTES-401-18,A,Regular
2416980,4,BTES-402-18,B+,Regular
2416980,4,EVS 101-18,O,Regular
2416980,4,HSMC-122-18,A,Regular
2416981,4,BTCS-401-18,A+,Regular
2416981,4,BTCS-402-18,A+,Regular
2416981,4,BTCS-403-18,A+,Regular
2416981,4,BTCS-404-18,O,Regular
2416981,4,BTCS-405-18,O,Regular
2416981,4,BTES-401-18,O,Regular
2416981,4,BTES-402-18,A+,Regular
2416981,4,EVS 101-18,O,Regular
2416981,4,HSMC-122-18,A+,Regular
2416985,4,BTCS-401-18,F(Int)/Ab (Ext),Regular
2416985,4,BTCS-402-18,F(Int)/Ab (Ext),Regular
2416985,4,BTCS-403-18,F(Int)/Ab (Ext),Regular
2416985,4,BTCS-404-18,F(Int)/Ab (Ext),Regular
2416985,4,BTCS-405-18,F(Int)/Ab (Ext),Regular
2416985,4,BTES-401-18,F(Int)/Ab (Ext),Regular
2416985,4,BTES-402-18,Ab(Ext),Regular
2416985,4,EVS 101-18,F(Int),Regular
2416985,4,HSMC-122-18,F(Int)/Ab (Ext),Regular
2459765,1,BMPD-101-18,S,Regular
2459765,1,BTAM101-23,F(Ext),Regular
2459765,1,BTEE101-18,F(Ext),Regular
2459765,1,BTEE102-18,A+,Regular
2459765,1,BTME101-21,C,Regular
2459765,1,BTPH101-23,F(Ext),Regular
2459765,1,BTPH102-23,A,Regular
2459765,2,BMPD201-18,S,Regular
2459765,2,BTAM201-23,F(Ext),Regular
2459765,2,BTCH101-23,F(Ext),Regular
2459765,2,BTCH102-18,A+,Regular
2459765,2,BTHU101-18,B,Regular
2459765,2,BTHU102-18,B+,Regular
2459765,2,BTMP101-18,B+,Regular
2459765,2,BTPS101-18,F(Ext/Int),Regular
2459765,2,BTPS102-18,B+,Regular
2459766,1,BMPD-101-18,S,Regular
2459766,1,BTAM101-23,A,Regular
2459766,1,BTEE101-18,A,Regular
2459766,1,BTEE102-18,O,Regular
2459766,1,BTME101-21,A,Regular
2459766,1,BTPH101-23,B+,Regular
2459766,1,BTPH102-23,A+,Regular
2459766,2,BMPD201-18,S,Regular
2459766,2,BTAM201-23,C,Regular
2459766,2,BTCH101-23,A,Regular
2459766,2,BTCH102-18,O,Regular
2459766,2,BTHU101-18,A,Regular
2459766,2,BTHU102-18,A+,Regular
2459766,2,BTMP101-18,A+,Regular
2459766,2,BTPS101-18,A,Regular
2459766,2,BTPS102-18,A+,Regular
2459766,3,BTAM-302-23,B+,Regular
2459766,3,BTCS301-18,A,Regular
2459766,3,BTCS302-18,A,Regular
2459766,3,BTCS303-18,A+,Regular
2459766,3,BTCS304-18,P,Regular
2459766,3,BTCS305-18,A,Regular
2459766,3,BTES301-18,A,Regular
2459766,3,BTES302-18,P,Regular
2459766,3,HSMC10 1/102-18,B+,Regular
2459766,3,SIT,S,Regular
2459766,4,BTCS-401-18,B,Regular
2459766,4,BTCS-402-18,A+,Regular
2459766,4,BTCS-403-18,A,Regular
2459766,4,BTCS-404-18,A+,Regular
2459766,4,BTCS-405-18,A,Regular
2459766,4,BTES-401-18,A,Regular
2459766,4,BTES-402-18,B+,Regular
2459766,4,EVS 101-18,O,Regular
2459766,4,HSMC-122-18,B+,Regular
2459767,2,BMPD201-18,S,Regular
2459767,2,BTAM201-23,B,Regular
2459767,2,BTCH101-23,B,Regular
2459767,2,BTCH102-18,A+,Regular
2459767,2,BTHU101-18,A+,Regular
2459767,2,BTHU102-18,A,Regular
2459767,2,BTMP101-18,B+,Regular
2459767,2,BTPS101-18,B,Regular
2459767,2,BTPS102-18,A,Regular
2459767,3,BTAM-302-23,B,Regular
2459767,3,BTCS301-18,B,Regular
2459767,3,BTCS302-18,A,Regular
2459767,3,BTCS303-18,A,Regular
2459767,3,BTCS304-18,A,Regular
2459767,3,BTCS305-18,A,Regular
2459767,3,BTES301-18,B,Regular
2459767,3,BTES302-18,A,Regular
2459767,3,HSMC10 1/102-18,B+,Regular
2459767,3,SIT,S,Regular
